[2026-07-19 19:47:05] Starting research iteration for XAUUSD on H1...
[2026-07-19 19:47:05] MT5 Connected
[2026-07-19 19:47:05] Symbol: XAUUSD
[2026-07-19 19:47:05] Timeframe: H1
[2026-07-19 19:47:05] Candles Received: 10
[2026-07-19 19:47:05] Features Generated: true
[2026-07-19 19:47:05] Research Completed: true
[2026-07-19 19:47:05] Research cycle completed successfully. Result ID: rpt-XAUUSD-2af16808
[2026-07-29 05:33:46] Starting research iteration for XAUUSD on H1...
[2026-07-29 05:33:46] MT5 Connected
[2026-07-29 05:33:46] Symbol: XAUUSD
[2026-07-29 05:33:46] Timeframe: H1
[2026-07-29 05:33:46] Candles Received: 10
[2026-07-29 05:33:46] Features Generated: true
[2026-07-29 05:33:46] Research Completed: true
[2026-07-29 05:33:46] Research cycle completed successfully. Result ID: rpt-XAUUSD-ad9c9b36
[2026-07-29 05:33:55] Starting research iteration for XAUUSD on H1...
[2026-07-29 05:33:55] MT5 Connected
[2026-07-29 05:33:55] Symbol: XAUUSD
[2026-07-29 05:33:55] Timeframe: H1
[2026-07-29 05:33:55] Candles Received: 10
[2026-07-29 05:33:55] Features Generated: true
[2026-07-29 05:33:55] Research Completed: true
[2026-07-29 05:33:55] Research cycle completed successfully. Result ID: rpt-XAUUSD-7a73f551
[2026-07-29 05:34:00] Starting research iteration for XAUUSD on H1...
[2026-07-29 05:34:00] MT5 Connected
[2026-07-29 05:34:00] Symbol: XAUUSD
[2026-07-29 05:34:00] Timeframe: H1
[2026-07-29 05:34:00] Candles Received: 10
[2026-07-29 05:34:00] Features Generated: true
[2026-07-29 05:34:00] Research Completed: true
[2026-07-29 05:34:00] Research cycle completed successfully. Result ID: rpt-XAUUSD-74385328
[2026-07-29 05:34:01] Starting research iteration for XAUUSD on H1...
[2026-07-29 05:34:01] MT5 Connected
[2026-07-29 05:34:01] Symbol: XAUUSD
[2026-07-29 05:34:01] Timeframe: H1
[2026-07-29 05:34:01] Candles Received: 10
[2026-07-29 05:34:01] Features Generated: true
[2026-07-29 05:34:01] Research Completed: true
[2026-07-29 05:34:01] Research cycle completed successfully. Result ID: rpt-XAUUSD-37d1a9d4
[2026-07-29 05:34:07] Starting research iteration for XAUUSD on H1...
[2026-07-29 05:34:07] MT5 Connected
[2026-07-29 05:34:07] Symbol: XAUUSD
[2026-07-29 05:34:07] Timeframe: H1
[2026-07-29 05:34:07] Candles Received: 10
[2026-07-29 05:34:07] Features Generated: true
[2026-07-29 05:34:07] Research Completed: true
[2026-07-29 05:34:07] Research cycle completed successfully. Result ID: rpt-XAUUSD-2dff1b0d
[2026-07-29 05:34:10] Starting research iteration for XAUUSD on H1...
[2026-07-29 05:34:10] MT5 Connected
[2026-07-29 05:34:10] Symbol: XAUUSD
[2026-07-29 05:34:10] Timeframe: H1
[2026-07-29 05:34:10] Candles Received: 10
[2026-07-29 05:34:10] Features Generated: true
[2026-07-29 05:34:10] Research Completed: true
[2026-07-29 05:34:10] Research cycle completed successfully. Result ID: rpt-XAUUSD-a55b8402
[2026-07-29 05:34:15] Starting research iteration for XAUUSD on H1...
[2026-07-29 05:34:15] MT5 Connected
[2026-07-29 05:34:15] Symbol: XAUUSD
[2026-07-29 05:34:15] Timeframe: H1
[2026-07-29 05:34:15] Candles Received: 10
[2026-07-29 05:34:15] Features Generated: true
[2026-07-29 05:34:15] Research Completed: true
[2026-07-29 05:34:15] Research cycle completed successfully. Result ID: rpt-XAUUSD-0696691b
[2026-07-29 05:34:16] Starting research iteration for XAUUSD on H1...
[2026-07-29 05:34:16] MT5 Connected
[2026-07-29 05:34:16] Symbol: XAUUSD
[2026-07-29 05:34:16] Timeframe: H1
[2026-07-29 05:34:16] Candles Received: 10
[2026-07-29 05:34:16] Features Generated: true
[2026-07-29 05:34:16] Research Completed: true
[2026-07-29 05:34:16] Research cycle completed successfully. Result ID: rpt-XAUUSD-423a7a26
[2026-07-29 05:34:16] Starting research iteration for XAUUSD on H1...
[2026-07-29 05:34:16] MT5 Connected
[2026-07-29 05:34:16] Symbol: XAUUSD
[2026-07-29 05:34:16] Timeframe: H1
[2026-07-29 05:34:16] Candles Received: 10
[2026-07-29 05:34:16] Features Generated: true
[2026-07-29 05:34:16] Research Completed: true
[2026-07-29 05:34:16] Research cycle completed successfully. Result ID: rpt-XAUUSD-9ed1a245
[2026-07-29 05:34:22] Starting research iteration for XAUUSD on H1...
[2026-07-29 05:34:22] MT5 Connected
[2026-07-29 05:34:22] Symbol: XAUUSD
[2026-07-29 05:34:22] Timeframe: H1
[2026-07-29 05:34:22] Candles Received: 10
[2026-07-29 05:34:22] Features Generated: true
[2026-07-29 05:34:22] Research Completed: true
[2026-07-29 05:34:22] Research cycle completed successfully. Result ID: rpt-XAUUSD-a321319e
[2026-07-29 05:34:25] Starting research iteration for XAUUSD on H1...
[2026-07-29 05:34:25] MT5 Connected
[2026-07-29 05:34:25] Symbol: XAUUSD
[2026-07-29 05:34:25] Timeframe: H1
[2026-07-29 05:34:25] Candles Received: 10
[2026-07-29 05:34:25] Features Generated: true
[2026-07-29 05:34:25] Research Completed: true
[2026-07-29 05:34:25] Research cycle completed successfully. Result ID: rpt-XAUUSD-f651096b
[2026-07-29 05:34:25] Starting research iteration for XAUUSD on H1...
[2026-07-29 05:34:25] MT5 Connected
[2026-07-29 05:34:25] Symbol: XAUUSD
[2026-07-29 05:34:25] Timeframe: H1
[2026-07-29 05:34:25] Candles Received: 10
[2026-07-29 05:34:25] Features Generated: true
[2026-07-29 05:34:25] Research Completed: true
[2026-07-29 05:34:25] Research cycle completed successfully. Result ID: rpt-XAUUSD-e961371c
[2026-07-29 05:34:30] Starting research iteration for XAUUSD on H1...
[2026-07-29 05:34:30] MT5 Connected
[2026-07-29 05:34:30] Symbol: XAUUSD
[2026-07-29 05:34:30] Timeframe: H1
[2026-07-29 05:34:30] Candles Received: 10
[2026-07-29 05:34:30] Features Generated: true
[2026-07-29 05:34:30] Research Completed: true
[2026-07-29 05:34:30] Research cycle completed successfully. Result ID: rpt-XAUUSD-f384ed28
[2026-07-29 05:34:31] Starting research iteration for XAUUSD on H1...
[2026-07-29 05:34:31] MT5 Connected
[2026-07-29 05:34:31] Symbol: XAUUSD
[2026-07-29 05:34:31] Timeframe: H1
[2026-07-29 05:34:31] Candles Received: 10
[2026-07-29 05:34:31] Features Generated: true
[2026-07-29 05:34:31] Research Completed: true
[2026-07-29 05:34:31] Research cycle completed successfully. Result ID: rpt-XAUUSD-f3f83dab
[2026-07-29 05:34:31] Starting research iteration for XAUUSD on H1...
[2026-07-29 05:34:31] MT5 Connected
[2026-07-29 05:34:31] Symbol: XAUUSD
[2026-07-29 05:34:31] Timeframe: H1
[2026-07-29 05:34:31] Candles Received: 10
[2026-07-29 05:34:31] Features Generated: true
[2026-07-29 05:34:31] Research Completed: true
[2026-07-29 05:34:31] Research cycle completed successfully. Result ID: rpt-XAUUSD-bf1cd43c
[2026-07-29 05:34:33] Starting research iteration for XAUUSD on H1...
[2026-07-29 05:34:33] MT5 Connected
[2026-07-29 05:34:33] Symbol: XAUUSD
[2026-07-29 05:34:33] Timeframe: H1
[2026-07-29 05:34:33] Candles Received: 10
[2026-07-29 05:34:33] Features Generated: true
[2026-07-29 05:34:33] Research Completed: true
[2026-07-29 05:34:33] Research cycle completed successfully. Result ID: rpt-XAUUSD-c06b2850
[2026-07-29 05:34:37] Starting research iteration for XAUUSD on H1...
[2026-07-29 05:34:37] MT5 Connected
[2026-07-29 05:34:37] Symbol: XAUUSD
[2026-07-29 05:34:37] Timeframe: H1
[2026-07-29 05:34:37] Candles Received: 10
[2026-07-29 05:34:37] Features Generated: true
[2026-07-29 05:34:37] Research Completed: true
[2026-07-29 05:34:37] Research cycle completed successfully. Result ID: rpt-XAUUSD-babd47c4
[2026-07-29 05:34:37] Starting research iteration for XAUUSD on H1...
[2026-07-29 05:34:37] MT5 Connected
[2026-07-29 05:34:37] Symbol: XAUUSD
[2026-07-29 05:34:37] Timeframe: H1
[2026-07-29 05:34:37] Candles Received: 10
[2026-07-29 05:34:37] Features Generated: true
[2026-07-29 05:34:37] Research Completed: true
[2026-07-29 05:34:37] Research cycle completed successfully. Result ID: rpt-XAUUSD-0af2e251
[2026-07-29 05:34:40] Starting research iteration for XAUUSD on H1...
[2026-07-29 05:34:40] MT5 Connected
[2026-07-29 05:34:40] Symbol: XAUUSD
[2026-07-29 05:34:40] Timeframe: H1
[2026-07-29 05:34:40] Candles Received: 10
[2026-07-29 05:34:40] Features Generated: true
[2026-07-29 05:34:40] Research Completed: true
[2026-07-29 05:34:40] Research cycle completed successfully. Result ID: rpt-XAUUSD-2c60dfa2
[2026-07-29 05:34:40] Starting research iteration for XAUUSD on H1...
[2026-07-29 05:34:40] MT5 Connected
[2026-07-29 05:34:40] Symbol: XAUUSD
[2026-07-29 05:34:40] Timeframe: H1
[2026-07-29 05:34:40] Candles Received: 10
[2026-07-29 05:34:40] Features Generated: true
[2026-07-29 05:34:40] Research Completed: true
[2026-07-29 05:34:40] Research cycle completed successfully. Result ID: rpt-XAUUSD-8596aed0
[2026-07-29 05:34:44] Starting research iteration for XAUUSD on H1...
[2026-07-29 05:34:44] MT5 Connected
[2026-07-29 05:34:44] Symbol: XAUUSD
[2026-07-29 05:34:44] Timeframe: H1
[2026-07-29 05:34:44] Candles Received: 10
[2026-07-29 05:34:44] Features Generated: true
[2026-07-29 05:34:44] Research Completed: true
[2026-07-29 05:34:44] Research cycle completed successfully. Result ID: rpt-XAUUSD-b21158d0
[2026-07-29 05:34:45] Starting research iteration for XAUUSD on H1...
[2026-07-29 05:34:45] MT5 Connected
[2026-07-29 05:34:45] Symbol: XAUUSD
[2026-07-29 05:34:45] Timeframe: H1
[2026-07-29 05:34:45] Candles Received: 10
[2026-07-29 05:34:45] Features Generated: true
[2026-07-29 05:34:45] Research Completed: true
[2026-07-29 05:34:45] Research cycle completed successfully. Result ID: rpt-XAUUSD-d6b79471
[2026-07-29 05:34:46] Starting research iteration for XAUUSD on H1...
[2026-07-29 05:34:46] MT5 Connected
[2026-07-29 05:34:46] Symbol: XAUUSD
[2026-07-29 05:34:46] Timeframe: H1
[2026-07-29 05:34:46] Candles Received: 10
[2026-07-29 05:34:46] Features Generated: true
[2026-07-29 05:34:46] Research Completed: true
[2026-07-29 05:34:46] Research cycle completed successfully. Result ID: rpt-XAUUSD-3c80777b
[2026-07-29 05:34:46] Starting research iteration for XAUUSD on H1...
[2026-07-29 05:34:46] MT5 Connected
[2026-07-29 05:34:46] Symbol: XAUUSD
[2026-07-29 05:34:46] Timeframe: H1
[2026-07-29 05:34:46] Candles Received: 10
[2026-07-29 05:34:46] Features Generated: true
[2026-07-29 05:34:46] Research Completed: true
[2026-07-29 05:34:46] Research cycle completed successfully. Result ID: rpt-XAUUSD-331a708e
[2026-07-29 05:34:48] Starting research iteration for XAUUSD on H1...
[2026-07-29 05:34:48] MT5 Connected
[2026-07-29 05:34:48] Symbol: XAUUSD
[2026-07-29 05:34:48] Timeframe: H1
[2026-07-29 05:34:48] Candles Received: 10
[2026-07-29 05:34:48] Features Generated: true
[2026-07-29 05:34:48] Research Completed: true
[2026-07-29 05:34:48] Research cycle completed successfully. Result ID: rpt-XAUUSD-fee47356
[2026-07-29 05:34:51] Starting research iteration for XAUUSD on H1...
[2026-07-29 05:34:51] MT5 Connected
[2026-07-29 05:34:51] Symbol: XAUUSD
[2026-07-29 05:34:51] Timeframe: H1
[2026-07-29 05:34:51] Candles Received: 10
[2026-07-29 05:34:51] Features Generated: true
[2026-07-29 05:34:51] Research Completed: true
[2026-07-29 05:34:51] Research cycle completed successfully. Result ID: rpt-XAUUSD-c5cc4313
[2026-07-29 05:34:52] Starting research iteration for XAUUSD on H1...
[2026-07-29 05:34:52] MT5 Connected
[2026-07-29 05:34:52] Symbol: XAUUSD
[2026-07-29 05:34:52] Timeframe: H1
[2026-07-29 05:34:52] Candles Received: 10
[2026-07-29 05:34:52] Features Generated: true
[2026-07-29 05:34:52] Research Completed: true
[2026-07-29 05:34:52] Research cycle completed successfully. Result ID: rpt-XAUUSD-8fcfa114
[2026-07-29 05:34:52] Starting research iteration for XAUUSD on H1...
[2026-07-29 05:34:52] MT5 Connected
[2026-07-29 05:34:52] Symbol: XAUUSD
[2026-07-29 05:34:52] Timeframe: H1
[2026-07-29 05:34:52] Candles Received: 10
[2026-07-29 05:34:52] Features Generated: true
[2026-07-29 05:34:52] Research Completed: true
[2026-07-29 05:34:52] Research cycle completed successfully. Result ID: rpt-XAUUSD-bf0e685a
[2026-07-29 05:34:55] Starting research iteration for XAUUSD on H1...
[2026-07-29 05:34:55] MT5 Connected
[2026-07-29 05:34:55] Symbol: XAUUSD
[2026-07-29 05:34:55] Timeframe: H1
[2026-07-29 05:34:55] Candles Received: 10
[2026-07-29 05:34:55] Features Generated: true
[2026-07-29 05:34:55] Research Completed: true
[2026-07-29 05:34:55] Research cycle completed successfully. Result ID: rpt-XAUUSD-11aac68e
[2026-07-29 05:34:55] Starting research iteration for XAUUSD on H1...
[2026-07-29 05:34:55] MT5 Connected
[2026-07-29 05:34:55] Symbol: XAUUSD
[2026-07-29 05:34:55] Timeframe: H1
[2026-07-29 05:34:55] Candles Received: 10
[2026-07-29 05:34:55] Features Generated: true
[2026-07-29 05:34:55] Research Completed: true
[2026-07-29 05:34:55] Research cycle completed successfully. Result ID: rpt-XAUUSD-d7290827
[2026-07-29 05:34:59] Starting research iteration for XAUUSD on H1...
[2026-07-29 05:34:59] MT5 Connected
[2026-07-29 05:34:59] Symbol: XAUUSD
[2026-07-29 05:34:59] Timeframe: H1
[2026-07-29 05:34:59] Candles Received: 10
[2026-07-29 05:34:59] Features Generated: true
[2026-07-29 05:34:59] Research Completed: true
[2026-07-29 05:34:59] Research cycle completed successfully. Result ID: rpt-XAUUSD-674ee08a
[2026-07-29 05:35:00] Starting research iteration for XAUUSD on H1...
[2026-07-29 05:35:00] MT5 Connected
[2026-07-29 05:35:00] Symbol: XAUUSD
[2026-07-29 05:35:00] Timeframe: H1
[2026-07-29 05:35:00] Candles Received: 10
[2026-07-29 05:35:00] Features Generated: true
[2026-07-29 05:35:00] Research Completed: true
[2026-07-29 05:35:00] Research cycle completed successfully. Result ID: rpt-XAUUSD-65712150
[2026-07-29 05:35:01] Starting research iteration for XAUUSD on H1...
[2026-07-29 05:35:01] MT5 Connected
[2026-07-29 05:35:01] Symbol: XAUUSD
[2026-07-29 05:35:01] Timeframe: H1
[2026-07-29 05:35:01] Candles Received: 10
[2026-07-29 05:35:01] Features Generated: true
[2026-07-29 05:35:01] Research Completed: true
[2026-07-29 05:35:01] Research cycle completed successfully. Result ID: rpt-XAUUSD-7ced8bf1
[2026-07-29 05:35:01] Starting research iteration for XAUUSD on H1...
[2026-07-29 05:35:01] MT5 Connected
[2026-07-29 05:35:01] Symbol: XAUUSD
[2026-07-29 05:35:01] Timeframe: H1
[2026-07-29 05:35:01] Candles Received: 10
[2026-07-29 05:35:01] Features Generated: true
[2026-07-29 05:35:01] Research Completed: true
[2026-07-29 05:35:01] Research cycle completed successfully. Result ID: rpt-XAUUSD-6cf07e32
[2026-07-29 05:35:02] Starting research iteration for XAUUSD on H1...
[2026-07-29 05:35:02] MT5 Connected
[2026-07-29 05:35:02] Symbol: XAUUSD
[2026-07-29 05:35:02] Timeframe: H1
[2026-07-29 05:35:02] Candles Received: 10
[2026-07-29 05:35:02] Features Generated: true
[2026-07-29 05:35:02] Research Completed: true
[2026-07-29 05:35:02] Research cycle completed successfully. Result ID: rpt-XAUUSD-a6d90dc7
[2026-07-29 05:35:03] Starting research iteration for XAUUSD on H1...
[2026-07-29 05:35:03] MT5 Connected
[2026-07-29 05:35:03] Symbol: XAUUSD
[2026-07-29 05:35:03] Timeframe: H1
[2026-07-29 05:35:03] Candles Received: 10
[2026-07-29 05:35:03] Features Generated: true
[2026-07-29 05:35:03] Research Completed: true
[2026-07-29 05:35:03] Research cycle completed successfully. Result ID: rpt-XAUUSD-8252161a
[2026-07-29 05:35:06] Starting research iteration for XAUUSD on H1...
[2026-07-29 05:35:06] MT5 Connected
[2026-07-29 05:35:06] Symbol: XAUUSD
[2026-07-29 05:35:06] Timeframe: H1
[2026-07-29 05:35:06] Candles Received: 10
[2026-07-29 05:35:06] Features Generated: true
[2026-07-29 05:35:06] Research Completed: true
[2026-07-29 05:35:06] Research cycle completed successfully. Result ID: rpt-XAUUSD-8047a72e
[2026-07-29 05:35:07] Starting research iteration for XAUUSD on H1...
[2026-07-29 05:35:07] MT5 Connected
[2026-07-29 05:35:07] Symbol: XAUUSD
[2026-07-29 05:35:07] Timeframe: H1
[2026-07-29 05:35:07] Candles Received: 10
[2026-07-29 05:35:07] Features Generated: true
[2026-07-29 05:35:07] Research Completed: true
[2026-07-29 05:35:07] Research cycle completed successfully. Result ID: rpt-XAUUSD-0dd4e763
[2026-07-29 05:35:07] Starting research iteration for XAUUSD on H1...
[2026-07-29 05:35:07] MT5 Connected
[2026-07-29 05:35:07] Symbol: XAUUSD
[2026-07-29 05:35:07] Timeframe: H1
[2026-07-29 05:35:07] Candles Received: 10
[2026-07-29 05:35:07] Features Generated: true
[2026-07-29 05:35:07] Research Completed: true
[2026-07-29 05:35:07] Research cycle completed successfully. Result ID: rpt-XAUUSD-ec9e3907
[2026-07-29 05:35:10] Starting research iteration for XAUUSD on H1...
[2026-07-29 05:35:10] MT5 Connected
[2026-07-29 05:35:10] Symbol: XAUUSD
[2026-07-29 05:35:10] Timeframe: H1
[2026-07-29 05:35:10] Candles Received: 10
[2026-07-29 05:35:10] Features Generated: true
[2026-07-29 05:35:10] Research Completed: true
[2026-07-29 05:35:10] Research cycle completed successfully. Result ID: rpt-XAUUSD-f1b11715
[2026-07-29 05:35:10] Starting research iteration for XAUUSD on H1...
[2026-07-29 05:35:10] MT5 Connected
[2026-07-29 05:35:10] Symbol: XAUUSD
[2026-07-29 05:35:10] Timeframe: H1
[2026-07-29 05:35:10] Candles Received: 10
[2026-07-29 05:35:10] Features Generated: true
[2026-07-29 05:35:10] Research Completed: true
[2026-07-29 05:35:10] Research cycle completed successfully. Result ID: rpt-XAUUSD-1a03fb1b
[2026-07-29 05:35:11] Starting research iteration for XAUUSD on H1...
[2026-07-29 05:35:11] MT5 Connected
[2026-07-29 05:35:11] Symbol: XAUUSD
[2026-07-29 05:35:11] Timeframe: H1
[2026-07-29 05:35:11] Candles Received: 10
[2026-07-29 05:35:11] Features Generated: true
[2026-07-29 05:35:11] Research Completed: true
[2026-07-29 05:35:11] Research cycle completed successfully. Result ID: rpt-XAUUSD-3839cdd0
[2026-07-29 05:35:12] Starting research iteration for XAUUSD on H1...
[2026-07-29 05:35:12] MT5 Connected
[2026-07-29 05:35:12] Symbol: XAUUSD
[2026-07-29 05:35:12] Timeframe: H1
[2026-07-29 05:35:12] Candles Received: 10
[2026-07-29 05:35:12] Features Generated: true
[2026-07-29 05:35:12] Research Completed: true
[2026-07-29 05:35:12] Research cycle completed successfully. Result ID: rpt-XAUUSD-b7019e23
[2026-07-29 05:35:14] Starting research iteration for XAUUSD on H1...
[2026-07-29 05:35:14] MT5 Connected
[2026-07-29 05:35:14] Symbol: XAUUSD
[2026-07-29 05:35:14] Timeframe: H1
[2026-07-29 05:35:14] Candles Received: 10
[2026-07-29 05:35:14] Features Generated: true
[2026-07-29 05:35:14] Research Completed: true
[2026-07-29 05:35:14] Research cycle completed successfully. Result ID: rpt-XAUUSD-60abff0a
[2026-07-29 05:35:15] Starting research iteration for XAUUSD on H1...
[2026-07-29 05:35:15] MT5 Connected
[2026-07-29 05:35:15] Symbol: XAUUSD
[2026-07-29 05:35:15] Timeframe: H1
[2026-07-29 05:35:15] Candles Received: 10
[2026-07-29 05:35:15] Features Generated: true
[2026-07-29 05:35:15] Research Completed: true
[2026-07-29 05:35:15] Research cycle completed successfully. Result ID: rpt-XAUUSD-a5bfcb2f
[2026-07-29 05:35:16] Starting research iteration for XAUUSD on H1...
[2026-07-29 05:35:16] MT5 Connected
[2026-07-29 05:35:16] Symbol: XAUUSD
[2026-07-29 05:35:16] Timeframe: H1
[2026-07-29 05:35:16] Candles Received: 10
[2026-07-29 05:35:16] Features Generated: true
[2026-07-29 05:35:16] Research Completed: true
[2026-07-29 05:35:16] Research cycle completed successfully. Result ID: rpt-XAUUSD-a74ec682
[2026-07-29 05:35:16] Starting research iteration for XAUUSD on H1...
[2026-07-29 05:35:16] MT5 Connected
[2026-07-29 05:35:16] Symbol: XAUUSD
[2026-07-29 05:35:16] Timeframe: H1
[2026-07-29 05:35:16] Candles Received: 10
[2026-07-29 05:35:16] Features Generated: true
[2026-07-29 05:35:16] Research Completed: true
[2026-07-29 05:35:16] Research cycle completed successfully. Result ID: rpt-XAUUSD-90e2f9d7
[2026-07-29 05:35:17] Starting research iteration for XAUUSD on H1...
[2026-07-29 05:35:17] MT5 Connected
[2026-07-29 05:35:17] Symbol: XAUUSD
[2026-07-29 05:35:17] Timeframe: H1
[2026-07-29 05:35:17] Candles Received: 10
[2026-07-29 05:35:17] Features Generated: true
[2026-07-29 05:35:17] Research Completed: true
[2026-07-29 05:35:17] Research cycle completed successfully. Result ID: rpt-XAUUSD-02d6dea3
[2026-07-29 05:35:18] Starting research iteration for XAUUSD on H1...
[2026-07-29 05:35:18] MT5 Connected
[2026-07-29 05:35:18] Symbol: XAUUSD
[2026-07-29 05:35:18] Timeframe: H1
[2026-07-29 05:35:18] Candles Received: 10
[2026-07-29 05:35:18] Features Generated: true
[2026-07-29 05:35:18] Research Completed: true
[2026-07-29 05:35:18] Research cycle completed successfully. Result ID: rpt-XAUUSD-147ca31a
[2026-07-29 05:35:21] Starting research iteration for XAUUSD on H1...
[2026-07-29 05:35:21] MT5 Connected
[2026-07-29 05:35:21] Symbol: XAUUSD
[2026-07-29 05:35:21] Timeframe: H1
[2026-07-29 05:35:21] Candles Received: 10
[2026-07-29 05:35:21] Features Generated: true
[2026-07-29 05:35:21] Research Completed: true
[2026-07-29 05:35:21] Research cycle completed successfully. Result ID: rpt-XAUUSD-f443d347
[2026-07-29 05:35:22] Starting research iteration for XAUUSD on H1...
[2026-07-29 05:35:22] MT5 Connected
[2026-07-29 05:35:22] Symbol: XAUUSD
[2026-07-29 05:35:22] Timeframe: H1
[2026-07-29 05:35:22] Candles Received: 10
[2026-07-29 05:35:22] Features Generated: true
[2026-07-29 05:35:22] Research Completed: true
[2026-07-29 05:35:22] Research cycle completed successfully. Result ID: rpt-XAUUSD-de391215
[2026-07-29 05:35:22] Starting research iteration for XAUUSD on H1...
[2026-07-29 05:35:22] MT5 Connected
[2026-07-29 05:35:22] Symbol: XAUUSD
[2026-07-29 05:35:22] Timeframe: H1
[2026-07-29 05:35:22] Candles Received: 10
[2026-07-29 05:35:22] Features Generated: true
[2026-07-29 05:35:22] Research Completed: true
[2026-07-29 05:35:22] Research cycle completed successfully. Result ID: rpt-XAUUSD-79c3624d
[2026-07-29 05:35:23] Starting research iteration for XAUUSD on H1...
[2026-07-29 05:35:23] MT5 Connected
[2026-07-29 05:35:23] Symbol: XAUUSD
[2026-07-29 05:35:23] Timeframe: H1
[2026-07-29 05:35:23] Candles Received: 10
[2026-07-29 05:35:23] Features Generated: true
[2026-07-29 05:35:23] Research Completed: true
[2026-07-29 05:35:23] Research cycle completed successfully. Result ID: rpt-XAUUSD-0f004c2e
[2026-07-29 05:35:25] Starting research iteration for XAUUSD on H1...
[2026-07-29 05:35:25] MT5 Connected
[2026-07-29 05:35:25] Symbol: XAUUSD
[2026-07-29 05:35:25] Timeframe: H1
[2026-07-29 05:35:25] Candles Received: 10
[2026-07-29 05:35:25] Features Generated: true
[2026-07-29 05:35:25] Research Completed: true
[2026-07-29 05:35:25] Research cycle completed successfully. Result ID: rpt-XAUUSD-d8729c0d
[2026-07-29 05:35:25] Starting research iteration for XAUUSD on H1...
[2026-07-29 05:35:25] MT5 Connected
[2026-07-29 05:35:25] Symbol: XAUUSD
[2026-07-29 05:35:25] Timeframe: H1
[2026-07-29 05:35:25] Candles Received: 10
[2026-07-29 05:35:25] Features Generated: true
[2026-07-29 05:35:25] Research Completed: true
[2026-07-29 05:35:25] Research cycle completed successfully. Result ID: rpt-XAUUSD-b29531e7
[2026-07-29 05:35:26] Starting research iteration for XAUUSD on H1...
[2026-07-29 05:35:26] MT5 Connected
[2026-07-29 05:35:26] Symbol: XAUUSD
[2026-07-29 05:35:26] Timeframe: H1
[2026-07-29 05:35:26] Candles Received: 10
[2026-07-29 05:35:26] Features Generated: true
[2026-07-29 05:35:26] Research Completed: true
[2026-07-29 05:35:26] Research cycle completed successfully. Result ID: rpt-XAUUSD-796a8b83
[2026-07-29 05:35:27] Starting research iteration for XAUUSD on H1...
[2026-07-29 05:35:27] MT5 Connected
[2026-07-29 05:35:27] Symbol: XAUUSD
[2026-07-29 05:35:27] Timeframe: H1
[2026-07-29 05:35:27] Candles Received: 10
[2026-07-29 05:35:27] Features Generated: true
[2026-07-29 05:35:27] Research Completed: true
[2026-07-29 05:35:27] Research cycle completed successfully. Result ID: rpt-XAUUSD-92e7705e
[2026-07-29 05:35:28] Starting research iteration for XAUUSD on H1...
[2026-07-29 05:35:28] MT5 Connected
[2026-07-29 05:35:28] Symbol: XAUUSD
[2026-07-29 05:35:28] Timeframe: H1
[2026-07-29 05:35:28] Candles Received: 10
[2026-07-29 05:35:28] Features Generated: true
[2026-07-29 05:35:28] Research Completed: true
[2026-07-29 05:35:28] Research cycle completed successfully. Result ID: rpt-XAUUSD-8f290f6f
[2026-07-29 05:35:29] Starting research iteration for XAUUSD on H1...
[2026-07-29 05:35:29] MT5 Connected
[2026-07-29 05:35:29] Symbol: XAUUSD
[2026-07-29 05:35:29] Timeframe: H1
[2026-07-29 05:35:29] Candles Received: 10
[2026-07-29 05:35:29] Features Generated: true
[2026-07-29 05:35:29] Research Completed: true
[2026-07-29 05:35:29] Research cycle completed successfully. Result ID: rpt-XAUUSD-c492a01e
[2026-07-29 05:35:30] Starting research iteration for XAUUSD on H1...
[2026-07-29 05:35:30] MT5 Connected
[2026-07-29 05:35:30] Symbol: XAUUSD
[2026-07-29 05:35:30] Timeframe: H1
[2026-07-29 05:35:30] Candles Received: 10
[2026-07-29 05:35:30] Features Generated: true
[2026-07-29 05:35:30] Research Completed: true
[2026-07-29 05:35:30] Research cycle completed successfully. Result ID: rpt-XAUUSD-c1dca3fa
[2026-07-29 05:35:31] Starting research iteration for XAUUSD on H1...
[2026-07-29 05:35:31] MT5 Connected
[2026-07-29 05:35:31] Symbol: XAUUSD
[2026-07-29 05:35:31] Timeframe: H1
[2026-07-29 05:35:31] Candles Received: 10
[2026-07-29 05:35:31] Features Generated: true
[2026-07-29 05:35:31] Research Completed: true
[2026-07-29 05:35:31] Research cycle completed successfully. Result ID: rpt-XAUUSD-1ea1fc85
[2026-07-29 05:35:31] Starting research iteration for XAUUSD on H1...
[2026-07-29 05:35:31] MT5 Connected
[2026-07-29 05:35:31] Symbol: XAUUSD
[2026-07-29 05:35:31] Timeframe: H1
[2026-07-29 05:35:31] Candles Received: 10
[2026-07-29 05:35:31] Features Generated: true
[2026-07-29 05:35:31] Research Completed: true
[2026-07-29 05:35:31] Research cycle completed successfully. Result ID: rpt-XAUUSD-6dc96adc
[2026-07-29 05:35:32] Starting research iteration for XAUUSD on H1...
[2026-07-29 05:35:32] MT5 Connected
[2026-07-29 05:35:32] Symbol: XAUUSD
[2026-07-29 05:35:32] Timeframe: H1
[2026-07-29 05:35:32] Candles Received: 10
[2026-07-29 05:35:32] Features Generated: true
[2026-07-29 05:35:32] Research Completed: true
[2026-07-29 05:35:32] Research cycle completed successfully. Result ID: rpt-XAUUSD-f1ea51f1
[2026-07-29 05:35:33] Starting research iteration for XAUUSD on H1...
[2026-07-29 05:35:33] MT5 Connected
[2026-07-29 05:35:33] Symbol: XAUUSD
[2026-07-29 05:35:33] Timeframe: H1
[2026-07-29 05:35:33] Candles Received: 10
[2026-07-29 05:35:33] Features Generated: true
[2026-07-29 05:35:33] Research Completed: true
[2026-07-29 05:35:33] Research cycle completed successfully. Result ID: rpt-XAUUSD-cadcb211
[2026-07-29 05:35:36] Starting research iteration for XAUUSD on H1...
[2026-07-29 05:35:36] MT5 Connected
[2026-07-29 05:35:36] Symbol: XAUUSD
[2026-07-29 05:35:36] Timeframe: H1
[2026-07-29 05:35:36] Candles Received: 10
[2026-07-29 05:35:36] Features Generated: true
[2026-07-29 05:35:36] Research Completed: true
[2026-07-29 05:35:36] Research cycle completed successfully. Result ID: rpt-XAUUSD-8e57992b
[2026-07-29 05:35:37] Starting research iteration for XAUUSD on H1...
[2026-07-29 05:35:37] MT5 Connected
[2026-07-29 05:35:37] Symbol: XAUUSD
[2026-07-29 05:35:37] Timeframe: H1
[2026-07-29 05:35:37] Candles Received: 10
[2026-07-29 05:35:37] Features Generated: true
[2026-07-29 05:35:37] Research Completed: true
[2026-07-29 05:35:37] Research cycle completed successfully. Result ID: rpt-XAUUSD-01f36368
[2026-07-29 05:35:37] Starting research iteration for XAUUSD on H1...
[2026-07-29 05:35:37] MT5 Connected
[2026-07-29 05:35:37] Symbol: XAUUSD
[2026-07-29 05:35:37] Timeframe: H1
[2026-07-29 05:35:37] Candles Received: 10
[2026-07-29 05:35:37] Features Generated: true
[2026-07-29 05:35:37] Research Completed: true
[2026-07-29 05:35:37] Research cycle completed successfully. Result ID: rpt-XAUUSD-f3ef9531
[2026-07-29 05:35:38] Starting research iteration for XAUUSD on H1...
[2026-07-29 05:35:38] MT5 Connected
[2026-07-29 05:35:38] Symbol: XAUUSD
[2026-07-29 05:35:38] Timeframe: H1
[2026-07-29 05:35:38] Candles Received: 10
[2026-07-29 05:35:38] Features Generated: true
[2026-07-29 05:35:38] Research Completed: true
[2026-07-29 05:35:38] Research cycle completed successfully. Result ID: rpt-XAUUSD-77c9b887
[2026-07-29 05:35:40] Starting research iteration for XAUUSD on H1...
[2026-07-29 05:35:40] MT5 Connected
[2026-07-29 05:35:40] Symbol: XAUUSD
[2026-07-29 05:35:40] Timeframe: H1
[2026-07-29 05:35:40] Candles Received: 10
[2026-07-29 05:35:40] Features Generated: true
[2026-07-29 05:35:40] Research Completed: true
[2026-07-29 05:35:40] Research cycle completed successfully. Result ID: rpt-XAUUSD-3cbf7ab8
[2026-07-29 05:35:40] Starting research iteration for XAUUSD on H1...
[2026-07-29 05:35:40] MT5 Connected
[2026-07-29 05:35:40] Symbol: XAUUSD
[2026-07-29 05:35:40] Timeframe: H1
[2026-07-29 05:35:40] Candles Received: 10
[2026-07-29 05:35:40] Features Generated: true
[2026-07-29 05:35:40] Research Completed: true
[2026-07-29 05:35:40] Research cycle completed successfully. Result ID: rpt-XAUUSD-7838e813
[2026-07-29 05:35:40] Starting research iteration for XAUUSD on H1...
[2026-07-29 05:35:40] MT5 Connected
[2026-07-29 05:35:40] Symbol: XAUUSD
[2026-07-29 05:35:40] Timeframe: H1
[2026-07-29 05:35:40] Candles Received: 10
[2026-07-29 05:35:40] Features Generated: true
[2026-07-29 05:35:40] Research Completed: true
[2026-07-29 05:35:40] Research cycle completed successfully. Result ID: rpt-XAUUSD-47e3ebed
[2026-07-29 05:35:41] Starting research iteration for XAUUSD on H1...
[2026-07-29 05:35:41] MT5 Connected
[2026-07-29 05:35:41] Symbol: XAUUSD
[2026-07-29 05:35:41] Timeframe: H1
[2026-07-29 05:35:41] Candles Received: 10
[2026-07-29 05:35:41] Features Generated: true
[2026-07-29 05:35:41] Research Completed: true
[2026-07-29 05:35:41] Research cycle completed successfully. Result ID: rpt-XAUUSD-9ab5bfe7
[2026-07-29 05:35:42] Starting research iteration for XAUUSD on H1...
[2026-07-29 05:35:42] MT5 Connected
[2026-07-29 05:35:42] Symbol: XAUUSD
[2026-07-29 05:35:42] Timeframe: H1
[2026-07-29 05:35:42] Candles Received: 10
[2026-07-29 05:35:42] Features Generated: true
[2026-07-29 05:35:42] Research Completed: true
[2026-07-29 05:35:42] Research cycle completed successfully. Result ID: rpt-XAUUSD-bff9355d
[2026-07-29 05:35:43] Starting research iteration for XAUUSD on H1...
[2026-07-29 05:35:43] MT5 Connected
[2026-07-29 05:35:43] Symbol: XAUUSD
[2026-07-29 05:35:43] Timeframe: H1
[2026-07-29 05:35:43] Candles Received: 10
[2026-07-29 05:35:43] Features Generated: true
[2026-07-29 05:35:43] Research Completed: true
[2026-07-29 05:35:43] Research cycle completed successfully. Result ID: rpt-XAUUSD-15a33d8b
[2026-07-29 05:35:44] Starting research iteration for XAUUSD on H1...
[2026-07-29 05:35:44] MT5 Connected
[2026-07-29 05:35:44] Symbol: XAUUSD
[2026-07-29 05:35:44] Timeframe: H1
[2026-07-29 05:35:44] Candles Received: 10
[2026-07-29 05:35:44] Features Generated: true
[2026-07-29 05:35:44] Research Completed: true
[2026-07-29 05:35:44] Research cycle completed successfully. Result ID: rpt-XAUUSD-a63a5075
[2026-07-29 05:35:45] Starting research iteration for XAUUSD on H1...
[2026-07-29 05:35:45] MT5 Connected
[2026-07-29 05:35:45] Symbol: XAUUSD
[2026-07-29 05:35:45] Timeframe: H1
[2026-07-29 05:35:45] Candles Received: 10
[2026-07-29 05:35:45] Features Generated: true
[2026-07-29 05:35:45] Research Completed: true
[2026-07-29 05:35:45] Research cycle completed successfully. Result ID: rpt-XAUUSD-6cf86aa9
[2026-07-29 05:35:46] Starting research iteration for XAUUSD on H1...
[2026-07-29 05:35:46] MT5 Connected
[2026-07-29 05:35:46] Symbol: XAUUSD
[2026-07-29 05:35:46] Timeframe: H1
[2026-07-29 05:35:46] Candles Received: 10
[2026-07-29 05:35:46] Features Generated: true
[2026-07-29 05:35:46] Research Completed: true
[2026-07-29 05:35:46] Research cycle completed successfully. Result ID: rpt-XAUUSD-e0f6de80
[2026-07-29 05:35:46] Starting research iteration for XAUUSD on H1...
[2026-07-29 05:35:46] MT5 Connected
[2026-07-29 05:35:46] Symbol: XAUUSD
[2026-07-29 05:35:46] Timeframe: H1
[2026-07-29 05:35:46] Candles Received: 10
[2026-07-29 05:35:46] Features Generated: true
[2026-07-29 05:35:46] Research Completed: true
[2026-07-29 05:35:46] Research cycle completed successfully. Result ID: rpt-XAUUSD-e11d1a93
[2026-07-29 05:35:47] Starting research iteration for XAUUSD on H1...
[2026-07-29 05:35:47] MT5 Connected
[2026-07-29 05:35:47] Symbol: XAUUSD
[2026-07-29 05:35:47] Timeframe: H1
[2026-07-29 05:35:47] Candles Received: 10
[2026-07-29 05:35:47] Features Generated: true
[2026-07-29 05:35:47] Research Completed: true
[2026-07-29 05:35:47] Research cycle completed successfully. Result ID: rpt-XAUUSD-d7fe004a
[2026-07-29 05:35:48] Starting research iteration for XAUUSD on H1...
[2026-07-29 05:35:48] MT5 Connected
[2026-07-29 05:35:48] Symbol: XAUUSD
[2026-07-29 05:35:48] Timeframe: H1
[2026-07-29 05:35:48] Candles Received: 10
[2026-07-29 05:35:48] Features Generated: true
[2026-07-29 05:35:48] Research Completed: true
[2026-07-29 05:35:48] Research cycle completed successfully. Result ID: rpt-XAUUSD-985a71d5
[2026-07-29 05:35:51] Starting research iteration for XAUUSD on H1...
[2026-07-29 05:35:51] MT5 Connected
[2026-07-29 05:35:51] Symbol: XAUUSD
[2026-07-29 05:35:51] Timeframe: H1
[2026-07-29 05:35:51] Candles Received: 10
[2026-07-29 05:35:51] Features Generated: true
[2026-07-29 05:35:51] Research Completed: true
[2026-07-29 05:35:51] Research cycle completed successfully. Result ID: rpt-XAUUSD-170be2c9
[2026-07-29 05:35:51] Starting research iteration for XAUUSD on H1...
[2026-07-29 05:35:51] MT5 Connected
[2026-07-29 05:35:51] Symbol: XAUUSD
[2026-07-29 05:35:51] Timeframe: H1
[2026-07-29 05:35:51] Candles Received: 10
[2026-07-29 05:35:51] Features Generated: true
[2026-07-29 05:35:51] Research Completed: true
[2026-07-29 05:35:51] Research cycle completed successfully. Result ID: rpt-XAUUSD-04c2f988
[2026-07-29 05:35:52] Starting research iteration for XAUUSD on H1...
[2026-07-29 05:35:52] MT5 Connected
[2026-07-29 05:35:52] Symbol: XAUUSD
[2026-07-29 05:35:52] Timeframe: H1
[2026-07-29 05:35:52] Candles Received: 10
[2026-07-29 05:35:52] Features Generated: true
[2026-07-29 05:35:52] Research Completed: true
[2026-07-29 05:35:52] Research cycle completed successfully. Result ID: rpt-XAUUSD-fd48ff72
[2026-07-29 05:35:52] Starting research iteration for XAUUSD on H1...
[2026-07-29 05:35:52] MT5 Connected
[2026-07-29 05:35:52] Symbol: XAUUSD
[2026-07-29 05:35:52] Timeframe: H1
[2026-07-29 05:35:52] Candles Received: 10
[2026-07-29 05:35:52] Features Generated: true
[2026-07-29 05:35:52] Research Completed: true
[2026-07-29 05:35:52] Research cycle completed successfully. Result ID: rpt-XAUUSD-24b33333
[2026-07-29 05:35:52] Starting research iteration for XAUUSD on H1...
[2026-07-29 05:35:52] MT5 Connected
[2026-07-29 05:35:52] Symbol: XAUUSD
[2026-07-29 05:35:52] Timeframe: H1
[2026-07-29 05:35:52] Candles Received: 10
[2026-07-29 05:35:52] Features Generated: true
[2026-07-29 05:35:52] Research Completed: true
[2026-07-29 05:35:52] Research cycle completed successfully. Result ID: rpt-XAUUSD-a1bb3b8d
[2026-07-29 05:35:53] Starting research iteration for XAUUSD on H1...
[2026-07-29 05:35:53] MT5 Connected
[2026-07-29 05:35:53] Symbol: XAUUSD
[2026-07-29 05:35:53] Timeframe: H1
[2026-07-29 05:35:53] Candles Received: 10
[2026-07-29 05:35:53] Features Generated: true
[2026-07-29 05:35:53] Research Completed: true
[2026-07-29 05:35:53] Research cycle completed successfully. Result ID: rpt-XAUUSD-728513a6
[2026-07-29 05:35:55] Starting research iteration for XAUUSD on H1...
[2026-07-29 05:35:55] MT5 Connected
[2026-07-29 05:35:55] Symbol: XAUUSD
[2026-07-29 05:35:55] Timeframe: H1
[2026-07-29 05:35:55] Candles Received: 10
[2026-07-29 05:35:55] Features Generated: true
[2026-07-29 05:35:55] Research Completed: true
[2026-07-29 05:35:55] Research cycle completed successfully. Result ID: rpt-XAUUSD-6b165c57
[2026-07-29 05:35:55] Starting research iteration for XAUUSD on H1...
[2026-07-29 05:35:55] MT5 Connected
[2026-07-29 05:35:55] Symbol: XAUUSD
[2026-07-29 05:35:55] Timeframe: H1
[2026-07-29 05:35:55] Candles Received: 10
[2026-07-29 05:35:55] Features Generated: true
[2026-07-29 05:35:55] Research Completed: true
[2026-07-29 05:35:55] Research cycle completed successfully. Result ID: rpt-XAUUSD-25847806
[2026-07-29 05:35:55] Starting research iteration for XAUUSD on H1...
[2026-07-29 05:35:55] MT5 Connected
[2026-07-29 05:35:55] Symbol: XAUUSD
[2026-07-29 05:35:55] Timeframe: H1
[2026-07-29 05:35:55] Candles Received: 10
[2026-07-29 05:35:55] Features Generated: true
[2026-07-29 05:35:55] Research Completed: true
[2026-07-29 05:35:55] Research cycle completed successfully. Result ID: rpt-XAUUSD-6c851b49
[2026-07-29 05:35:56] Starting research iteration for XAUUSD on H1...
[2026-07-29 05:35:56] MT5 Connected
[2026-07-29 05:35:56] Symbol: XAUUSD
[2026-07-29 05:35:56] Timeframe: H1
[2026-07-29 05:35:56] Candles Received: 10
[2026-07-29 05:35:56] Features Generated: true
[2026-07-29 05:35:56] Research Completed: true
[2026-07-29 05:35:56] Research cycle completed successfully. Result ID: rpt-XAUUSD-fa73b246
[2026-07-29 05:35:57] Starting research iteration for XAUUSD on H1...
[2026-07-29 05:35:57] MT5 Connected
[2026-07-29 05:35:57] Symbol: XAUUSD
[2026-07-29 05:35:57] Timeframe: H1
[2026-07-29 05:35:57] Candles Received: 10
[2026-07-29 05:35:57] Features Generated: true
[2026-07-29 05:35:57] Research Completed: true
[2026-07-29 05:35:57] Research cycle completed successfully. Result ID: rpt-XAUUSD-7c6a7078
[2026-07-29 05:35:58] Starting research iteration for XAUUSD on H1...
[2026-07-29 05:35:58] MT5 Connected
[2026-07-29 05:35:58] Symbol: XAUUSD
[2026-07-29 05:35:58] Timeframe: H1
[2026-07-29 05:35:58] Candles Received: 10
[2026-07-29 05:35:58] Features Generated: true
[2026-07-29 05:35:58] Research Completed: true
[2026-07-29 05:35:58] Research cycle completed successfully. Result ID: rpt-XAUUSD-419c6c7e
[2026-07-29 05:35:59] Starting research iteration for XAUUSD on H1...
[2026-07-29 05:35:59] MT5 Connected
[2026-07-29 05:35:59] Symbol: XAUUSD
[2026-07-29 05:35:59] Timeframe: H1
[2026-07-29 05:35:59] Candles Received: 10
[2026-07-29 05:35:59] Features Generated: true
[2026-07-29 05:35:59] Research Completed: true
[2026-07-29 05:35:59] Research cycle completed successfully. Result ID: rpt-XAUUSD-27e0e7e3
[2026-07-29 05:36:00] Starting research iteration for XAUUSD on H1...
[2026-07-29 05:36:00] MT5 Connected
[2026-07-29 05:36:00] Symbol: XAUUSD
[2026-07-29 05:36:00] Timeframe: H1
[2026-07-29 05:36:00] Candles Received: 10
[2026-07-29 05:36:00] Features Generated: true
[2026-07-29 05:36:00] Research Completed: true
[2026-07-29 05:36:00] Research cycle completed successfully. Result ID: rpt-XAUUSD-030da040
[2026-07-29 05:36:01] Starting research iteration for XAUUSD on H1...
[2026-07-29 05:36:01] MT5 Connected
[2026-07-29 05:36:01] Symbol: XAUUSD
[2026-07-29 05:36:01] Timeframe: H1
[2026-07-29 05:36:01] Candles Received: 10
[2026-07-29 05:36:01] Features Generated: true
[2026-07-29 05:36:01] Research Completed: true
[2026-07-29 05:36:01] Research cycle completed successfully. Result ID: rpt-XAUUSD-4e8efb15
[2026-07-29 05:36:01] Starting research iteration for XAUUSD on H1...
[2026-07-29 05:36:01] MT5 Connected
[2026-07-29 05:36:01] Symbol: XAUUSD
[2026-07-29 05:36:01] Timeframe: H1
[2026-07-29 05:36:01] Candles Received: 10
[2026-07-29 05:36:01] Features Generated: true
[2026-07-29 05:36:01] Research Completed: true
[2026-07-29 05:36:01] Research cycle completed successfully. Result ID: rpt-XAUUSD-1cd3cc07
[2026-07-29 05:36:02] Starting research iteration for XAUUSD on H1...
[2026-07-29 05:36:02] MT5 Connected
[2026-07-29 05:36:02] Symbol: XAUUSD
[2026-07-29 05:36:02] Timeframe: H1
[2026-07-29 05:36:02] Candles Received: 10
[2026-07-29 05:36:02] Features Generated: true
[2026-07-29 05:36:02] Research Completed: true
[2026-07-29 05:36:02] Research cycle completed successfully. Result ID: rpt-XAUUSD-e718b521
[2026-07-29 05:36:03] Starting research iteration for XAUUSD on H1...
[2026-07-29 05:36:03] MT5 Connected
[2026-07-29 05:36:03] Symbol: XAUUSD
[2026-07-29 05:36:03] Timeframe: H1
[2026-07-29 05:36:03] Candles Received: 10
[2026-07-29 05:36:03] Features Generated: true
[2026-07-29 05:36:03] Research Completed: true
[2026-07-29 05:36:03] Research cycle completed successfully. Result ID: rpt-XAUUSD-bb72ff9c
[2026-07-29 05:36:03] Starting research iteration for XAUUSD on H1...
[2026-07-29 05:36:03] MT5 Connected
[2026-07-29 05:36:03] Symbol: XAUUSD
[2026-07-29 05:36:03] Timeframe: H1
[2026-07-29 05:36:03] Candles Received: 10
[2026-07-29 05:36:03] Features Generated: true
[2026-07-29 05:36:03] Research Completed: true
[2026-07-29 05:36:03] Research cycle completed successfully. Result ID: rpt-XAUUSD-512707b4
[2026-07-29 05:36:06] Starting research iteration for XAUUSD on H1...
[2026-07-29 05:36:06] MT5 Connected
[2026-07-29 05:36:06] Symbol: XAUUSD
[2026-07-29 05:36:06] Timeframe: H1
[2026-07-29 05:36:06] Candles Received: 10
[2026-07-29 05:36:06] Features Generated: true
[2026-07-29 05:36:06] Research Completed: true
[2026-07-29 05:36:06] Research cycle completed successfully. Result ID: rpt-XAUUSD-5373febe
[2026-07-29 05:36:06] Starting research iteration for XAUUSD on H1...
[2026-07-29 05:36:06] MT5 Connected
[2026-07-29 05:36:06] Symbol: XAUUSD
[2026-07-29 05:36:06] Timeframe: H1
[2026-07-29 05:36:06] Candles Received: 10
[2026-07-29 05:36:06] Features Generated: true
[2026-07-29 05:36:06] Research Completed: true
[2026-07-29 05:36:06] Research cycle completed successfully. Result ID: rpt-XAUUSD-f76c1279
[2026-07-29 05:36:07] Starting research iteration for XAUUSD on H1...
[2026-07-29 05:36:07] MT5 Connected
[2026-07-29 05:36:07] Symbol: XAUUSD
[2026-07-29 05:36:07] Timeframe: H1
[2026-07-29 05:36:07] Candles Received: 10
[2026-07-29 05:36:07] Features Generated: true
[2026-07-29 05:36:07] Research Completed: true
[2026-07-29 05:36:07] Research cycle completed successfully. Result ID: rpt-XAUUSD-cf2be023
[2026-07-29 05:36:07] Starting research iteration for XAUUSD on H1...
[2026-07-29 05:36:07] MT5 Connected
[2026-07-29 05:36:07] Symbol: XAUUSD
[2026-07-29 05:36:07] Timeframe: H1
[2026-07-29 05:36:07] Candles Received: 10
[2026-07-29 05:36:07] Features Generated: true
[2026-07-29 05:36:07] Research Completed: true
[2026-07-29 05:36:07] Research cycle completed successfully. Result ID: rpt-XAUUSD-e535224c
[2026-07-29 05:36:07] Starting research iteration for XAUUSD on H1...
[2026-07-29 05:36:07] MT5 Connected
[2026-07-29 05:36:07] Symbol: XAUUSD
[2026-07-29 05:36:07] Timeframe: H1
[2026-07-29 05:36:07] Candles Received: 10
[2026-07-29 05:36:07] Features Generated: true
[2026-07-29 05:36:07] Research Completed: true
[2026-07-29 05:36:07] Research cycle completed successfully. Result ID: rpt-XAUUSD-6d6d6f1a
[2026-07-29 05:36:08] Starting research iteration for XAUUSD on H1...
[2026-07-29 05:36:08] MT5 Connected
[2026-07-29 05:36:08] Symbol: XAUUSD
[2026-07-29 05:36:08] Timeframe: H1
[2026-07-29 05:36:08] Candles Received: 10
[2026-07-29 05:36:08] Features Generated: true
[2026-07-29 05:36:08] Research Completed: true
[2026-07-29 05:36:08] Research cycle completed successfully. Result ID: rpt-XAUUSD-7fe0f3b2
[2026-07-29 05:36:09] Starting research iteration for XAUUSD on H1...
[2026-07-29 05:36:09] MT5 Connected
[2026-07-29 05:36:09] Symbol: XAUUSD
[2026-07-29 05:36:09] Timeframe: H1
[2026-07-29 05:36:09] Candles Received: 10
[2026-07-29 05:36:09] Features Generated: true
[2026-07-29 05:36:09] Research Completed: true
[2026-07-29 05:36:09] Research cycle completed successfully. Result ID: rpt-XAUUSD-4bfefe83
[2026-07-29 05:36:10] Starting research iteration for XAUUSD on H1...
[2026-07-29 05:36:10] MT5 Connected
[2026-07-29 05:36:10] Symbol: XAUUSD
[2026-07-29 05:36:10] Timeframe: H1
[2026-07-29 05:36:10] Candles Received: 10
[2026-07-29 05:36:10] Features Generated: true
[2026-07-29 05:36:10] Research Completed: true
[2026-07-29 05:36:10] Research cycle completed successfully. Result ID: rpt-XAUUSD-34a0f754
[2026-07-29 05:36:10] Starting research iteration for XAUUSD on H1...
[2026-07-29 05:36:10] MT5 Connected
[2026-07-29 05:36:10] Symbol: XAUUSD
[2026-07-29 05:36:10] Timeframe: H1
[2026-07-29 05:36:10] Candles Received: 10
[2026-07-29 05:36:10] Features Generated: true
[2026-07-29 05:36:10] Research Completed: true
[2026-07-29 05:36:10] Research cycle completed successfully. Result ID: rpt-XAUUSD-5027778c
[2026-07-29 05:36:10] Starting research iteration for XAUUSD on H1...
[2026-07-29 05:36:10] MT5 Connected
[2026-07-29 05:36:10] Symbol: XAUUSD
[2026-07-29 05:36:10] Timeframe: H1
[2026-07-29 05:36:10] Candles Received: 10
[2026-07-29 05:36:10] Features Generated: true
[2026-07-29 05:36:10] Research Completed: true
[2026-07-29 05:36:10] Research cycle completed successfully. Result ID: rpt-XAUUSD-6f4bda2f
[2026-07-29 05:36:11] Starting research iteration for XAUUSD on H1...
[2026-07-29 05:36:11] MT5 Connected
[2026-07-29 05:36:11] Symbol: XAUUSD
[2026-07-29 05:36:11] Timeframe: H1
[2026-07-29 05:36:11] Candles Received: 10
[2026-07-29 05:36:11] Features Generated: true
[2026-07-29 05:36:11] Research Completed: true
[2026-07-29 05:36:11] Research cycle completed successfully. Result ID: rpt-XAUUSD-ed0f1b09
[2026-07-29 05:36:12] Starting research iteration for XAUUSD on H1...
[2026-07-29 05:36:12] MT5 Connected
[2026-07-29 05:36:12] Symbol: XAUUSD
[2026-07-29 05:36:12] Timeframe: H1
[2026-07-29 05:36:12] Candles Received: 10
[2026-07-29 05:36:12] Features Generated: true
[2026-07-29 05:36:12] Research Completed: true
[2026-07-29 05:36:12] Research cycle completed successfully. Result ID: rpt-XAUUSD-a824f714
[2026-07-29 05:36:13] Starting research iteration for XAUUSD on H1...
[2026-07-29 05:36:13] MT5 Connected
[2026-07-29 05:36:13] Symbol: XAUUSD
[2026-07-29 05:36:13] Timeframe: H1
[2026-07-29 05:36:13] Candles Received: 10
[2026-07-29 05:36:13] Features Generated: true
[2026-07-29 05:36:13] Research Completed: true
[2026-07-29 05:36:13] Research cycle completed successfully. Result ID: rpt-XAUUSD-808eb991
[2026-07-29 05:36:14] Starting research iteration for XAUUSD on H1...
[2026-07-29 05:36:14] MT5 Connected
[2026-07-29 05:36:14] Symbol: XAUUSD
[2026-07-29 05:36:14] Timeframe: H1
[2026-07-29 05:36:14] Candles Received: 10
[2026-07-29 05:36:14] Features Generated: true
[2026-07-29 05:36:14] Research Completed: true
[2026-07-29 05:36:14] Research cycle completed successfully. Result ID: rpt-XAUUSD-ba4397e9
[2026-07-29 05:36:15] Starting research iteration for XAUUSD on H1...
[2026-07-29 05:36:15] MT5 Connected
[2026-07-29 05:36:15] Symbol: XAUUSD
[2026-07-29 05:36:15] Timeframe: H1
[2026-07-29 05:36:15] Candles Received: 10
[2026-07-29 05:36:15] Features Generated: true
[2026-07-29 05:36:15] Research Completed: true
[2026-07-29 05:36:15] Research cycle completed successfully. Result ID: rpt-XAUUSD-c0963c7e
[2026-07-29 05:36:16] Starting research iteration for XAUUSD on H1...
[2026-07-29 05:36:16] MT5 Connected
[2026-07-29 05:36:16] Symbol: XAUUSD
[2026-07-29 05:36:16] Timeframe: H1
[2026-07-29 05:36:16] Candles Received: 10
[2026-07-29 05:36:16] Features Generated: true
[2026-07-29 05:36:16] Research Completed: true
[2026-07-29 05:36:16] Research cycle completed successfully. Result ID: rpt-XAUUSD-39cecd32
[2026-07-29 05:36:16] Starting research iteration for XAUUSD on H1...
[2026-07-29 05:36:16] MT5 Connected
[2026-07-29 05:36:16] Symbol: XAUUSD
[2026-07-29 05:36:16] Timeframe: H1
[2026-07-29 05:36:16] Candles Received: 10
[2026-07-29 05:36:16] Features Generated: true
[2026-07-29 05:36:16] Research Completed: true
[2026-07-29 05:36:16] Research cycle completed successfully. Result ID: rpt-XAUUSD-c4f2bfe7
[2026-07-29 05:36:17] Starting research iteration for XAUUSD on H1...
[2026-07-29 05:36:17] MT5 Connected
[2026-07-29 05:36:17] Symbol: XAUUSD
[2026-07-29 05:36:17] Timeframe: H1
[2026-07-29 05:36:17] Candles Received: 10
[2026-07-29 05:36:17] Features Generated: true
[2026-07-29 05:36:17] Research Completed: true
[2026-07-29 05:36:17] Research cycle completed successfully. Result ID: rpt-XAUUSD-b8022d39
[2026-07-29 05:36:18] Starting research iteration for XAUUSD on H1...
[2026-07-29 05:36:18] MT5 Connected
[2026-07-29 05:36:18] Symbol: XAUUSD
[2026-07-29 05:36:18] Timeframe: H1
[2026-07-29 05:36:18] Candles Received: 10
[2026-07-29 05:36:18] Features Generated: true
[2026-07-29 05:36:18] Research Completed: true
[2026-07-29 05:36:18] Research cycle completed successfully. Result ID: rpt-XAUUSD-17d18386
[2026-07-29 05:36:18] Starting research iteration for XAUUSD on H1...
[2026-07-29 05:36:18] MT5 Connected
[2026-07-29 05:36:18] Symbol: XAUUSD
[2026-07-29 05:36:18] Timeframe: H1
[2026-07-29 05:36:18] Candles Received: 10
[2026-07-29 05:36:18] Features Generated: true
[2026-07-29 05:36:18] Research Completed: true
[2026-07-29 05:36:18] Research cycle completed successfully. Result ID: rpt-XAUUSD-d8125e23
[2026-07-29 05:36:21] Starting research iteration for XAUUSD on H1...
[2026-07-29 05:36:21] MT5 Connected
[2026-07-29 05:36:21] Symbol: XAUUSD
[2026-07-29 05:36:21] Timeframe: H1
[2026-07-29 05:36:21] Candles Received: 10
[2026-07-29 05:36:21] Features Generated: true
[2026-07-29 05:36:21] Research Completed: true
[2026-07-29 05:36:21] Research cycle completed successfully. Result ID: rpt-XAUUSD-c6d37f5b
[2026-07-29 05:36:21] Starting research iteration for XAUUSD on H1...
[2026-07-29 05:36:21] MT5 Connected
[2026-07-29 05:36:21] Symbol: XAUUSD
[2026-07-29 05:36:21] Timeframe: H1
[2026-07-29 05:36:21] Candles Received: 10
[2026-07-29 05:36:21] Features Generated: true
[2026-07-29 05:36:21] Research Completed: true
[2026-07-29 05:36:21] Research cycle completed successfully. Result ID: rpt-XAUUSD-0869652f
[2026-07-29 05:36:22] Starting research iteration for XAUUSD on H1...
[2026-07-29 05:36:22] MT5 Connected
[2026-07-29 05:36:22] Symbol: XAUUSD
[2026-07-29 05:36:22] Timeframe: H1
[2026-07-29 05:36:22] Candles Received: 10
[2026-07-29 05:36:22] Features Generated: true
[2026-07-29 05:36:22] Research Completed: true
[2026-07-29 05:36:22] Research cycle completed successfully. Result ID: rpt-XAUUSD-a25730f6
[2026-07-29 05:36:22] Starting research iteration for XAUUSD on H1...
[2026-07-29 05:36:22] MT5 Connected
[2026-07-29 05:36:22] Symbol: XAUUSD
[2026-07-29 05:36:22] Timeframe: H1
[2026-07-29 05:36:22] Candles Received: 10
[2026-07-29 05:36:22] Features Generated: true
[2026-07-29 05:36:22] Research Completed: true
[2026-07-29 05:36:22] Research cycle completed successfully. Result ID: rpt-XAUUSD-fec35471
[2026-07-29 05:36:22] Starting research iteration for XAUUSD on H1...
[2026-07-29 05:36:22] MT5 Connected
[2026-07-29 05:36:22] Symbol: XAUUSD
[2026-07-29 05:36:22] Timeframe: H1
[2026-07-29 05:36:22] Candles Received: 10
[2026-07-29 05:36:22] Features Generated: true
[2026-07-29 05:36:22] Research Completed: true
[2026-07-29 05:36:22] Research cycle completed successfully. Result ID: rpt-XAUUSD-8a9f28eb
[2026-07-29 05:36:23] Starting research iteration for XAUUSD on H1...
[2026-07-29 05:36:23] MT5 Connected
[2026-07-29 05:36:23] Symbol: XAUUSD
[2026-07-29 05:36:23] Timeframe: H1
[2026-07-29 05:36:23] Candles Received: 10
[2026-07-29 05:36:23] Features Generated: true
[2026-07-29 05:36:23] Research Completed: true
[2026-07-29 05:36:23] Research cycle completed successfully. Result ID: rpt-XAUUSD-68a5a475
[2026-07-29 05:36:23] Starting research iteration for XAUUSD on H1...
[2026-07-29 05:36:23] MT5 Connected
[2026-07-29 05:36:23] Symbol: XAUUSD
[2026-07-29 05:36:23] Timeframe: H1
[2026-07-29 05:36:23] Candles Received: 10
[2026-07-29 05:36:23] Features Generated: true
[2026-07-29 05:36:23] Research Completed: true
[2026-07-29 05:36:23] Research cycle completed successfully. Result ID: rpt-XAUUSD-e3d6daac
[2026-07-29 05:36:24] Starting research iteration for XAUUSD on H1...
[2026-07-29 05:36:24] MT5 Connected
[2026-07-29 05:36:24] Symbol: XAUUSD
[2026-07-29 05:36:24] Timeframe: H1
[2026-07-29 05:36:24] Candles Received: 10
[2026-07-29 05:36:24] Features Generated: true
[2026-07-29 05:36:24] Research Completed: true
[2026-07-29 05:36:24] Research cycle completed successfully. Result ID: rpt-XAUUSD-d4318175
[2026-07-29 05:36:25] Starting research iteration for XAUUSD on H1...
[2026-07-29 05:36:25] MT5 Connected
[2026-07-29 05:36:25] Symbol: XAUUSD
[2026-07-29 05:36:25] Timeframe: H1
[2026-07-29 05:36:25] Candles Received: 10
[2026-07-29 05:36:25] Features Generated: true
[2026-07-29 05:36:25] Research Completed: true
[2026-07-29 05:36:25] Research cycle completed successfully. Result ID: rpt-XAUUSD-326f22dc
[2026-07-29 05:36:25] Starting research iteration for XAUUSD on H1...
[2026-07-29 05:36:25] MT5 Connected
[2026-07-29 05:36:25] Symbol: XAUUSD
[2026-07-29 05:36:25] Timeframe: H1
[2026-07-29 05:36:25] Candles Received: 10
[2026-07-29 05:36:25] Features Generated: true
[2026-07-29 05:36:25] Research Completed: true
[2026-07-29 05:36:25] Research cycle completed successfully. Result ID: rpt-XAUUSD-ca73983e
[2026-07-29 05:36:25] Starting research iteration for XAUUSD on H1...
[2026-07-29 05:36:25] MT5 Connected
[2026-07-29 05:36:25] Symbol: XAUUSD
[2026-07-29 05:36:25] Timeframe: H1
[2026-07-29 05:36:25] Candles Received: 10
[2026-07-29 05:36:25] Features Generated: true
[2026-07-29 05:36:25] Research Completed: true
[2026-07-29 05:36:25] Research cycle completed successfully. Result ID: rpt-XAUUSD-f9a7d86a
[2026-07-29 05:36:26] Starting research iteration for XAUUSD on H1...
[2026-07-29 05:36:26] MT5 Connected
[2026-07-29 05:36:26] Symbol: XAUUSD
[2026-07-29 05:36:26] Timeframe: H1
[2026-07-29 05:36:26] Candles Received: 10
[2026-07-29 05:36:26] Features Generated: true
[2026-07-29 05:36:26] Research Completed: true
[2026-07-29 05:36:26] Research cycle completed successfully. Result ID: rpt-XAUUSD-94fbe85f
[2026-07-29 05:36:27] Starting research iteration for XAUUSD on H1...
[2026-07-29 05:36:27] MT5 Connected
[2026-07-29 05:36:27] Symbol: XAUUSD
[2026-07-29 05:36:27] Timeframe: H1
[2026-07-29 05:36:27] Candles Received: 10
[2026-07-29 05:36:27] Features Generated: true
[2026-07-29 05:36:27] Research Completed: true
[2026-07-29 05:36:27] Research cycle completed successfully. Result ID: rpt-XAUUSD-9486353f
[2026-07-29 05:36:28] Starting research iteration for XAUUSD on H1...
[2026-07-29 05:36:28] MT5 Connected
[2026-07-29 05:36:28] Symbol: XAUUSD
[2026-07-29 05:36:28] Timeframe: H1
[2026-07-29 05:36:28] Candles Received: 10
[2026-07-29 05:36:28] Features Generated: true
[2026-07-29 05:36:28] Research Completed: true
[2026-07-29 05:36:28] Research cycle completed successfully. Result ID: rpt-XAUUSD-bf7d76e5
[2026-07-29 05:36:29] Starting research iteration for XAUUSD on H1...
[2026-07-29 05:36:29] MT5 Connected
[2026-07-29 05:36:29] Symbol: XAUUSD
[2026-07-29 05:36:29] Timeframe: H1
[2026-07-29 05:36:29] Candles Received: 10
[2026-07-29 05:36:29] Features Generated: true
[2026-07-29 05:36:29] Research Completed: true
[2026-07-29 05:36:29] Research cycle completed successfully. Result ID: rpt-XAUUSD-75d13393
[2026-07-29 05:36:30] Starting research iteration for XAUUSD on H1...
[2026-07-29 05:36:30] MT5 Connected
[2026-07-29 05:36:30] Symbol: XAUUSD
[2026-07-29 05:36:30] Timeframe: H1
[2026-07-29 05:36:30] Candles Received: 10
[2026-07-29 05:36:30] Features Generated: true
[2026-07-29 05:36:30] Research Completed: true
[2026-07-29 05:36:30] Research cycle completed successfully. Result ID: rpt-XAUUSD-091713de
[2026-07-29 05:36:31] Starting research iteration for XAUUSD on H1...
[2026-07-29 05:36:31] MT5 Connected
[2026-07-29 05:36:31] Symbol: XAUUSD
[2026-07-29 05:36:31] Timeframe: H1
[2026-07-29 05:36:31] Candles Received: 10
[2026-07-29 05:36:31] Features Generated: true
[2026-07-29 05:36:31] Research Completed: true
[2026-07-29 05:36:31] Research cycle completed successfully. Result ID: rpt-XAUUSD-adfa3a03
[2026-07-29 05:36:32] Starting research iteration for XAUUSD on H1...
[2026-07-29 05:36:32] MT5 Connected
[2026-07-29 05:36:32] Symbol: XAUUSD
[2026-07-29 05:36:32] Timeframe: H1
[2026-07-29 05:36:32] Candles Received: 10
[2026-07-29 05:36:32] Features Generated: true
[2026-07-29 05:36:32] Research Completed: true
[2026-07-29 05:36:32] Research cycle completed successfully. Result ID: rpt-XAUUSD-21de5643
[2026-07-29 05:36:33] Starting research iteration for XAUUSD on H1...
[2026-07-29 05:36:33] MT5 Connected
[2026-07-29 05:36:33] Symbol: XAUUSD
[2026-07-29 05:36:33] Timeframe: H1
[2026-07-29 05:36:33] Candles Received: 10
[2026-07-29 05:36:33] Features Generated: true
[2026-07-29 05:36:33] Research Completed: true
[2026-07-29 05:36:33] Research cycle completed successfully. Result ID: rpt-XAUUSD-2f069aba
[2026-07-29 05:36:33] Starting research iteration for XAUUSD on H1...
[2026-07-29 05:36:33] MT5 Connected
[2026-07-29 05:36:33] Symbol: XAUUSD
[2026-07-29 05:36:33] Timeframe: H1
[2026-07-29 05:36:33] Candles Received: 10
[2026-07-29 05:36:33] Features Generated: true
[2026-07-29 05:36:33] Research Completed: true
[2026-07-29 05:36:33] Research cycle completed successfully. Result ID: rpt-XAUUSD-b30cb6f6
[2026-07-29 05:36:35] Starting research iteration for XAUUSD on H1...
[2026-07-29 05:36:35] MT5 Connected
[2026-07-29 05:36:35] Symbol: XAUUSD
[2026-07-29 05:36:35] Timeframe: H1
[2026-07-29 05:36:35] Candles Received: 10
[2026-07-29 05:36:35] Features Generated: true
[2026-07-29 05:36:35] Research Completed: true
[2026-07-29 05:36:35] Research cycle completed successfully. Result ID: rpt-XAUUSD-9d1d719c
[2026-07-29 05:36:36] Starting research iteration for XAUUSD on H1...
[2026-07-29 05:36:36] MT5 Connected
[2026-07-29 05:36:36] Symbol: XAUUSD
[2026-07-29 05:36:36] Timeframe: H1
[2026-07-29 05:36:36] Candles Received: 10
[2026-07-29 05:36:36] Features Generated: true
[2026-07-29 05:36:36] Research Completed: true
[2026-07-29 05:36:36] Research cycle completed successfully. Result ID: rpt-XAUUSD-28ab9b9f
[2026-07-29 05:36:36] Starting research iteration for XAUUSD on H1...
[2026-07-29 05:36:36] MT5 Connected
[2026-07-29 05:36:36] Symbol: XAUUSD
[2026-07-29 05:36:36] Timeframe: H1
[2026-07-29 05:36:36] Candles Received: 10
[2026-07-29 05:36:36] Features Generated: true
[2026-07-29 05:36:36] Research Completed: true
[2026-07-29 05:36:36] Research cycle completed successfully. Result ID: rpt-XAUUSD-eb443d80
[2026-07-29 05:36:36] Starting research iteration for XAUUSD on H1...
[2026-07-29 05:36:36] MT5 Connected
[2026-07-29 05:36:36] Symbol: XAUUSD
[2026-07-29 05:36:36] Timeframe: H1
[2026-07-29 05:36:36] Candles Received: 10
[2026-07-29 05:36:36] Features Generated: true
[2026-07-29 05:36:36] Research Completed: true
[2026-07-29 05:36:36] Research cycle completed successfully. Result ID: rpt-XAUUSD-546aff92
[2026-07-29 05:36:37] Starting research iteration for XAUUSD on H1...
[2026-07-29 05:36:37] MT5 Connected
[2026-07-29 05:36:37] Symbol: XAUUSD
[2026-07-29 05:36:37] Timeframe: H1
[2026-07-29 05:36:37] Candles Received: 10
[2026-07-29 05:36:37] Features Generated: true
[2026-07-29 05:36:37] Research Completed: true
[2026-07-29 05:36:37] Research cycle completed successfully. Result ID: rpt-XAUUSD-983680cf
[2026-07-29 05:36:37] Starting research iteration for XAUUSD on H1...
[2026-07-29 05:36:37] MT5 Connected
[2026-07-29 05:36:37] Symbol: XAUUSD
[2026-07-29 05:36:37] Timeframe: H1
[2026-07-29 05:36:37] Candles Received: 10
[2026-07-29 05:36:37] Features Generated: true
[2026-07-29 05:36:37] Research Completed: true
[2026-07-29 05:36:37] Research cycle completed successfully. Result ID: rpt-XAUUSD-b878b8d9
[2026-07-29 05:36:37] Starting research iteration for XAUUSD on H1...
[2026-07-29 05:36:37] MT5 Connected
[2026-07-29 05:36:37] Symbol: XAUUSD
[2026-07-29 05:36:37] Timeframe: H1
[2026-07-29 05:36:37] Candles Received: 10
[2026-07-29 05:36:37] Features Generated: true
[2026-07-29 05:36:37] Research Completed: true
[2026-07-29 05:36:37] Research cycle completed successfully. Result ID: rpt-XAUUSD-89835e7a
[2026-07-29 05:36:38] Starting research iteration for XAUUSD on H1...
[2026-07-29 05:36:38] MT5 Connected
[2026-07-29 05:36:38] Symbol: XAUUSD
[2026-07-29 05:36:38] Timeframe: H1
[2026-07-29 05:36:38] Candles Received: 10
[2026-07-29 05:36:38] Features Generated: true
[2026-07-29 05:36:38] Research Completed: true
[2026-07-29 05:36:38] Research cycle completed successfully. Result ID: rpt-XAUUSD-35f89d28
[2026-07-29 05:36:38] Starting research iteration for XAUUSD on H1...
[2026-07-29 05:36:38] MT5 Connected
[2026-07-29 05:36:38] Symbol: XAUUSD
[2026-07-29 05:36:38] Timeframe: H1
[2026-07-29 05:36:38] Candles Received: 10
[2026-07-29 05:36:38] Features Generated: true
[2026-07-29 05:36:38] Research Completed: true
[2026-07-29 05:36:38] Research cycle completed successfully. Result ID: rpt-XAUUSD-dfd66deb
[2026-07-29 05:36:39] Starting research iteration for XAUUSD on H1...
[2026-07-29 05:36:39] MT5 Connected
[2026-07-29 05:36:39] Symbol: XAUUSD
[2026-07-29 05:36:39] Timeframe: H1
[2026-07-29 05:36:39] Candles Received: 10
[2026-07-29 05:36:39] Features Generated: true
[2026-07-29 05:36:39] Research Completed: true
[2026-07-29 05:36:39] Research cycle completed successfully. Result ID: rpt-XAUUSD-1f6dbe0e
[2026-07-29 05:36:40] Starting research iteration for XAUUSD on H1...
[2026-07-29 05:36:40] MT5 Connected
[2026-07-29 05:36:40] Symbol: XAUUSD
[2026-07-29 05:36:40] Timeframe: H1
[2026-07-29 05:36:40] Candles Received: 10
[2026-07-29 05:36:40] Features Generated: true
[2026-07-29 05:36:40] Research Completed: true
[2026-07-29 05:36:40] Research cycle completed successfully. Result ID: rpt-XAUUSD-3814c5a9
[2026-07-29 05:36:40] Starting research iteration for XAUUSD on H1...
[2026-07-29 05:36:40] MT5 Connected
[2026-07-29 05:36:40] Symbol: XAUUSD
[2026-07-29 05:36:40] Timeframe: H1
[2026-07-29 05:36:40] Candles Received: 10
[2026-07-29 05:36:40] Features Generated: true
[2026-07-29 05:36:40] Research Completed: true
[2026-07-29 05:36:40] Research cycle completed successfully. Result ID: rpt-XAUUSD-2b1ce904
[2026-07-29 05:36:41] Starting research iteration for XAUUSD on H1...
[2026-07-29 05:36:41] MT5 Connected
[2026-07-29 05:36:41] Symbol: XAUUSD
[2026-07-29 05:36:41] Timeframe: H1
[2026-07-29 05:36:41] Candles Received: 10
[2026-07-29 05:36:41] Features Generated: true
[2026-07-29 05:36:41] Research Completed: true
[2026-07-29 05:36:41] Research cycle completed successfully. Result ID: rpt-XAUUSD-d698216a
[2026-07-29 05:36:42] Starting research iteration for XAUUSD on H1...
[2026-07-29 05:36:42] MT5 Connected
[2026-07-29 05:36:42] Symbol: XAUUSD
[2026-07-29 05:36:42] Timeframe: H1
[2026-07-29 05:36:42] Candles Received: 10
[2026-07-29 05:36:42] Features Generated: true
[2026-07-29 05:36:42] Research Completed: true
[2026-07-29 05:36:42] Research cycle completed successfully. Result ID: rpt-XAUUSD-a40fb3a9
[2026-07-29 05:36:43] Starting research iteration for XAUUSD on H1...
[2026-07-29 05:36:43] MT5 Connected
[2026-07-29 05:36:43] Symbol: XAUUSD
[2026-07-29 05:36:43] Timeframe: H1
[2026-07-29 05:36:43] Candles Received: 10
[2026-07-29 05:36:43] Features Generated: true
[2026-07-29 05:36:43] Research Completed: true
[2026-07-29 05:36:43] Research cycle completed successfully. Result ID: rpt-XAUUSD-6df72aea
[2026-07-29 05:36:44] Starting research iteration for XAUUSD on H1...
[2026-07-29 05:36:44] MT5 Connected
[2026-07-29 05:36:44] Symbol: XAUUSD
[2026-07-29 05:36:44] Timeframe: H1
[2026-07-29 05:36:44] Candles Received: 10
[2026-07-29 05:36:44] Features Generated: true
[2026-07-29 05:36:44] Research Completed: true
[2026-07-29 05:36:44] Research cycle completed successfully. Result ID: rpt-XAUUSD-4ecbab45
[2026-07-29 05:36:46] Starting research iteration for XAUUSD on H1...
[2026-07-29 05:36:46] MT5 Connected
[2026-07-29 05:36:46] Symbol: XAUUSD
[2026-07-29 05:36:46] Timeframe: H1
[2026-07-29 05:36:46] Candles Received: 10
[2026-07-29 05:36:46] Features Generated: true
[2026-07-29 05:36:46] Research Completed: true
[2026-07-29 05:36:46] Research cycle completed successfully. Result ID: rpt-XAUUSD-1674cb53
[2026-07-29 05:36:47] Starting research iteration for XAUUSD on H1...
[2026-07-29 05:36:47] MT5 Connected
[2026-07-29 05:36:47] Symbol: XAUUSD
[2026-07-29 05:36:47] Timeframe: H1
[2026-07-29 05:36:47] Candles Received: 10
[2026-07-29 05:36:47] Features Generated: true
[2026-07-29 05:36:47] Research Completed: true
[2026-07-29 05:36:47] Research cycle completed successfully. Result ID: rpt-XAUUSD-bd3199b6
[2026-07-29 05:36:47] Starting research iteration for XAUUSD on H1...
[2026-07-29 05:36:47] MT5 Connected
[2026-07-29 05:36:47] Symbol: XAUUSD
[2026-07-29 05:36:47] Timeframe: H1
[2026-07-29 05:36:47] Candles Received: 10
[2026-07-29 05:36:47] Features Generated: true
[2026-07-29 05:36:47] Research Completed: true
[2026-07-29 05:36:47] Research cycle completed successfully. Result ID: rpt-XAUUSD-292fb423
[2026-07-29 05:36:48] Starting research iteration for XAUUSD on H1...
[2026-07-29 05:36:48] MT5 Connected
[2026-07-29 05:36:48] Symbol: XAUUSD
[2026-07-29 05:36:48] Timeframe: H1
[2026-07-29 05:36:48] Candles Received: 10
[2026-07-29 05:36:48] Features Generated: true
[2026-07-29 05:36:48] Research Completed: true
[2026-07-29 05:36:48] Research cycle completed successfully. Result ID: rpt-XAUUSD-72a4a6a3
[2026-07-29 05:36:48] Starting research iteration for XAUUSD on H1...
[2026-07-29 05:36:48] MT5 Connected
[2026-07-29 05:36:48] Symbol: XAUUSD
[2026-07-29 05:36:48] Timeframe: H1
[2026-07-29 05:36:48] Candles Received: 10
[2026-07-29 05:36:48] Features Generated: true
[2026-07-29 05:36:48] Research Completed: true
[2026-07-29 05:36:48] Research cycle completed successfully. Result ID: rpt-XAUUSD-b8027efe
[2026-07-29 05:36:50] Starting research iteration for XAUUSD on H1...
[2026-07-29 05:36:50] MT5 Connected
[2026-07-29 05:36:50] Symbol: XAUUSD
[2026-07-29 05:36:50] Timeframe: H1
[2026-07-29 05:36:50] Candles Received: 10
[2026-07-29 05:36:50] Features Generated: true
[2026-07-29 05:36:50] Research Completed: true
[2026-07-29 05:36:50] Research cycle completed successfully. Result ID: rpt-XAUUSD-ba93d0b2
[2026-07-29 05:36:51] Starting research iteration for XAUUSD on H1...
[2026-07-29 05:36:51] MT5 Connected
[2026-07-29 05:36:51] Symbol: XAUUSD
[2026-07-29 05:36:51] Timeframe: H1
[2026-07-29 05:36:51] Candles Received: 10
[2026-07-29 05:36:51] Features Generated: true
[2026-07-29 05:36:51] Research Completed: true
[2026-07-29 05:36:51] Research cycle completed successfully. Result ID: rpt-XAUUSD-1170110d
[2026-07-29 05:36:51] Starting research iteration for XAUUSD on H1...
[2026-07-29 05:36:51] MT5 Connected
[2026-07-29 05:36:51] Symbol: XAUUSD
[2026-07-29 05:36:51] Timeframe: H1
[2026-07-29 05:36:51] Candles Received: 10
[2026-07-29 05:36:51] Features Generated: true
[2026-07-29 05:36:51] Research Completed: true
[2026-07-29 05:36:51] Research cycle completed successfully. Result ID: rpt-XAUUSD-1bba353c
[2026-07-29 05:36:51] Starting research iteration for XAUUSD on H1...
[2026-07-29 05:36:51] MT5 Connected
[2026-07-29 05:36:51] Symbol: XAUUSD
[2026-07-29 05:36:51] Timeframe: H1
[2026-07-29 05:36:51] Candles Received: 10
[2026-07-29 05:36:51] Features Generated: true
[2026-07-29 05:36:51] Research Completed: true
[2026-07-29 05:36:51] Research cycle completed successfully. Result ID: rpt-XAUUSD-77edd464
[2026-07-29 05:36:51] Starting research iteration for XAUUSD on H1...
[2026-07-29 05:36:51] MT5 Connected
[2026-07-29 05:36:51] Symbol: XAUUSD
[2026-07-29 05:36:51] Timeframe: H1
[2026-07-29 05:36:51] Candles Received: 10
[2026-07-29 05:36:51] Features Generated: true
[2026-07-29 05:36:51] Research Completed: true
[2026-07-29 05:36:51] Research cycle completed successfully. Result ID: rpt-XAUUSD-5d3a736a
[2026-07-29 05:36:52] Starting research iteration for XAUUSD on H1...
[2026-07-29 05:36:52] MT5 Connected
[2026-07-29 05:36:52] Symbol: XAUUSD
[2026-07-29 05:36:52] Timeframe: H1
[2026-07-29 05:36:52] Candles Received: 10
[2026-07-29 05:36:52] Features Generated: true
[2026-07-29 05:36:52] Research Completed: true
[2026-07-29 05:36:52] Research cycle completed successfully. Result ID: rpt-XAUUSD-492ee4c9
[2026-07-29 05:36:52] Starting research iteration for XAUUSD on H1...
[2026-07-29 05:36:52] MT5 Connected
[2026-07-29 05:36:52] Symbol: XAUUSD
[2026-07-29 05:36:52] Timeframe: H1
[2026-07-29 05:36:52] Candles Received: 10
[2026-07-29 05:36:52] Features Generated: true
[2026-07-29 05:36:52] Research Completed: true
[2026-07-29 05:36:52] Research cycle completed successfully. Result ID: rpt-XAUUSD-3e23c12b
[2026-07-29 05:36:53] Starting research iteration for XAUUSD on H1...
[2026-07-29 05:36:53] MT5 Connected
[2026-07-29 05:36:53] Symbol: XAUUSD
[2026-07-29 05:36:53] Timeframe: H1
[2026-07-29 05:36:53] Candles Received: 10
[2026-07-29 05:36:53] Features Generated: true
[2026-07-29 05:36:53] Research Completed: true
[2026-07-29 05:36:53] Research cycle completed successfully. Result ID: rpt-XAUUSD-e3015f5b
[2026-07-29 05:36:53] Starting research iteration for XAUUSD on H1...
[2026-07-29 05:36:53] MT5 Connected
[2026-07-29 05:36:53] Symbol: XAUUSD
[2026-07-29 05:36:53] Timeframe: H1
[2026-07-29 05:36:53] Candles Received: 10
[2026-07-29 05:36:53] Features Generated: true
[2026-07-29 05:36:53] Research Completed: true
[2026-07-29 05:36:53] Research cycle completed successfully. Result ID: rpt-XAUUSD-479e3ce1
[2026-07-29 05:36:54] Starting research iteration for XAUUSD on H1...
[2026-07-29 05:36:54] MT5 Connected
[2026-07-29 05:36:54] Symbol: XAUUSD
[2026-07-29 05:36:54] Timeframe: H1
[2026-07-29 05:36:54] Candles Received: 10
[2026-07-29 05:36:54] Features Generated: true
[2026-07-29 05:36:54] Research Completed: true
[2026-07-29 05:36:54] Research cycle completed successfully. Result ID: rpt-XAUUSD-93f6a05b
[2026-07-29 05:36:55] Starting research iteration for XAUUSD on H1...
[2026-07-29 05:36:55] MT5 Connected
[2026-07-29 05:36:55] Symbol: XAUUSD
[2026-07-29 05:36:55] Timeframe: H1
[2026-07-29 05:36:55] Candles Received: 10
[2026-07-29 05:36:55] Features Generated: true
[2026-07-29 05:36:55] Research Completed: true
[2026-07-29 05:36:55] Research cycle completed successfully. Result ID: rpt-XAUUSD-c080bbfc
[2026-07-29 05:36:55] Starting research iteration for XAUUSD on H1...
[2026-07-29 05:36:55] MT5 Connected
[2026-07-29 05:36:55] Symbol: XAUUSD
[2026-07-29 05:36:55] Timeframe: H1
[2026-07-29 05:36:55] Candles Received: 10
[2026-07-29 05:36:55] Features Generated: true
[2026-07-29 05:36:55] Research Completed: true
[2026-07-29 05:36:55] Research cycle completed successfully. Result ID: rpt-XAUUSD-f0b5efb2
[2026-07-29 05:36:56] Starting research iteration for XAUUSD on H1...
[2026-07-29 05:36:56] MT5 Connected
[2026-07-29 05:36:56] Symbol: XAUUSD
[2026-07-29 05:36:56] Timeframe: H1
[2026-07-29 05:36:56] Candles Received: 10
[2026-07-29 05:36:56] Features Generated: true
[2026-07-29 05:36:56] Research Completed: true
[2026-07-29 05:36:56] Research cycle completed successfully. Result ID: rpt-XAUUSD-a0429864
[2026-07-29 05:36:57] Starting research iteration for XAUUSD on H1...
[2026-07-29 05:36:57] MT5 Connected
[2026-07-29 05:36:57] Symbol: XAUUSD
[2026-07-29 05:36:57] Timeframe: H1
[2026-07-29 05:36:57] Candles Received: 10
[2026-07-29 05:36:57] Features Generated: true
[2026-07-29 05:36:57] Research Completed: true
[2026-07-29 05:36:57] Research cycle completed successfully. Result ID: rpt-XAUUSD-95296913
[2026-07-29 05:36:58] Starting research iteration for XAUUSD on H1...
[2026-07-29 05:36:58] MT5 Connected
[2026-07-29 05:36:58] Symbol: XAUUSD
[2026-07-29 05:36:58] Timeframe: H1
[2026-07-29 05:36:58] Candles Received: 10
[2026-07-29 05:36:58] Features Generated: true
[2026-07-29 05:36:58] Research Completed: true
[2026-07-29 05:36:58] Research cycle completed successfully. Result ID: rpt-XAUUSD-e4d6f53c
[2026-07-29 05:36:59] Starting research iteration for XAUUSD on H1...
[2026-07-29 05:36:59] MT5 Connected
[2026-07-29 05:36:59] Symbol: XAUUSD
[2026-07-29 05:36:59] Timeframe: H1
[2026-07-29 05:36:59] Candles Received: 10
[2026-07-29 05:36:59] Features Generated: true
[2026-07-29 05:36:59] Research Completed: true
[2026-07-29 05:36:59] Research cycle completed successfully. Result ID: rpt-XAUUSD-8170ea17
[2026-07-29 05:37:02] Starting research iteration for XAUUSD on H1...
[2026-07-29 05:37:02] MT5 Connected
[2026-07-29 05:37:02] Symbol: XAUUSD
[2026-07-29 05:37:02] Timeframe: H1
[2026-07-29 05:37:02] Candles Received: 10
[2026-07-29 05:37:02] Features Generated: true
[2026-07-29 05:37:02] Research Completed: true
[2026-07-29 05:37:02] Research cycle completed successfully. Result ID: rpt-XAUUSD-df14e044
[2026-07-29 05:37:02] Starting research iteration for XAUUSD on H1...
[2026-07-29 05:37:02] MT5 Connected
[2026-07-29 05:37:02] Symbol: XAUUSD
[2026-07-29 05:37:02] Timeframe: H1
[2026-07-29 05:37:02] Candles Received: 10
[2026-07-29 05:37:02] Features Generated: true
[2026-07-29 05:37:02] Research Completed: true
[2026-07-29 05:37:02] Research cycle completed successfully. Result ID: rpt-XAUUSD-ac28d5c1
[2026-07-29 05:37:03] Starting research iteration for XAUUSD on H1...
[2026-07-29 05:37:03] MT5 Connected
[2026-07-29 05:37:03] Symbol: XAUUSD
[2026-07-29 05:37:03] Timeframe: H1
[2026-07-29 05:37:03] Candles Received: 10
[2026-07-29 05:37:03] Features Generated: true
[2026-07-29 05:37:03] Research Completed: true
[2026-07-29 05:37:03] Research cycle completed successfully. Result ID: rpt-XAUUSD-c49a8f46
[2026-07-29 05:37:03] Starting research iteration for XAUUSD on H1...
[2026-07-29 05:37:03] MT5 Connected
[2026-07-29 05:37:03] Symbol: XAUUSD
[2026-07-29 05:37:03] Timeframe: H1
[2026-07-29 05:37:03] Candles Received: 10
[2026-07-29 05:37:03] Features Generated: true
[2026-07-29 05:37:03] Research Completed: true
[2026-07-29 05:37:03] Research cycle completed successfully. Result ID: rpt-XAUUSD-e1603073
[2026-07-29 05:37:04] Starting research iteration for XAUUSD on H1...
[2026-07-29 05:37:04] MT5 Connected
[2026-07-29 05:37:04] Symbol: XAUUSD
[2026-07-29 05:37:04] Timeframe: H1
[2026-07-29 05:37:04] Candles Received: 10
[2026-07-29 05:37:04] Features Generated: true
[2026-07-29 05:37:04] Research Completed: true
[2026-07-29 05:37:04] Research cycle completed successfully. Result ID: rpt-XAUUSD-a93f36f3
[2026-07-29 05:37:05] Starting research iteration for XAUUSD on H1...
[2026-07-29 05:37:05] MT5 Connected
[2026-07-29 05:37:05] Symbol: XAUUSD
[2026-07-29 05:37:05] Timeframe: H1
[2026-07-29 05:37:05] Candles Received: 10
[2026-07-29 05:37:05] Features Generated: true
[2026-07-29 05:37:05] Research Completed: true
[2026-07-29 05:37:05] Research cycle completed successfully. Result ID: rpt-XAUUSD-9898c411
[2026-07-29 05:37:06] Starting research iteration for XAUUSD on H1...
[2026-07-29 05:37:06] MT5 Connected
[2026-07-29 05:37:06] Symbol: XAUUSD
[2026-07-29 05:37:06] Timeframe: H1
[2026-07-29 05:37:06] Candles Received: 10
[2026-07-29 05:37:06] Features Generated: true
[2026-07-29 05:37:06] Research Completed: true
[2026-07-29 05:37:06] Research cycle completed successfully. Result ID: rpt-XAUUSD-d03c8963
[2026-07-29 05:37:06] Starting research iteration for XAUUSD on H1...
[2026-07-29 05:37:06] MT5 Connected
[2026-07-29 05:37:06] Symbol: XAUUSD
[2026-07-29 05:37:06] Timeframe: H1
[2026-07-29 05:37:06] Candles Received: 10
[2026-07-29 05:37:06] Features Generated: true
[2026-07-29 05:37:06] Research Completed: true
[2026-07-29 05:37:06] Research cycle completed successfully. Result ID: rpt-XAUUSD-03872471
[2026-07-29 05:37:06] Starting research iteration for XAUUSD on H1...
[2026-07-29 05:37:06] MT5 Connected
[2026-07-29 05:37:06] Symbol: XAUUSD
[2026-07-29 05:37:06] Timeframe: H1
[2026-07-29 05:37:06] Candles Received: 10
[2026-07-29 05:37:06] Features Generated: true
[2026-07-29 05:37:06] Research Completed: true
[2026-07-29 05:37:06] Research cycle completed successfully. Result ID: rpt-XAUUSD-7af31343
[2026-07-29 05:37:06] Starting research iteration for XAUUSD on H1...
[2026-07-29 05:37:06] MT5 Connected
[2026-07-29 05:37:06] Symbol: XAUUSD
[2026-07-29 05:37:06] Timeframe: H1
[2026-07-29 05:37:06] Candles Received: 10
[2026-07-29 05:37:06] Features Generated: true
[2026-07-29 05:37:06] Research Completed: true
[2026-07-29 05:37:06] Research cycle completed successfully. Result ID: rpt-XAUUSD-eab118d9
[2026-07-29 05:37:07] Starting research iteration for XAUUSD on H1...
[2026-07-29 05:37:07] MT5 Connected
[2026-07-29 05:37:07] Symbol: XAUUSD
[2026-07-29 05:37:07] Timeframe: H1
[2026-07-29 05:37:07] Candles Received: 10
[2026-07-29 05:37:07] Features Generated: true
[2026-07-29 05:37:07] Research Completed: true
[2026-07-29 05:37:07] Research cycle completed successfully. Result ID: rpt-XAUUSD-03e12d71
[2026-07-29 05:37:07] Starting research iteration for XAUUSD on H1...
[2026-07-29 05:37:07] MT5 Connected
[2026-07-29 05:37:07] Symbol: XAUUSD
[2026-07-29 05:37:07] Timeframe: H1
[2026-07-29 05:37:07] Candles Received: 10
[2026-07-29 05:37:07] Features Generated: true
[2026-07-29 05:37:07] Research Completed: true
[2026-07-29 05:37:07] Research cycle completed successfully. Result ID: rpt-XAUUSD-64781691
[2026-07-29 05:37:08] Starting research iteration for XAUUSD on H1...
[2026-07-29 05:37:08] MT5 Connected
[2026-07-29 05:37:08] Symbol: XAUUSD
[2026-07-29 05:37:08] Timeframe: H1
[2026-07-29 05:37:08] Candles Received: 10
[2026-07-29 05:37:08] Features Generated: true
[2026-07-29 05:37:08] Research Completed: true
[2026-07-29 05:37:08] Research cycle completed successfully. Result ID: rpt-XAUUSD-817891fb
[2026-07-29 05:37:08] Starting research iteration for XAUUSD on H1...
[2026-07-29 05:37:08] MT5 Connected
[2026-07-29 05:37:08] Symbol: XAUUSD
[2026-07-29 05:37:08] Timeframe: H1
[2026-07-29 05:37:08] Candles Received: 10
[2026-07-29 05:37:08] Features Generated: true
[2026-07-29 05:37:08] Research Completed: true
[2026-07-29 05:37:08] Research cycle completed successfully. Result ID: rpt-XAUUSD-3612e3d2
[2026-07-29 05:37:09] Starting research iteration for XAUUSD on H1...
[2026-07-29 05:37:09] MT5 Connected
[2026-07-29 05:37:09] Symbol: XAUUSD
[2026-07-29 05:37:09] Timeframe: H1
[2026-07-29 05:37:09] Candles Received: 10
[2026-07-29 05:37:09] Features Generated: true
[2026-07-29 05:37:09] Research Completed: true
[2026-07-29 05:37:09] Research cycle completed successfully. Result ID: rpt-XAUUSD-f1d8867b
[2026-07-29 05:37:10] Starting research iteration for XAUUSD on H1...
[2026-07-29 05:37:10] MT5 Connected
[2026-07-29 05:37:10] Symbol: XAUUSD
[2026-07-29 05:37:10] Timeframe: H1
[2026-07-29 05:37:10] Candles Received: 10
[2026-07-29 05:37:10] Features Generated: true
[2026-07-29 05:37:10] Research Completed: true
[2026-07-29 05:37:10] Research cycle completed successfully. Result ID: rpt-XAUUSD-23ef856b
[2026-07-29 05:37:11] Starting research iteration for XAUUSD on H1...
[2026-07-29 05:37:11] MT5 Connected
[2026-07-29 05:37:11] Symbol: XAUUSD
[2026-07-29 05:37:11] Timeframe: H1
[2026-07-29 05:37:11] Candles Received: 10
[2026-07-29 05:37:11] Features Generated: true
[2026-07-29 05:37:11] Research Completed: true
[2026-07-29 05:37:11] Research cycle completed successfully. Result ID: rpt-XAUUSD-51bca339
[2026-07-29 05:37:12] Starting research iteration for XAUUSD on H1...
[2026-07-29 05:37:12] MT5 Connected
[2026-07-29 05:37:12] Symbol: XAUUSD
[2026-07-29 05:37:12] Timeframe: H1
[2026-07-29 05:37:12] Candles Received: 10
[2026-07-29 05:37:12] Features Generated: true
[2026-07-29 05:37:12] Research Completed: true
[2026-07-29 05:37:12] Research cycle completed successfully. Result ID: rpt-XAUUSD-6d88b7fb
[2026-07-29 05:37:13] Starting research iteration for XAUUSD on H1...
[2026-07-29 05:37:13] MT5 Connected
[2026-07-29 05:37:13] Symbol: XAUUSD
[2026-07-29 05:37:13] Timeframe: H1
[2026-07-29 05:37:13] Candles Received: 10
[2026-07-29 05:37:13] Features Generated: true
[2026-07-29 05:37:13] Research Completed: true
[2026-07-29 05:37:13] Research cycle completed successfully. Result ID: rpt-XAUUSD-fb7c6de1
[2026-07-29 05:37:14] Starting research iteration for XAUUSD on H1...
[2026-07-29 05:37:14] MT5 Connected
[2026-07-29 05:37:14] Symbol: XAUUSD
[2026-07-29 05:37:14] Timeframe: H1
[2026-07-29 05:37:14] Candles Received: 10
[2026-07-29 05:37:14] Features Generated: true
[2026-07-29 05:37:14] Research Completed: true
[2026-07-29 05:37:14] Research cycle completed successfully. Result ID: rpt-XAUUSD-e68c1d53
[2026-07-29 05:37:15] Starting research iteration for XAUUSD on H1...
[2026-07-29 05:37:15] MT5 Connected
[2026-07-29 05:37:15] Symbol: XAUUSD
[2026-07-29 05:37:15] Timeframe: H1
[2026-07-29 05:37:15] Candles Received: 10
[2026-07-29 05:37:15] Features Generated: true
[2026-07-29 05:37:15] Research Completed: true
[2026-07-29 05:37:15] Research cycle completed successfully. Result ID: rpt-XAUUSD-13d9aef3
[2026-07-29 05:37:17] Starting research iteration for XAUUSD on H1...
[2026-07-29 05:37:17] MT5 Connected
[2026-07-29 05:37:17] Symbol: XAUUSD
[2026-07-29 05:37:17] Timeframe: H1
[2026-07-29 05:37:17] Candles Received: 10
[2026-07-29 05:37:17] Features Generated: true
[2026-07-29 05:37:17] Research Completed: true
[2026-07-29 05:37:17] Research cycle completed successfully. Result ID: rpt-XAUUSD-ee20fe2c
[2026-07-29 05:37:18] Starting research iteration for XAUUSD on H1...
[2026-07-29 05:37:18] MT5 Connected
[2026-07-29 05:37:18] Symbol: XAUUSD
[2026-07-29 05:37:18] Timeframe: H1
[2026-07-29 05:37:18] Candles Received: 10
[2026-07-29 05:37:18] Features Generated: true
[2026-07-29 05:37:18] Research Completed: true
[2026-07-29 05:37:18] Research cycle completed successfully. Result ID: rpt-XAUUSD-50028742
[2026-07-29 05:37:18] Starting research iteration for XAUUSD on H1...
[2026-07-29 05:37:18] MT5 Connected
[2026-07-29 05:37:18] Symbol: XAUUSD
[2026-07-29 05:37:18] Timeframe: H1
[2026-07-29 05:37:18] Candles Received: 10
[2026-07-29 05:37:18] Features Generated: true
[2026-07-29 05:37:18] Research Completed: true
[2026-07-29 05:37:18] Research cycle completed successfully. Result ID: rpt-XAUUSD-4ef479c6
[2026-07-29 05:37:18] Starting research iteration for XAUUSD on H1...
[2026-07-29 05:37:18] MT5 Connected
[2026-07-29 05:37:18] Symbol: XAUUSD
[2026-07-29 05:37:18] Timeframe: H1
[2026-07-29 05:37:18] Candles Received: 10
[2026-07-29 05:37:18] Features Generated: true
[2026-07-29 05:37:18] Research Completed: true
[2026-07-29 05:37:18] Research cycle completed successfully. Result ID: rpt-XAUUSD-6e4ce957
[2026-07-29 05:37:19] Starting research iteration for XAUUSD on H1...
[2026-07-29 05:37:19] MT5 Connected
[2026-07-29 05:37:19] Symbol: XAUUSD
[2026-07-29 05:37:19] Timeframe: H1
[2026-07-29 05:37:19] Candles Received: 10
[2026-07-29 05:37:19] Features Generated: true
[2026-07-29 05:37:19] Research Completed: true
[2026-07-29 05:37:19] Research cycle completed successfully. Result ID: rpt-XAUUSD-b98def9d
[2026-07-29 05:37:20] Starting research iteration for XAUUSD on H1...
[2026-07-29 05:37:20] MT5 Connected
[2026-07-29 05:37:20] Symbol: XAUUSD
[2026-07-29 05:37:20] Timeframe: H1
[2026-07-29 05:37:20] Candles Received: 10
[2026-07-29 05:37:20] Features Generated: true
[2026-07-29 05:37:20] Research Completed: true
[2026-07-29 05:37:20] Research cycle completed successfully. Result ID: rpt-XAUUSD-14ca19b5
[2026-07-29 05:37:21] Starting research iteration for XAUUSD on H1...
[2026-07-29 05:37:21] MT5 Connected
[2026-07-29 05:37:21] Symbol: XAUUSD
[2026-07-29 05:37:21] Timeframe: H1
[2026-07-29 05:37:21] Candles Received: 10
[2026-07-29 05:37:21] Features Generated: true
[2026-07-29 05:37:21] Research Completed: true
[2026-07-29 05:37:21] Research cycle completed successfully. Result ID: rpt-XAUUSD-607311b4
[2026-07-29 05:37:21] Starting research iteration for XAUUSD on H1...
[2026-07-29 05:37:21] MT5 Connected
[2026-07-29 05:37:21] Symbol: XAUUSD
[2026-07-29 05:37:21] Timeframe: H1
[2026-07-29 05:37:21] Candles Received: 10
[2026-07-29 05:37:21] Features Generated: true
[2026-07-29 05:37:21] Research Completed: true
[2026-07-29 05:37:21] Research cycle completed successfully. Result ID: rpt-XAUUSD-5055f5be
[2026-07-29 05:37:21] Starting research iteration for XAUUSD on H1...
[2026-07-29 05:37:21] MT5 Connected
[2026-07-29 05:37:21] Symbol: XAUUSD
[2026-07-29 05:37:21] Timeframe: H1
[2026-07-29 05:37:21] Starting research iteration for XAUUSD on H1...
[2026-07-29 05:37:21] MT5 Connected
[2026-07-29 05:37:21] Symbol: XAUUSD
[2026-07-29 05:37:21] Timeframe: H1
[2026-07-29 05:37:21] Candles Received: 10
[2026-07-29 05:37:21] Candles Received: 10
[2026-07-29 05:37:21] Features Generated: true
[2026-07-29 05:37:21] Research Completed: true
[2026-07-29 05:37:21] Research cycle completed successfully. Result ID: rpt-XAUUSD-85346c91
[2026-07-29 05:37:21] Features Generated: true
[2026-07-29 05:37:21] Research Completed: true
[2026-07-29 05:37:21] Research cycle completed successfully. Result ID: rpt-XAUUSD-2c85862a
[2026-07-29 05:37:22] Starting research iteration for XAUUSD on H1...
[2026-07-29 05:37:22] MT5 Connected
[2026-07-29 05:37:22] Symbol: XAUUSD
[2026-07-29 05:37:22] Timeframe: H1
[2026-07-29 05:37:22] Candles Received: 10
[2026-07-29 05:37:22] Features Generated: true
[2026-07-29 05:37:22] Research Completed: true
[2026-07-29 05:37:22] Research cycle completed successfully. Result ID: rpt-XAUUSD-291763b1
[2026-07-29 05:37:23] Starting research iteration for XAUUSD on H1...
[2026-07-29 05:37:23] MT5 Connected
[2026-07-29 05:37:23] Symbol: XAUUSD
[2026-07-29 05:37:23] Timeframe: H1
[2026-07-29 05:37:23] Candles Received: 10
[2026-07-29 05:37:23] Features Generated: true
[2026-07-29 05:37:23] Research Completed: true
[2026-07-29 05:37:23] Research cycle completed successfully. Result ID: rpt-XAUUSD-1f46e6b6
[2026-07-29 05:37:23] Starting research iteration for XAUUSD on H1...
[2026-07-29 05:37:23] MT5 Connected
[2026-07-29 05:37:23] Symbol: XAUUSD
[2026-07-29 05:37:23] Timeframe: H1
[2026-07-29 05:37:23] Candles Received: 10
[2026-07-29 05:37:23] Features Generated: true
[2026-07-29 05:37:23] Research Completed: true
[2026-07-29 05:37:23] Research cycle completed successfully. Result ID: rpt-XAUUSD-cecd587b
[2026-07-29 05:37:24] Starting research iteration for XAUUSD on H1...
[2026-07-29 05:37:24] MT5 Connected
[2026-07-29 05:37:24] Symbol: XAUUSD
[2026-07-29 05:37:24] Timeframe: H1
[2026-07-29 05:37:24] Candles Received: 10
[2026-07-29 05:37:24] Features Generated: true
[2026-07-29 05:37:24] Research Completed: true
[2026-07-29 05:37:24] Research cycle completed successfully. Result ID: rpt-XAUUSD-b9efbeb7
[2026-07-29 05:37:25] Starting research iteration for XAUUSD on H1...
[2026-07-29 05:37:25] MT5 Connected
[2026-07-29 05:37:25] Symbol: XAUUSD
[2026-07-29 05:37:25] Timeframe: H1
[2026-07-29 05:37:25] Candles Received: 10
[2026-07-29 05:37:25] Features Generated: true
[2026-07-29 05:37:25] Research Completed: true
[2026-07-29 05:37:25] Research cycle completed successfully. Result ID: rpt-XAUUSD-9a85ed32
[2026-07-29 05:37:26] Starting research iteration for XAUUSD on H1...
[2026-07-29 05:37:26] MT5 Connected
[2026-07-29 05:37:26] Symbol: XAUUSD
[2026-07-29 05:37:26] Timeframe: H1
[2026-07-29 05:37:26] Candles Received: 10
[2026-07-29 05:37:26] Features Generated: true
[2026-07-29 05:37:26] Research Completed: true
[2026-07-29 05:37:26] Research cycle completed successfully. Result ID: rpt-XAUUSD-f6977007
[2026-07-29 05:37:27] Starting research iteration for XAUUSD on H1...
[2026-07-29 05:37:27] MT5 Connected
[2026-07-29 05:37:27] Symbol: XAUUSD
[2026-07-29 05:37:27] Timeframe: H1
[2026-07-29 05:37:27] Candles Received: 10
[2026-07-29 05:37:27] Features Generated: true
[2026-07-29 05:37:27] Research Completed: true
[2026-07-29 05:37:27] Research cycle completed successfully. Result ID: rpt-XAUUSD-a11dd6e3
[2026-07-29 05:37:28] Starting research iteration for XAUUSD on H1...
[2026-07-29 05:37:28] MT5 Connected
[2026-07-29 05:37:28] Symbol: XAUUSD
[2026-07-29 05:37:28] Timeframe: H1
[2026-07-29 05:37:28] Candles Received: 10
[2026-07-29 05:37:28] Features Generated: true
[2026-07-29 05:37:28] Research Completed: true
[2026-07-29 05:37:28] Research cycle completed successfully. Result ID: rpt-XAUUSD-76d07b3d
[2026-07-29 05:37:30] Starting research iteration for XAUUSD on H1...
[2026-07-29 05:37:30] MT5 Connected
[2026-07-29 05:37:30] Symbol: XAUUSD
[2026-07-29 05:37:30] Timeframe: H1
[2026-07-29 05:37:30] Candles Received: 10
[2026-07-29 05:37:30] Features Generated: true
[2026-07-29 05:37:30] Research Completed: true
[2026-07-29 05:37:30] Research cycle completed successfully. Result ID: rpt-XAUUSD-ca7f2b79
[2026-07-29 05:37:30] Starting research iteration for XAUUSD on H1...
[2026-07-29 05:37:30] MT5 Connected
[2026-07-29 05:37:30] Symbol: XAUUSD
[2026-07-29 05:37:30] Timeframe: H1
[2026-07-29 05:37:30] Candles Received: 10
[2026-07-29 05:37:30] Features Generated: true
[2026-07-29 05:37:30] Research Completed: true
[2026-07-29 05:37:30] Research cycle completed successfully. Result ID: rpt-XAUUSD-44b99aa9
[2026-07-29 05:37:32] Starting research iteration for XAUUSD on H1...
[2026-07-29 05:37:32] MT5 Connected
[2026-07-29 05:37:32] Symbol: XAUUSD
[2026-07-29 05:37:32] Timeframe: H1
[2026-07-29 05:37:32] Candles Received: 10
[2026-07-29 05:37:32] Features Generated: true
[2026-07-29 05:37:32] Research Completed: true
[2026-07-29 05:37:32] Research cycle completed successfully. Result ID: rpt-XAUUSD-a4f3813f
[2026-07-29 05:37:33] Starting research iteration for XAUUSD on H1...
[2026-07-29 05:37:33] MT5 Connected
[2026-07-29 05:37:33] Symbol: XAUUSD
[2026-07-29 05:37:33] Timeframe: H1
[2026-07-29 05:37:33] Candles Received: 10
[2026-07-29 05:37:33] Features Generated: true
[2026-07-29 05:37:33] Research Completed: true
[2026-07-29 05:37:33] Research cycle completed successfully. Result ID: rpt-XAUUSD-78d079bb
[2026-07-29 05:37:33] Starting research iteration for XAUUSD on H1...
[2026-07-29 05:37:33] MT5 Connected
[2026-07-29 05:37:33] Symbol: XAUUSD
[2026-07-29 05:37:33] Timeframe: H1
[2026-07-29 05:37:33] Candles Received: 10
[2026-07-29 05:37:33] Features Generated: true
[2026-07-29 05:37:33] Research Completed: true
[2026-07-29 05:37:33] Research cycle completed successfully. Result ID: rpt-XAUUSD-44e06e76
[2026-07-29 05:37:33] Starting research iteration for XAUUSD on H1...
[2026-07-29 05:37:33] MT5 Connected
[2026-07-29 05:37:33] Symbol: XAUUSD
[2026-07-29 05:37:33] Timeframe: H1
[2026-07-29 05:37:33] Candles Received: 10
[2026-07-29 05:37:33] Features Generated: true
[2026-07-29 05:37:33] Research Completed: true
[2026-07-29 05:37:33] Research cycle completed successfully. Result ID: rpt-XAUUSD-5022fa19
[2026-07-29 05:37:34] Starting research iteration for XAUUSD on H1...
[2026-07-29 05:37:34] MT5 Connected
[2026-07-29 05:37:34] Symbol: XAUUSD
[2026-07-29 05:37:34] Timeframe: H1
[2026-07-29 05:37:34] Candles Received: 10
[2026-07-29 05:37:34] Features Generated: true
[2026-07-29 05:37:34] Research Completed: true
[2026-07-29 05:37:34] Research cycle completed successfully. Result ID: rpt-XAUUSD-5b0fe29e
[2026-07-29 05:37:34] Starting research iteration for XAUUSD on H1...
[2026-07-29 05:37:34] MT5 Connected
[2026-07-29 05:37:34] Symbol: XAUUSD
[2026-07-29 05:37:34] Timeframe: H1
[2026-07-29 05:37:34] Candles Received: 10
[2026-07-29 05:37:34] Features Generated: true
[2026-07-29 05:37:34] Research Completed: true
[2026-07-29 05:37:34] Research cycle completed successfully. Result ID: rpt-XAUUSD-097cdd27
[2026-07-29 05:37:35] Starting research iteration for XAUUSD on H1...
[2026-07-29 05:37:35] MT5 Connected
[2026-07-29 05:37:35] Symbol: XAUUSD
[2026-07-29 05:37:35] Timeframe: H1
[2026-07-29 05:37:35] Candles Received: 10
[2026-07-29 05:37:35] Features Generated: true
[2026-07-29 05:37:35] Research Completed: true
[2026-07-29 05:37:35] Research cycle completed successfully. Result ID: rpt-XAUUSD-658894c9
[2026-07-29 05:37:36] Starting research iteration for XAUUSD on H1...
[2026-07-29 05:37:36] MT5 Connected
[2026-07-29 05:37:36] Symbol: XAUUSD
[2026-07-29 05:37:36] Timeframe: H1
[2026-07-29 05:37:36] Candles Received: 10
[2026-07-29 05:37:36] Features Generated: true
[2026-07-29 05:37:36] Research Completed: true
[2026-07-29 05:37:36] Research cycle completed successfully. Result ID: rpt-XAUUSD-f1f03f4c
[2026-07-29 05:37:36] Starting research iteration for XAUUSD on H1...
[2026-07-29 05:37:36] MT5 Connected
[2026-07-29 05:37:36] Symbol: XAUUSD
[2026-07-29 05:37:36] Timeframe: H1
[2026-07-29 05:37:36] Candles Received: 10
[2026-07-29 05:37:36] Features Generated: true
[2026-07-29 05:37:36] Research Completed: true
[2026-07-29 05:37:36] Research cycle completed successfully. Result ID: rpt-XAUUSD-454d4632
[2026-07-29 05:37:36] Starting research iteration for XAUUSD on H1...
[2026-07-29 05:37:36] MT5 Connected
[2026-07-29 05:37:36] Symbol: XAUUSD
[2026-07-29 05:37:36] Timeframe: H1
[2026-07-29 05:37:36] Candles Received: 10
[2026-07-29 05:37:36] Features Generated: true
[2026-07-29 05:37:36] Research Completed: true
[2026-07-29 05:37:36] Research cycle completed successfully. Result ID: rpt-XAUUSD-05a9285d
[2026-07-29 05:37:36] Starting research iteration for XAUUSD on H1...
[2026-07-29 05:37:36] MT5 Connected
[2026-07-29 05:37:36] Symbol: XAUUSD
[2026-07-29 05:37:36] Timeframe: H1
[2026-07-29 05:37:36] Candles Received: 10
[2026-07-29 05:37:36] Features Generated: true
[2026-07-29 05:37:36] Research Completed: true
[2026-07-29 05:37:36] Research cycle completed successfully. Result ID: rpt-XAUUSD-6f66925d
[2026-07-29 05:37:37] Starting research iteration for XAUUSD on H1...
[2026-07-29 05:37:37] MT5 Connected
[2026-07-29 05:37:37] Symbol: XAUUSD
[2026-07-29 05:37:37] Timeframe: H1
[2026-07-29 05:37:37] Candles Received: 10
[2026-07-29 05:37:37] Features Generated: true
[2026-07-29 05:37:37] Research Completed: true
[2026-07-29 05:37:37] Research cycle completed successfully. Result ID: rpt-XAUUSD-279ca858
[2026-07-29 05:37:38] Starting research iteration for XAUUSD on H1...
[2026-07-29 05:37:38] MT5 Connected
[2026-07-29 05:37:38] Symbol: XAUUSD
[2026-07-29 05:37:38] Timeframe: H1
[2026-07-29 05:37:38] Candles Received: 10
[2026-07-29 05:37:38] Features Generated: true
[2026-07-29 05:37:38] Research Completed: true
[2026-07-29 05:37:38] Research cycle completed successfully. Result ID: rpt-XAUUSD-60536e29
[2026-07-29 05:37:38] Starting research iteration for XAUUSD on H1...
[2026-07-29 05:37:38] MT5 Connected
[2026-07-29 05:37:38] Symbol: XAUUSD
[2026-07-29 05:37:38] Timeframe: H1
[2026-07-29 05:37:38] Candles Received: 10
[2026-07-29 05:37:38] Features Generated: true
[2026-07-29 05:37:38] Research Completed: true
[2026-07-29 05:37:38] Research cycle completed successfully. Result ID: rpt-XAUUSD-c136944b
[2026-07-29 05:37:39] Starting research iteration for XAUUSD on H1...
[2026-07-29 05:37:39] MT5 Connected
[2026-07-29 05:37:39] Symbol: XAUUSD
[2026-07-29 05:37:39] Timeframe: H1
[2026-07-29 05:37:39] Candles Received: 10
[2026-07-29 05:37:39] Features Generated: true
[2026-07-29 05:37:39] Research Completed: true
[2026-07-29 05:37:39] Research cycle completed successfully. Result ID: rpt-XAUUSD-8790c6bc
[2026-07-29 05:37:40] Starting research iteration for XAUUSD on H1...
[2026-07-29 05:37:40] MT5 Connected
[2026-07-29 05:37:40] Symbol: XAUUSD
[2026-07-29 05:37:40] Timeframe: H1
[2026-07-29 05:37:40] Candles Received: 10
[2026-07-29 05:37:40] Features Generated: true
[2026-07-29 05:37:40] Research Completed: true
[2026-07-29 05:37:40] Research cycle completed successfully. Result ID: rpt-XAUUSD-eaf0a83c
[2026-07-29 05:37:41] Starting research iteration for XAUUSD on H1...
[2026-07-29 05:37:41] MT5 Connected
[2026-07-29 05:37:41] Symbol: XAUUSD
[2026-07-29 05:37:41] Timeframe: H1
[2026-07-29 05:37:41] Candles Received: 10
[2026-07-29 05:37:41] Features Generated: true
[2026-07-29 05:37:41] Research Completed: true
[2026-07-29 05:37:41] Research cycle completed successfully. Result ID: rpt-XAUUSD-5122a27d
[2026-07-29 05:37:42] Starting research iteration for XAUUSD on H1...
[2026-07-29 05:37:42] MT5 Connected
[2026-07-29 05:37:42] Symbol: XAUUSD
[2026-07-29 05:37:42] Timeframe: H1
[2026-07-29 05:37:42] Candles Received: 10
[2026-07-29 05:37:42] Features Generated: true
[2026-07-29 05:37:42] Research Completed: true
[2026-07-29 05:37:42] Research cycle completed successfully. Result ID: rpt-XAUUSD-3c9df821
[2026-07-29 05:37:42] Starting research iteration for XAUUSD on H1...
[2026-07-29 05:37:42] MT5 Connected
[2026-07-29 05:37:42] Symbol: XAUUSD
[2026-07-29 05:37:42] Timeframe: H1
[2026-07-29 05:37:42] Candles Received: 10
[2026-07-29 05:37:42] Features Generated: true
[2026-07-29 05:37:42] Research Completed: true
[2026-07-29 05:37:42] Research cycle completed successfully. Result ID: rpt-XAUUSD-600f1628
[2026-07-29 05:37:43] Starting research iteration for XAUUSD on H1...
[2026-07-29 05:37:43] MT5 Connected
[2026-07-29 05:37:43] Symbol: XAUUSD
[2026-07-29 05:37:43] Timeframe: H1
[2026-07-29 05:37:43] Candles Received: 10
[2026-07-29 05:37:43] Features Generated: true
[2026-07-29 05:37:43] Research Completed: true
[2026-07-29 05:37:43] Research cycle completed successfully. Result ID: rpt-XAUUSD-38d105f5
[2026-07-29 05:37:45] Starting research iteration for XAUUSD on H1...
[2026-07-29 05:37:45] MT5 Connected
[2026-07-29 05:37:45] Symbol: XAUUSD
[2026-07-29 05:37:45] Timeframe: H1
[2026-07-29 05:37:45] Candles Received: 10
[2026-07-29 05:37:45] Features Generated: true
[2026-07-29 05:37:45] Research Completed: true
[2026-07-29 05:37:45] Research cycle completed successfully. Result ID: rpt-XAUUSD-f4dbfbdd
[2026-07-29 05:37:45] Starting research iteration for XAUUSD on H1...
[2026-07-29 05:37:45] MT5 Connected
[2026-07-29 05:37:45] Symbol: XAUUSD
[2026-07-29 05:37:45] Timeframe: H1
[2026-07-29 05:37:45] Candles Received: 10
[2026-07-29 05:37:45] Features Generated: true
[2026-07-29 05:37:45] Research Completed: true
[2026-07-29 05:37:45] Research cycle completed successfully. Result ID: rpt-XAUUSD-a136ef50
[2026-07-29 05:37:48] Starting research iteration for XAUUSD on H1...
[2026-07-29 05:37:48] MT5 Connected
[2026-07-29 05:37:48] Symbol: XAUUSD
[2026-07-29 05:37:48] Timeframe: H1
[2026-07-29 05:37:48] Candles Received: 10
[2026-07-29 05:37:48] Features Generated: true
[2026-07-29 05:37:48] Research Completed: true
[2026-07-29 05:37:48] Research cycle completed successfully. Result ID: rpt-XAUUSD-7d541239
[2026-07-29 05:37:48] Starting research iteration for XAUUSD on H1...
[2026-07-29 05:37:48] MT5 Connected
[2026-07-29 05:37:48] Symbol: XAUUSD
[2026-07-29 05:37:48] Timeframe: H1
[2026-07-29 05:37:48] Candles Received: 10
[2026-07-29 05:37:48] Features Generated: true
[2026-07-29 05:37:48] Research Completed: true
[2026-07-29 05:37:48] Research cycle completed successfully. Result ID: rpt-XAUUSD-84f11439
[2026-07-29 05:37:48] Starting research iteration for XAUUSD on H1...
[2026-07-29 05:37:48] MT5 Connected
[2026-07-29 05:37:48] Symbol: XAUUSD
[2026-07-29 05:37:48] Timeframe: H1
[2026-07-29 05:37:48] Candles Received: 10
[2026-07-29 05:37:48] Features Generated: true
[2026-07-29 05:37:48] Research Completed: true
[2026-07-29 05:37:48] Research cycle completed successfully. Result ID: rpt-XAUUSD-d6d86e6c
[2026-07-29 05:37:48] Starting research iteration for XAUUSD on H1...
[2026-07-29 05:37:48] MT5 Connected
[2026-07-29 05:37:48] Symbol: XAUUSD
[2026-07-29 05:37:48] Timeframe: H1
[2026-07-29 05:37:48] Candles Received: 10
[2026-07-29 05:37:48] Features Generated: true
[2026-07-29 05:37:48] Research Completed: true
[2026-07-29 05:37:48] Research cycle completed successfully. Result ID: rpt-XAUUSD-ec6715d9
[2026-07-29 05:37:49] Starting research iteration for XAUUSD on H1...
[2026-07-29 05:37:49] MT5 Connected
[2026-07-29 05:37:49] Symbol: XAUUSD
[2026-07-29 05:37:49] Timeframe: H1
[2026-07-29 05:37:49] Candles Received: 10
[2026-07-29 05:37:49] Features Generated: true
[2026-07-29 05:37:49] Research Completed: true
[2026-07-29 05:37:49] Research cycle completed successfully. Result ID: rpt-XAUUSD-e4ad3421
[2026-07-29 05:37:49] Starting research iteration for XAUUSD on H1...
[2026-07-29 05:37:49] MT5 Connected
[2026-07-29 05:37:49] Symbol: XAUUSD
[2026-07-29 05:37:49] Timeframe: H1
[2026-07-29 05:37:49] Candles Received: 10
[2026-07-29 05:37:49] Features Generated: true
[2026-07-29 05:37:49] Research Completed: true
[2026-07-29 05:37:49] Research cycle completed successfully. Result ID: rpt-XAUUSD-137654ff
[2026-07-29 05:37:50] Starting research iteration for XAUUSD on H1...
[2026-07-29 05:37:50] MT5 Connected
[2026-07-29 05:37:50] Symbol: XAUUSD
[2026-07-29 05:37:50] Timeframe: H1
[2026-07-29 05:37:50] Candles Received: 10
[2026-07-29 05:37:50] Features Generated: true
[2026-07-29 05:37:50] Research Completed: true
[2026-07-29 05:37:50] Research cycle completed successfully. Result ID: rpt-XAUUSD-57a1d04e
[2026-07-29 05:37:51] Starting research iteration for XAUUSD on H1...
[2026-07-29 05:37:51] MT5 Connected
[2026-07-29 05:37:51] Symbol: XAUUSD
[2026-07-29 05:37:51] Timeframe: H1
[2026-07-29 05:37:51] Candles Received: 10
[2026-07-29 05:37:51] Features Generated: true
[2026-07-29 05:37:51] Research Completed: true
[2026-07-29 05:37:51] Research cycle completed successfully. Result ID: rpt-XAUUSD-110aeb2d
[2026-07-29 05:37:51] Starting research iteration for XAUUSD on H1...
[2026-07-29 05:37:51] MT5 Connected
[2026-07-29 05:37:51] Symbol: XAUUSD
[2026-07-29 05:37:51] Timeframe: H1
[2026-07-29 05:37:51] Candles Received: 10
[2026-07-29 05:37:51] Features Generated: true
[2026-07-29 05:37:51] Research Completed: true
[2026-07-29 05:37:51] Research cycle completed successfully. Result ID: rpt-XAUUSD-36fe7506
[2026-07-29 05:37:51] Starting research iteration for XAUUSD on H1...
[2026-07-29 05:37:51] MT5 Connected
[2026-07-29 05:37:51] Symbol: XAUUSD
[2026-07-29 05:37:51] Timeframe: H1
[2026-07-29 05:37:51] Candles Received: 10
[2026-07-29 05:37:51] Features Generated: true
[2026-07-29 05:37:51] Research Completed: true
[2026-07-29 05:37:51] Research cycle completed successfully. Result ID: rpt-XAUUSD-626f4d3b
[2026-07-29 05:37:51] Starting research iteration for XAUUSD on H1...
[2026-07-29 05:37:51] MT5 Connected
[2026-07-29 05:37:51] Symbol: XAUUSD
[2026-07-29 05:37:51] Timeframe: H1
[2026-07-29 05:37:51] Candles Received: 10
[2026-07-29 05:37:51] Features Generated: true
[2026-07-29 05:37:51] Research Completed: true
[2026-07-29 05:37:51] Research cycle completed successfully. Result ID: rpt-XAUUSD-7969a65d
[2026-07-29 05:37:53] Starting research iteration for XAUUSD on H1...
[2026-07-29 05:37:53] MT5 Connected
[2026-07-29 05:37:53] Symbol: XAUUSD
[2026-07-29 05:37:53] Timeframe: H1
[2026-07-29 05:37:53] Candles Received: 10
[2026-07-29 05:37:53] Features Generated: true
[2026-07-29 05:37:53] Research Completed: true
[2026-07-29 05:37:53] Research cycle completed successfully. Result ID: rpt-XAUUSD-7d1de990
[2026-07-29 05:37:53] Starting research iteration for XAUUSD on H1...
[2026-07-29 05:37:53] MT5 Connected
[2026-07-29 05:37:53] Symbol: XAUUSD
[2026-07-29 05:37:53] Timeframe: H1
[2026-07-29 05:37:53] Candles Received: 10
[2026-07-29 05:37:53] Features Generated: true
[2026-07-29 05:37:53] Research Completed: true
[2026-07-29 05:37:53] Research cycle completed successfully. Result ID: rpt-XAUUSD-c7f48433
[2026-07-29 05:37:53] Starting research iteration for XAUUSD on H1...
[2026-07-29 05:37:53] MT5 Connected
[2026-07-29 05:37:53] Symbol: XAUUSD
[2026-07-29 05:37:53] Timeframe: H1
[2026-07-29 05:37:53] Candles Received: 10
[2026-07-29 05:37:53] Features Generated: true
[2026-07-29 05:37:53] Research Completed: true
[2026-07-29 05:37:53] Research cycle completed successfully. Result ID: rpt-XAUUSD-4d7d79e3
[2026-07-29 05:37:54] Starting research iteration for XAUUSD on H1...
[2026-07-29 05:37:54] MT5 Connected
[2026-07-29 05:37:54] Symbol: XAUUSD
[2026-07-29 05:37:54] Timeframe: H1
[2026-07-29 05:37:54] Candles Received: 10
[2026-07-29 05:37:54] Features Generated: true
[2026-07-29 05:37:54] Research Completed: true
[2026-07-29 05:37:54] Research cycle completed successfully. Result ID: rpt-XAUUSD-6faf86a0
[2026-07-29 05:37:55] Starting research iteration for XAUUSD on H1...
[2026-07-29 05:37:55] MT5 Connected
[2026-07-29 05:37:55] Symbol: XAUUSD
[2026-07-29 05:37:55] Timeframe: H1
[2026-07-29 05:37:55] Candles Received: 10
[2026-07-29 05:37:55] Features Generated: true
[2026-07-29 05:37:55] Research Completed: true
[2026-07-29 05:37:55] Research cycle completed successfully. Result ID: rpt-XAUUSD-89b7d104
[2026-07-29 05:37:57] Starting research iteration for XAUUSD on H1...
[2026-07-29 05:37:57] MT5 Connected
[2026-07-29 05:37:57] Symbol: XAUUSD
[2026-07-29 05:37:57] Timeframe: H1
[2026-07-29 05:37:57] Candles Received: 10
[2026-07-29 05:37:57] Features Generated: true
[2026-07-29 05:37:57] Research Completed: true
[2026-07-29 05:37:57] Research cycle completed successfully. Result ID: rpt-XAUUSD-af155b87
[2026-07-29 05:37:58] Starting research iteration for XAUUSD on H1...
[2026-07-29 05:37:58] MT5 Connected
[2026-07-29 05:37:58] Symbol: XAUUSD
[2026-07-29 05:37:58] Timeframe: H1
[2026-07-29 05:37:58] Candles Received: 10
[2026-07-29 05:37:58] Features Generated: true
[2026-07-29 05:37:58] Research Completed: true
[2026-07-29 05:37:58] Research cycle completed successfully. Result ID: rpt-XAUUSD-0c94f016
[2026-07-29 05:38:00] Starting research iteration for XAUUSD on H1...
[2026-07-29 05:38:00] MT5 Connected
[2026-07-29 05:38:00] Symbol: XAUUSD
[2026-07-29 05:38:00] Timeframe: H1
[2026-07-29 05:38:00] Candles Received: 10
[2026-07-29 05:38:00] Features Generated: true
[2026-07-29 05:38:00] Research Completed: true
[2026-07-29 05:38:00] Research cycle completed successfully. Result ID: rpt-XAUUSD-2cc64d94
[2026-07-29 05:38:00] Starting research iteration for XAUUSD on H1...
[2026-07-29 05:38:00] MT5 Connected
[2026-07-29 05:38:00] Symbol: XAUUSD
[2026-07-29 05:38:00] Timeframe: H1
[2026-07-29 05:38:00] Candles Received: 10
[2026-07-29 05:38:00] Features Generated: true
[2026-07-29 05:38:00] Research Completed: true
[2026-07-29 05:38:00] Research cycle completed successfully. Result ID: rpt-XAUUSD-817ceb4d
[2026-07-29 05:38:03] Starting research iteration for XAUUSD on H1...
[2026-07-29 05:38:03] MT5 Connected
[2026-07-29 05:38:03] Symbol: XAUUSD
[2026-07-29 05:38:03] Timeframe: H1
[2026-07-29 05:38:03] Candles Received: 10
[2026-07-29 05:38:03] Features Generated: true
[2026-07-29 05:38:03] Research Completed: true
[2026-07-29 05:38:03] Research cycle completed successfully. Result ID: rpt-XAUUSD-d2a5373c
[2026-07-29 05:38:03] Starting research iteration for XAUUSD on H1...
[2026-07-29 05:38:03] MT5 Connected
[2026-07-29 05:38:03] Symbol: XAUUSD
[2026-07-29 05:38:03] Timeframe: H1
[2026-07-29 05:38:03] Candles Received: 10
[2026-07-29 05:38:03] Features Generated: true
[2026-07-29 05:38:03] Research Completed: true
[2026-07-29 05:38:03] Research cycle completed successfully. Result ID: rpt-XAUUSD-dbb9ee25
[2026-07-29 05:38:03] Starting research iteration for XAUUSD on H1...
[2026-07-29 05:38:03] MT5 Connected
[2026-07-29 05:38:03] Symbol: XAUUSD
[2026-07-29 05:38:03] Timeframe: H1
[2026-07-29 05:38:03] Candles Received: 10
[2026-07-29 05:38:03] Features Generated: true
[2026-07-29 05:38:03] Research Completed: true
[2026-07-29 05:38:03] Research cycle completed successfully. Result ID: rpt-XAUUSD-302db458
[2026-07-29 05:38:03] Starting research iteration for XAUUSD on H1...
[2026-07-29 05:38:03] MT5 Connected
[2026-07-29 05:38:03] Symbol: XAUUSD
[2026-07-29 05:38:03] Timeframe: H1
[2026-07-29 05:38:03] Candles Received: 10
[2026-07-29 05:38:03] Features Generated: true
[2026-07-29 05:38:03] Research Completed: true
[2026-07-29 05:38:03] Research cycle completed successfully. Result ID: rpt-XAUUSD-99fcf817
[2026-07-29 05:38:03] Starting research iteration for XAUUSD on H1...
[2026-07-29 05:38:03] MT5 Connected
[2026-07-29 05:38:03] Symbol: XAUUSD
[2026-07-29 05:38:03] Timeframe: H1
[2026-07-29 05:38:03] Candles Received: 10
[2026-07-29 05:38:03] Features Generated: true
[2026-07-29 05:38:03] Research Completed: true
[2026-07-29 05:38:03] Research cycle completed successfully. Result ID: rpt-XAUUSD-5ac2ffa0
[2026-07-29 05:38:03] Starting research iteration for XAUUSD on H1...
[2026-07-29 05:38:03] MT5 Connected
[2026-07-29 05:38:03] Symbol: XAUUSD
[2026-07-29 05:38:03] Timeframe: H1
[2026-07-29 05:38:03] Candles Received: 10
[2026-07-29 05:38:03] Features Generated: true
[2026-07-29 05:38:03] Research Completed: true
[2026-07-29 05:38:03] Research cycle completed successfully. Result ID: rpt-XAUUSD-5cdcc5f0
[2026-07-29 05:38:04] Starting research iteration for XAUUSD on H1...
[2026-07-29 05:38:04] MT5 Connected
[2026-07-29 05:38:04] Symbol: XAUUSD
[2026-07-29 05:38:04] Timeframe: H1
[2026-07-29 05:38:04] Candles Received: 10
[2026-07-29 05:38:04] Features Generated: true
[2026-07-29 05:38:04] Research Completed: true
[2026-07-29 05:38:04] Research cycle completed successfully. Result ID: rpt-XAUUSD-b3275af9
[2026-07-29 05:38:04] Starting research iteration for XAUUSD on H1...
[2026-07-29 05:38:04] MT5 Connected
[2026-07-29 05:38:04] Symbol: XAUUSD
[2026-07-29 05:38:04] Timeframe: H1
[2026-07-29 05:38:04] Candles Received: 10
[2026-07-29 05:38:04] Features Generated: true
[2026-07-29 05:38:04] Research Completed: true
[2026-07-29 05:38:04] Research cycle completed successfully. Result ID: rpt-XAUUSD-da209407
[2026-07-29 05:38:05] Starting research iteration for XAUUSD on H1...
[2026-07-29 05:38:05] MT5 Connected
[2026-07-29 05:38:05] Symbol: XAUUSD
[2026-07-29 05:38:05] Timeframe: H1
[2026-07-29 05:38:05] Candles Received: 10
[2026-07-29 05:38:05] Features Generated: true
[2026-07-29 05:38:05] Research Completed: true
[2026-07-29 05:38:05] Research cycle completed successfully. Result ID: rpt-XAUUSD-dc3ad1bc
[2026-07-29 05:38:06] Starting research iteration for XAUUSD on H1...
[2026-07-29 05:38:06] MT5 Connected
[2026-07-29 05:38:06] Symbol: XAUUSD
[2026-07-29 05:38:06] Timeframe: H1
[2026-07-29 05:38:06] Candles Received: 10
[2026-07-29 05:38:06] Features Generated: true
[2026-07-29 05:38:06] Research Completed: true
[2026-07-29 05:38:06] Research cycle completed successfully. Result ID: rpt-XAUUSD-14d0cca2
[2026-07-29 05:38:06] Starting research iteration for XAUUSD on H1...
[2026-07-29 05:38:06] MT5 Connected
[2026-07-29 05:38:06] Symbol: XAUUSD
[2026-07-29 05:38:06] Timeframe: H1
[2026-07-29 05:38:06] Candles Received: 10
[2026-07-29 05:38:06] Features Generated: true
[2026-07-29 05:38:06] Research Completed: true
[2026-07-29 05:38:06] Research cycle completed successfully. Result ID: rpt-XAUUSD-13ae52f6
[2026-07-29 05:38:06] Starting research iteration for XAUUSD on H1...
[2026-07-29 05:38:06] MT5 Connected
[2026-07-29 05:38:06] Symbol: XAUUSD
[2026-07-29 05:38:06] Timeframe: H1
[2026-07-29 05:38:06] Candles Received: 10
[2026-07-29 05:38:06] Features Generated: true
[2026-07-29 05:38:06] Research Completed: true
[2026-07-29 05:38:06] Research cycle completed successfully. Result ID: rpt-XAUUSD-09b27c4f
[2026-07-29 05:38:06] Starting research iteration for XAUUSD on H1...
[2026-07-29 05:38:06] MT5 Connected
[2026-07-29 05:38:06] Symbol: XAUUSD
[2026-07-29 05:38:06] Timeframe: H1
[2026-07-29 05:38:06] Candles Received: 10
[2026-07-29 05:38:06] Features Generated: true
[2026-07-29 05:38:06] Research Completed: true
[2026-07-29 05:38:06] Research cycle completed successfully. Result ID: rpt-XAUUSD-b4978cdc
[2026-07-29 05:38:08] Starting research iteration for XAUUSD on H1...
[2026-07-29 05:38:08] MT5 Connected
[2026-07-29 05:38:08] Symbol: XAUUSD
[2026-07-29 05:38:08] Timeframe: H1
[2026-07-29 05:38:08] Candles Received: 10
[2026-07-29 05:38:08] Features Generated: true
[2026-07-29 05:38:08] Research Completed: true
[2026-07-29 05:38:08] Research cycle completed successfully. Result ID: rpt-XAUUSD-02bcef81
[2026-07-29 05:38:08] Starting research iteration for XAUUSD on H1...
[2026-07-29 05:38:08] MT5 Connected
[2026-07-29 05:38:08] Symbol: XAUUSD
[2026-07-29 05:38:08] Timeframe: H1
[2026-07-29 05:38:08] Candles Received: 10
[2026-07-29 05:38:08] Features Generated: true
[2026-07-29 05:38:08] Research Completed: true
[2026-07-29 05:38:08] Research cycle completed successfully. Result ID: rpt-XAUUSD-05a7d00b
[2026-07-29 05:38:09] Starting research iteration for XAUUSD on H1...
[2026-07-29 05:38:09] MT5 Connected
[2026-07-29 05:38:09] Symbol: XAUUSD
[2026-07-29 05:38:09] Timeframe: H1
[2026-07-29 05:38:09] Candles Received: 10
[2026-07-29 05:38:09] Features Generated: true
[2026-07-29 05:38:09] Research Completed: true
[2026-07-29 05:38:09] Research cycle completed successfully. Result ID: rpt-XAUUSD-23e6344e
[2026-07-29 05:38:10] Starting research iteration for XAUUSD on H1...
[2026-07-29 05:38:10] MT5 Connected
[2026-07-29 05:38:10] Symbol: XAUUSD
[2026-07-29 05:38:10] Timeframe: H1
[2026-07-29 05:38:10] Candles Received: 10
[2026-07-29 05:38:10] Features Generated: true
[2026-07-29 05:38:10] Research Completed: true
[2026-07-29 05:38:10] Research cycle completed successfully. Result ID: rpt-XAUUSD-87e16188
[2026-07-29 05:38:12] Starting research iteration for XAUUSD on H1...
[2026-07-29 05:38:12] MT5 Connected
[2026-07-29 05:38:12] Symbol: XAUUSD
[2026-07-29 05:38:12] Timeframe: H1
[2026-07-29 05:38:12] Candles Received: 10
[2026-07-29 05:38:12] Features Generated: true
[2026-07-29 05:38:12] Research Completed: true
[2026-07-29 05:38:12] Research cycle completed successfully. Result ID: rpt-XAUUSD-21be2ca3
[2026-07-29 05:38:15] Starting research iteration for XAUUSD on H1...
[2026-07-29 05:38:15] MT5 Connected
[2026-07-29 05:38:15] Symbol: XAUUSD
[2026-07-29 05:38:15] Timeframe: H1
[2026-07-29 05:38:15] Candles Received: 10
[2026-07-29 05:38:15] Features Generated: true
[2026-07-29 05:38:15] Research Completed: true
[2026-07-29 05:38:15] Research cycle completed successfully. Result ID: rpt-XAUUSD-88b43f04
[2026-07-29 05:38:15] Starting research iteration for XAUUSD on H1...
[2026-07-29 05:38:15] MT5 Connected
[2026-07-29 05:38:15] Symbol: XAUUSD
[2026-07-29 05:38:15] Timeframe: H1
[2026-07-29 05:38:15] Candles Received: 10
[2026-07-29 05:38:15] Features Generated: true
[2026-07-29 05:38:15] Research Completed: true
[2026-07-29 05:38:15] Research cycle completed successfully. Result ID: rpt-XAUUSD-32c4a9da
[2026-07-29 05:38:16] Starting research iteration for XAUUSD on H1...
[2026-07-29 05:38:16] MT5 Connected
[2026-07-29 05:38:16] Symbol: XAUUSD
[2026-07-29 05:38:16] Timeframe: H1
[2026-07-29 05:38:16] Candles Received: 10
[2026-07-29 05:38:16] Features Generated: true
[2026-07-29 05:38:16] Research Completed: true
[2026-07-29 05:38:16] Research cycle completed successfully. Result ID: rpt-XAUUSD-c4f99223
[2026-07-29 05:38:18] Starting research iteration for XAUUSD on H1...
[2026-07-29 05:38:18] MT5 Connected
[2026-07-29 05:38:18] Symbol: XAUUSD
[2026-07-29 05:38:18] Timeframe: H1
[2026-07-29 05:38:18] Candles Received: 10
[2026-07-29 05:38:18] Features Generated: true
[2026-07-29 05:38:18] Research Completed: true
[2026-07-29 05:38:18] Research cycle completed successfully. Result ID: rpt-XAUUSD-0a297203
[2026-07-29 05:38:18] Starting research iteration for XAUUSD on H1...
[2026-07-29 05:38:18] MT5 Connected
[2026-07-29 05:38:18] Symbol: XAUUSD
[2026-07-29 05:38:18] Timeframe: H1
[2026-07-29 05:38:18] Candles Received: 10
[2026-07-29 05:38:18] Features Generated: true
[2026-07-29 05:38:18] Research Completed: true
[2026-07-29 05:38:18] Research cycle completed successfully. Result ID: rpt-XAUUSD-fe7b0acb
[2026-07-29 05:38:18] Starting research iteration for XAUUSD on H1...
[2026-07-29 05:38:18] MT5 Connected
[2026-07-29 05:38:18] Symbol: XAUUSD
[2026-07-29 05:38:18] Timeframe: H1
[2026-07-29 05:38:18] Candles Received: 10
[2026-07-29 05:38:18] Features Generated: true
[2026-07-29 05:38:18] Research Completed: true
[2026-07-29 05:38:18] Research cycle completed successfully. Result ID: rpt-XAUUSD-d3140179
[2026-07-29 05:38:18] Starting research iteration for XAUUSD on H1...
[2026-07-29 05:38:18] MT5 Connected
[2026-07-29 05:38:18] Symbol: XAUUSD
[2026-07-29 05:38:18] Timeframe: H1
[2026-07-29 05:38:18] Candles Received: 10
[2026-07-29 05:38:18] Features Generated: true
[2026-07-29 05:38:18] Research Completed: true
[2026-07-29 05:38:18] Research cycle completed successfully. Result ID: rpt-XAUUSD-45c48064
[2026-07-29 05:38:18] Starting research iteration for XAUUSD on H1...
[2026-07-29 05:38:18] MT5 Connected
[2026-07-29 05:38:18] Symbol: XAUUSD
[2026-07-29 05:38:18] Timeframe: H1
[2026-07-29 05:38:18] Candles Received: 10
[2026-07-29 05:38:18] Features Generated: true
[2026-07-29 05:38:18] Research Completed: true
[2026-07-29 05:38:18] Research cycle completed successfully. Result ID: rpt-XAUUSD-132e2188
[2026-07-29 05:38:18] Starting research iteration for XAUUSD on H1...
[2026-07-29 05:38:18] MT5 Connected
[2026-07-29 05:38:18] Symbol: XAUUSD
[2026-07-29 05:38:18] Timeframe: H1
[2026-07-29 05:38:18] Candles Received: 10
[2026-07-29 05:38:18] Features Generated: true
[2026-07-29 05:38:18] Research Completed: true
[2026-07-29 05:38:18] Research cycle completed successfully. Result ID: rpt-XAUUSD-1242d6ae
[2026-07-29 05:38:19] Starting research iteration for XAUUSD on H1...
[2026-07-29 05:38:19] MT5 Connected
[2026-07-29 05:38:19] Symbol: XAUUSD
[2026-07-29 05:38:19] Timeframe: H1
[2026-07-29 05:38:19] Candles Received: 10
[2026-07-29 05:38:19] Features Generated: true
[2026-07-29 05:38:19] Research Completed: true
[2026-07-29 05:38:19] Research cycle completed successfully. Result ID: rpt-XAUUSD-601d4126
[2026-07-29 05:38:19] Starting research iteration for XAUUSD on H1...
[2026-07-29 05:38:19] MT5 Connected
[2026-07-29 05:38:19] Symbol: XAUUSD
[2026-07-29 05:38:19] Timeframe: H1
[2026-07-29 05:38:19] Candles Received: 10
[2026-07-29 05:38:19] Features Generated: true
[2026-07-29 05:38:19] Research Completed: true
[2026-07-29 05:38:19] Research cycle completed successfully. Result ID: rpt-XAUUSD-2f53c070
[2026-07-29 05:38:20] Starting research iteration for XAUUSD on H1...
[2026-07-29 05:38:20] MT5 Connected
[2026-07-29 05:38:20] Symbol: XAUUSD
[2026-07-29 05:38:20] Timeframe: H1
[2026-07-29 05:38:20] Candles Received: 10
[2026-07-29 05:38:20] Features Generated: true
[2026-07-29 05:38:20] Research Completed: true
[2026-07-29 05:38:20] Research cycle completed successfully. Result ID: rpt-XAUUSD-e459f5cc
[2026-07-29 05:38:21] Starting research iteration for XAUUSD on H1...
[2026-07-29 05:38:21] MT5 Connected
[2026-07-29 05:38:21] Symbol: XAUUSD
[2026-07-29 05:38:21] Timeframe: H1
[2026-07-29 05:38:21] Candles Received: 10
[2026-07-29 05:38:21] Features Generated: true
[2026-07-29 05:38:21] Research Completed: true
[2026-07-29 05:38:21] Research cycle completed successfully. Result ID: rpt-XAUUSD-68fb765b
[2026-07-29 05:38:21] Starting research iteration for XAUUSD on H1...
[2026-07-29 05:38:21] MT5 Connected
[2026-07-29 05:38:21] Symbol: XAUUSD
[2026-07-29 05:38:21] Timeframe: H1
[2026-07-29 05:38:21] Candles Received: 10
[2026-07-29 05:38:21] Features Generated: true
[2026-07-29 05:38:21] Research Completed: true
[2026-07-29 05:38:21] Research cycle completed successfully. Result ID: rpt-XAUUSD-94186b88
[2026-07-29 05:38:21] Starting research iteration for XAUUSD on H1...
[2026-07-29 05:38:21] MT5 Connected
[2026-07-29 05:38:21] Symbol: XAUUSD
[2026-07-29 05:38:21] Timeframe: H1
[2026-07-29 05:38:21] Candles Received: 10
[2026-07-29 05:38:21] Features Generated: true
[2026-07-29 05:38:21] Research Completed: true
[2026-07-29 05:38:21] Research cycle completed successfully. Result ID: rpt-XAUUSD-327f4b94
[2026-07-29 05:38:21] Starting research iteration for XAUUSD on H1...
[2026-07-29 05:38:21] MT5 Connected
[2026-07-29 05:38:21] Symbol: XAUUSD
[2026-07-29 05:38:21] Timeframe: H1
[2026-07-29 05:38:21] Candles Received: 10
[2026-07-29 05:38:21] Features Generated: true
[2026-07-29 05:38:21] Research Completed: true
[2026-07-29 05:38:21] Research cycle completed successfully. Result ID: rpt-XAUUSD-4bd18a35
[2026-07-29 05:38:23] Starting research iteration for XAUUSD on H1...
[2026-07-29 05:38:23] MT5 Connected
[2026-07-29 05:38:23] Symbol: XAUUSD
[2026-07-29 05:38:23] Timeframe: H1
[2026-07-29 05:38:23] Candles Received: 10
[2026-07-29 05:38:23] Features Generated: true
[2026-07-29 05:38:23] Research Completed: true
[2026-07-29 05:38:23] Research cycle completed successfully. Result ID: rpt-XAUUSD-9ccb4a67
[2026-07-29 05:38:23] Starting research iteration for XAUUSD on H1...
[2026-07-29 05:38:23] MT5 Connected
[2026-07-29 05:38:23] Symbol: XAUUSD
[2026-07-29 05:38:23] Timeframe: H1
[2026-07-29 05:38:23] Candles Received: 10
[2026-07-29 05:38:23] Features Generated: true
[2026-07-29 05:38:23] Research Completed: true
[2026-07-29 05:38:23] Research cycle completed successfully. Result ID: rpt-XAUUSD-ae2a46c5
[2026-07-29 05:38:23] Starting research iteration for XAUUSD on H1...
[2026-07-29 05:38:23] MT5 Connected
[2026-07-29 05:38:23] Symbol: XAUUSD
[2026-07-29 05:38:23] Timeframe: H1
[2026-07-29 05:38:23] Candles Received: 10
[2026-07-29 05:38:23] Features Generated: true
[2026-07-29 05:38:23] Research Completed: true
[2026-07-29 05:38:23] Research cycle completed successfully. Result ID: rpt-XAUUSD-f5e6c72c
[2026-07-29 05:38:24] Starting research iteration for XAUUSD on H1...
[2026-07-29 05:38:24] MT5 Connected
[2026-07-29 05:38:24] Symbol: XAUUSD
[2026-07-29 05:38:24] Timeframe: H1
[2026-07-29 05:38:24] Candles Received: 10
[2026-07-29 05:38:24] Features Generated: true
[2026-07-29 05:38:24] Research Completed: true
[2026-07-29 05:38:24] Research cycle completed successfully. Result ID: rpt-XAUUSD-3feb999d
[2026-07-29 05:38:27] Starting research iteration for XAUUSD on H1...
[2026-07-29 05:38:27] MT5 Connected
[2026-07-29 05:38:27] Symbol: XAUUSD
[2026-07-29 05:38:27] Timeframe: H1
[2026-07-29 05:38:27] Candles Received: 10
[2026-07-29 05:38:27] Features Generated: true
[2026-07-29 05:38:27] Research Completed: true
[2026-07-29 05:38:27] Research cycle completed successfully. Result ID: rpt-XAUUSD-9142de96
[2026-07-29 05:38:27] Starting research iteration for XAUUSD on H1...
[2026-07-29 05:38:27] MT5 Connected
[2026-07-29 05:38:27] Symbol: XAUUSD
[2026-07-29 05:38:27] Timeframe: H1
[2026-07-29 05:38:27] Candles Received: 10
[2026-07-29 05:38:27] Features Generated: true
[2026-07-29 05:38:27] Research Completed: true
[2026-07-29 05:38:27] Research cycle completed successfully. Result ID: rpt-XAUUSD-51a5cd29
[2026-07-29 05:38:30] Starting research iteration for XAUUSD on H1...
[2026-07-29 05:38:30] MT5 Connected
[2026-07-29 05:38:30] Symbol: XAUUSD
[2026-07-29 05:38:30] Timeframe: H1
[2026-07-29 05:38:30] Candles Received: 10
[2026-07-29 05:38:30] Features Generated: true
[2026-07-29 05:38:30] Research Completed: true
[2026-07-29 05:38:30] Research cycle completed successfully. Result ID: rpt-XAUUSD-8a3ae62b
[2026-07-29 05:38:30] Starting research iteration for XAUUSD on H1...
[2026-07-29 05:38:30] MT5 Connected
[2026-07-29 05:38:30] Symbol: XAUUSD
[2026-07-29 05:38:30] Timeframe: H1
[2026-07-29 05:38:30] Candles Received: 10
[2026-07-29 05:38:30] Features Generated: true
[2026-07-29 05:38:30] Research Completed: true
[2026-07-29 05:38:30] Research cycle completed successfully. Result ID: rpt-XAUUSD-f0dd6259
[2026-07-29 05:38:31] Starting research iteration for XAUUSD on H1...
[2026-07-29 05:38:31] MT5 Connected
[2026-07-29 05:38:31] Symbol: XAUUSD
[2026-07-29 05:38:31] Timeframe: H1
[2026-07-29 05:38:31] Candles Received: 10
[2026-07-29 05:38:31] Features Generated: true
[2026-07-29 05:38:31] Research Completed: true
[2026-07-29 05:38:31] Research cycle completed successfully. Result ID: rpt-XAUUSD-dfd06ef0
[2026-07-29 05:38:33] Starting research iteration for XAUUSD on H1...
[2026-07-29 05:38:33] MT5 Connected
[2026-07-29 05:38:33] Symbol: XAUUSD
[2026-07-29 05:38:33] Timeframe: H1
[2026-07-29 05:38:33] Candles Received: 10
[2026-07-29 05:38:33] Features Generated: true
[2026-07-29 05:38:33] Research Completed: true
[2026-07-29 05:38:33] Research cycle completed successfully. Result ID: rpt-XAUUSD-79a3002e
[2026-07-29 05:38:33] Starting research iteration for XAUUSD on H1...
[2026-07-29 05:38:33] Starting research iteration for XAUUSD on H1...
[2026-07-29 05:38:33] MT5 Connected
[2026-07-29 05:38:33] Symbol: XAUUSD
[2026-07-29 05:38:33] Timeframe: H1
[2026-07-29 05:38:33] Candles Received: 10
[2026-07-29 05:38:33] Features Generated: true
[2026-07-29 05:38:33] Research Completed: true
[2026-07-29 05:38:33] Research cycle completed successfully. Result ID: rpt-XAUUSD-5b8b1fa4
[2026-07-29 05:38:33] MT5 Connected
[2026-07-29 05:38:33] Symbol: XAUUSD
[2026-07-29 05:38:33] Timeframe: H1
[2026-07-29 05:38:33] Candles Received: 10
[2026-07-29 05:38:33] Features Generated: true
[2026-07-29 05:38:33] Research Completed: true
[2026-07-29 05:38:33] Research cycle completed successfully. Result ID: rpt-XAUUSD-b8602828
[2026-07-29 05:38:33] Starting research iteration for XAUUSD on H1...
[2026-07-29 05:38:33] MT5 Connected
[2026-07-29 05:38:33] Symbol: XAUUSD
[2026-07-29 05:38:33] Timeframe: H1
[2026-07-29 05:38:33] Candles Received: 10
[2026-07-29 05:38:33] Features Generated: true
[2026-07-29 05:38:33] Research Completed: true
[2026-07-29 05:38:33] Research cycle completed successfully. Result ID: rpt-XAUUSD-0981bdae
[2026-07-29 05:38:33] Starting research iteration for XAUUSD on H1...
[2026-07-29 05:38:33] MT5 Connected
[2026-07-29 05:38:33] Symbol: XAUUSD
[2026-07-29 05:38:33] Timeframe: H1
[2026-07-29 05:38:33] Candles Received: 10
[2026-07-29 05:38:33] Features Generated: true
[2026-07-29 05:38:33] Research Completed: true
[2026-07-29 05:38:33] Research cycle completed successfully. Result ID: rpt-XAUUSD-bdead18a
[2026-07-29 05:38:33] Starting research iteration for XAUUSD on H1...
[2026-07-29 05:38:33] MT5 Connected
[2026-07-29 05:38:33] Symbol: XAUUSD
[2026-07-29 05:38:33] Timeframe: H1
[2026-07-29 05:38:33] Candles Received: 10
[2026-07-29 05:38:33] Features Generated: true
[2026-07-29 05:38:33] Research Completed: true
[2026-07-29 05:38:33] Research cycle completed successfully. Result ID: rpt-XAUUSD-13218633
[2026-07-29 05:38:34] Starting research iteration for XAUUSD on H1...
[2026-07-29 05:38:34] MT5 Connected
[2026-07-29 05:38:34] Symbol: XAUUSD
[2026-07-29 05:38:34] Timeframe: H1
[2026-07-29 05:38:34] Candles Received: 10
[2026-07-29 05:38:34] Features Generated: true
[2026-07-29 05:38:34] Research Completed: true
[2026-07-29 05:38:34] Research cycle completed successfully. Result ID: rpt-XAUUSD-06d0e752
[2026-07-29 05:38:34] Starting research iteration for XAUUSD on H1...
[2026-07-29 05:38:34] MT5 Connected
[2026-07-29 05:38:34] Symbol: XAUUSD
[2026-07-29 05:38:34] Timeframe: H1
[2026-07-29 05:38:34] Candles Received: 10
[2026-07-29 05:38:34] Features Generated: true
[2026-07-29 05:38:34] Research Completed: true
[2026-07-29 05:38:34] Research cycle completed successfully. Result ID: rpt-XAUUSD-d082ed2d
[2026-07-29 05:38:35] Starting research iteration for XAUUSD on H1...
[2026-07-29 05:38:35] MT5 Connected
[2026-07-29 05:38:35] Symbol: XAUUSD
[2026-07-29 05:38:35] Timeframe: H1
[2026-07-29 05:38:35] Candles Received: 10
[2026-07-29 05:38:35] Features Generated: true
[2026-07-29 05:38:35] Research Completed: true
[2026-07-29 05:38:35] Research cycle completed successfully. Result ID: rpt-XAUUSD-149a68c7
[2026-07-29 05:38:36] Starting research iteration for XAUUSD on H1...
[2026-07-29 05:38:36] MT5 Connected
[2026-07-29 05:38:36] Symbol: XAUUSD
[2026-07-29 05:38:36] Timeframe: H1
[2026-07-29 05:38:36] Candles Received: 10
[2026-07-29 05:38:36] Features Generated: true
[2026-07-29 05:38:36] Research Completed: true
[2026-07-29 05:38:36] Research cycle completed successfully. Result ID: rpt-XAUUSD-7b0da5f8
[2026-07-29 05:38:36] Starting research iteration for XAUUSD on H1...
[2026-07-29 05:38:36] MT5 Connected
[2026-07-29 05:38:36] Symbol: XAUUSD
[2026-07-29 05:38:36] Timeframe: H1
[2026-07-29 05:38:36] Candles Received: 10
[2026-07-29 05:38:36] Features Generated: true
[2026-07-29 05:38:36] Research Completed: true
[2026-07-29 05:38:36] Research cycle completed successfully. Result ID: rpt-XAUUSD-68850394
[2026-07-29 05:38:36] Starting research iteration for XAUUSD on H1...
[2026-07-29 05:38:36] MT5 Connected
[2026-07-29 05:38:36] Symbol: XAUUSD
[2026-07-29 05:38:36] Timeframe: H1
[2026-07-29 05:38:36] Candles Received: 10
[2026-07-29 05:38:36] Features Generated: true
[2026-07-29 05:38:36] Research Completed: true
[2026-07-29 05:38:36] Research cycle completed successfully. Result ID: rpt-XAUUSD-24fe3f02
[2026-07-29 05:38:36] Starting research iteration for XAUUSD on H1...
[2026-07-29 05:38:36] MT5 Connected
[2026-07-29 05:38:36] Symbol: XAUUSD
[2026-07-29 05:38:36] Timeframe: H1
[2026-07-29 05:38:36] Candles Received: 10
[2026-07-29 05:38:36] Features Generated: true
[2026-07-29 05:38:36] Research Completed: true
[2026-07-29 05:38:36] Research cycle completed successfully. Result ID: rpt-XAUUSD-4607683e
[2026-07-29 05:38:38] Starting research iteration for XAUUSD on H1...
[2026-07-29 05:38:38] MT5 Connected
[2026-07-29 05:38:38] Symbol: XAUUSD
[2026-07-29 05:38:38] Timeframe: H1
[2026-07-29 05:38:38] Candles Received: 10
[2026-07-29 05:38:38] Features Generated: true
[2026-07-29 05:38:38] Research Completed: true
[2026-07-29 05:38:38] Research cycle completed successfully. Result ID: rpt-XAUUSD-fbfaf327
[2026-07-29 05:38:38] Starting research iteration for XAUUSD on H1...
[2026-07-29 05:38:38] MT5 Connected
[2026-07-29 05:38:38] Symbol: XAUUSD
[2026-07-29 05:38:38] Timeframe: H1
[2026-07-29 05:38:38] Candles Received: 10
[2026-07-29 05:38:38] Features Generated: true
[2026-07-29 05:38:38] Research Completed: true
[2026-07-29 05:38:38] Research cycle completed successfully. Result ID: rpt-XAUUSD-76307049
[2026-07-29 05:38:39] Starting research iteration for XAUUSD on H1...
[2026-07-29 05:38:39] MT5 Connected
[2026-07-29 05:38:39] Symbol: XAUUSD
[2026-07-29 05:38:39] Timeframe: H1
[2026-07-29 05:38:39] Candles Received: 10
[2026-07-29 05:38:39] Features Generated: true
[2026-07-29 05:38:39] Research Completed: true
[2026-07-29 05:38:39] Research cycle completed successfully. Result ID: rpt-XAUUSD-6ad5b598
[2026-07-29 05:38:42] Starting research iteration for XAUUSD on H1...
[2026-07-29 05:38:42] MT5 Connected
[2026-07-29 05:38:42] Symbol: XAUUSD
[2026-07-29 05:38:42] Timeframe: H1
[2026-07-29 05:38:42] Candles Received: 10
[2026-07-29 05:38:42] Features Generated: true
[2026-07-29 05:38:42] Research Completed: true
[2026-07-29 05:38:42] Research cycle completed successfully. Result ID: rpt-XAUUSD-ab12016e
[2026-07-29 05:38:42] Starting research iteration for XAUUSD on H1...
[2026-07-29 05:38:42] MT5 Connected
[2026-07-29 05:38:42] Symbol: XAUUSD
[2026-07-29 05:38:42] Timeframe: H1
[2026-07-29 05:38:42] Candles Received: 10
[2026-07-29 05:38:42] Features Generated: true
[2026-07-29 05:38:42] Research Completed: true
[2026-07-29 05:38:42] Research cycle completed successfully. Result ID: rpt-XAUUSD-f8352bc1
[2026-07-29 05:38:45] Starting research iteration for XAUUSD on H1...
[2026-07-29 05:38:45] MT5 Connected
[2026-07-29 05:38:45] Symbol: XAUUSD
[2026-07-29 05:38:45] Timeframe: H1
[2026-07-29 05:38:45] Candles Received: 10
[2026-07-29 05:38:45] Features Generated: true
[2026-07-29 05:38:45] Research Completed: true
[2026-07-29 05:38:45] Research cycle completed successfully. Result ID: rpt-XAUUSD-68c64ccc
[2026-07-29 05:38:45] Starting research iteration for XAUUSD on H1...
[2026-07-29 05:38:45] MT5 Connected
[2026-07-29 05:38:45] Symbol: XAUUSD
[2026-07-29 05:38:45] Timeframe: H1
[2026-07-29 05:38:45] Candles Received: 10
[2026-07-29 05:38:45] Features Generated: true
[2026-07-29 05:38:45] Research Completed: true
[2026-07-29 05:38:45] Research cycle completed successfully. Result ID: rpt-XAUUSD-5114e7bd
[2026-07-29 05:38:46] Starting research iteration for XAUUSD on H1...
[2026-07-29 05:38:46] MT5 Connected
[2026-07-29 05:38:46] Symbol: XAUUSD
[2026-07-29 05:38:46] Timeframe: H1
[2026-07-29 05:38:46] Candles Received: 10
[2026-07-29 05:38:46] Features Generated: true
[2026-07-29 05:38:46] Research Completed: true
[2026-07-29 05:38:46] Research cycle completed successfully. Result ID: rpt-XAUUSD-56d2f5e3
[2026-07-29 05:38:47] Starting research iteration for XAUUSD on H1...
[2026-07-29 05:38:47] MT5 Connected
[2026-07-29 05:38:47] Symbol: XAUUSD
[2026-07-29 05:38:47] Timeframe: H1
[2026-07-29 05:38:47] Candles Received: 10
[2026-07-29 05:38:47] Features Generated: true
[2026-07-29 05:38:47] Research Completed: true
[2026-07-29 05:38:47] Research cycle completed successfully. Result ID: rpt-XAUUSD-dd63cc97
[2026-07-29 05:38:48] Starting research iteration for XAUUSD on H1...
[2026-07-29 05:38:48] MT5 Connected
[2026-07-29 05:38:48] Symbol: XAUUSD
[2026-07-29 05:38:48] Timeframe: H1
[2026-07-29 05:38:48] Candles Received: 10
[2026-07-29 05:38:48] Features Generated: true
[2026-07-29 05:38:48] Research Completed: true
[2026-07-29 05:38:48] Research cycle completed successfully. Result ID: rpt-XAUUSD-371a3424
[2026-07-29 05:38:48] Starting research iteration for XAUUSD on H1...
[2026-07-29 05:38:48] MT5 Connected
[2026-07-29 05:38:48] Symbol: XAUUSD
[2026-07-29 05:38:48] Timeframe: H1
[2026-07-29 05:38:48] Candles Received: 10
[2026-07-29 05:38:48] Features Generated: true
[2026-07-29 05:38:48] Research Completed: true
[2026-07-29 05:38:48] Research cycle completed successfully. Result ID: rpt-XAUUSD-8c4a0c5c
[2026-07-29 05:38:48] Starting research iteration for XAUUSD on H1...
[2026-07-29 05:38:48] MT5 Connected
[2026-07-29 05:38:48] Symbol: XAUUSD
[2026-07-29 05:38:48] Timeframe: H1
[2026-07-29 05:38:48] Candles Received: 10
[2026-07-29 05:38:48] Features Generated: true
[2026-07-29 05:38:48] Research Completed: true
[2026-07-29 05:38:48] Research cycle completed successfully. Result ID: rpt-XAUUSD-26785ce5
[2026-07-29 05:38:48] Starting research iteration for XAUUSD on H1...
[2026-07-29 05:38:48] MT5 Connected
[2026-07-29 05:38:48] Symbol: XAUUSD
[2026-07-29 05:38:48] Timeframe: H1
[2026-07-29 05:38:48] Candles Received: 10
[2026-07-29 05:38:48] Features Generated: true
[2026-07-29 05:38:48] Research Completed: true
[2026-07-29 05:38:48] Research cycle completed successfully. Result ID: rpt-XAUUSD-717a444d
[2026-07-29 05:38:48] Starting research iteration for XAUUSD on H1...
[2026-07-29 05:38:48] MT5 Connected
[2026-07-29 05:38:48] Symbol: XAUUSD
[2026-07-29 05:38:48] Timeframe: H1
[2026-07-29 05:38:48] Candles Received: 10
[2026-07-29 05:38:48] Features Generated: true
[2026-07-29 05:38:48] Research Completed: true
[2026-07-29 05:38:48] Research cycle completed successfully. Result ID: rpt-XAUUSD-37e5a337
[2026-07-29 05:38:49] Starting research iteration for XAUUSD on H1...
[2026-07-29 05:38:49] MT5 Connected
[2026-07-29 05:38:49] Symbol: XAUUSD
[2026-07-29 05:38:49] Timeframe: H1
[2026-07-29 05:38:49] Candles Received: 10
[2026-07-29 05:38:49] Features Generated: true
[2026-07-29 05:38:49] Research Completed: true
[2026-07-29 05:38:49] Research cycle completed successfully. Result ID: rpt-XAUUSD-be6aed18
[2026-07-29 05:38:49] Starting research iteration for XAUUSD on H1...
[2026-07-29 05:38:49] MT5 Connected
[2026-07-29 05:38:49] Symbol: XAUUSD
[2026-07-29 05:38:49] Timeframe: H1
[2026-07-29 05:38:49] Candles Received: 10
[2026-07-29 05:38:49] Features Generated: true
[2026-07-29 05:38:49] Research Completed: true
[2026-07-29 05:38:49] Research cycle completed successfully. Result ID: rpt-XAUUSD-48a17e1e
[2026-07-29 05:38:50] Starting research iteration for XAUUSD on H1...
[2026-07-29 05:38:50] MT5 Connected
[2026-07-29 05:38:50] Symbol: XAUUSD
[2026-07-29 05:38:50] Timeframe: H1
[2026-07-29 05:38:50] Candles Received: 10
[2026-07-29 05:38:50] Features Generated: true
[2026-07-29 05:38:50] Research Completed: true
[2026-07-29 05:38:50] Research cycle completed successfully. Result ID: rpt-XAUUSD-0c732075
[2026-07-29 05:38:50] Starting research iteration for XAUUSD on H1...
[2026-07-29 05:38:50] MT5 Connected
[2026-07-29 05:38:50] Symbol: XAUUSD
[2026-07-29 05:38:50] Timeframe: H1
[2026-07-29 05:38:50] Candles Received: 10
[2026-07-29 05:38:50] Features Generated: true
[2026-07-29 05:38:50] Research Completed: true
[2026-07-29 05:38:50] Research cycle completed successfully. Result ID: rpt-XAUUSD-22fab466
[2026-07-29 05:38:51] Starting research iteration for XAUUSD on H1...
[2026-07-29 05:38:51] MT5 Connected
[2026-07-29 05:38:51] Symbol: XAUUSD
[2026-07-29 05:38:51] Timeframe: H1
[2026-07-29 05:38:51] Candles Received: 10
[2026-07-29 05:38:51] Features Generated: true
[2026-07-29 05:38:51] Research Completed: true
[2026-07-29 05:38:51] Research cycle completed successfully. Result ID: rpt-XAUUSD-ec6718ee
[2026-07-29 05:38:51] Starting research iteration for XAUUSD on H1...
[2026-07-29 05:38:51] MT5 Connected
[2026-07-29 05:38:51] Symbol: XAUUSD
[2026-07-29 05:38:51] Timeframe: H1
[2026-07-29 05:38:51] Candles Received: 10
[2026-07-29 05:38:51] Features Generated: true
[2026-07-29 05:38:51] Research Completed: true
[2026-07-29 05:38:51] Research cycle completed successfully. Result ID: rpt-XAUUSD-a76359f8
[2026-07-29 05:38:51] Starting research iteration for XAUUSD on H1...
[2026-07-29 05:38:51] MT5 Connected
[2026-07-29 05:38:51] Symbol: XAUUSD
[2026-07-29 05:38:51] Timeframe: H1
[2026-07-29 05:38:51] Candles Received: 10
[2026-07-29 05:38:51] Features Generated: true
[2026-07-29 05:38:51] Research Completed: true
[2026-07-29 05:38:51] Research cycle completed successfully. Result ID: rpt-XAUUSD-1452cc51
[2026-07-29 05:38:51] Starting research iteration for XAUUSD on H1...
[2026-07-29 05:38:51] MT5 Connected
[2026-07-29 05:38:51] Symbol: XAUUSD
[2026-07-29 05:38:51] Timeframe: H1
[2026-07-29 05:38:51] Candles Received: 10
[2026-07-29 05:38:51] Features Generated: true
[2026-07-29 05:38:51] Research Completed: true
[2026-07-29 05:38:51] Research cycle completed successfully. Result ID: rpt-XAUUSD-f0e70259
[2026-07-29 05:38:53] Starting research iteration for XAUUSD on H1...
[2026-07-29 05:38:53] MT5 Connected
[2026-07-29 05:38:53] Symbol: XAUUSD
[2026-07-29 05:38:53] Timeframe: H1
[2026-07-29 05:38:53] Candles Received: 10
[2026-07-29 05:38:53] Features Generated: true
[2026-07-29 05:38:53] Research Completed: true
[2026-07-29 05:38:53] Research cycle completed successfully. Result ID: rpt-XAUUSD-f703090e
[2026-07-29 05:38:53] Starting research iteration for XAUUSD on H1...
[2026-07-29 05:38:53] MT5 Connected
[2026-07-29 05:38:53] Symbol: XAUUSD
[2026-07-29 05:38:53] Timeframe: H1
[2026-07-29 05:38:53] Candles Received: 10
[2026-07-29 05:38:53] Features Generated: true
[2026-07-29 05:38:53] Research Completed: true
[2026-07-29 05:38:53] Research cycle completed successfully. Result ID: rpt-XAUUSD-0feb9f49
[2026-07-29 05:38:57] Starting research iteration for XAUUSD on H1...
[2026-07-29 05:38:57] MT5 Connected
[2026-07-29 05:38:57] Symbol: XAUUSD
[2026-07-29 05:38:57] Timeframe: H1
[2026-07-29 05:38:57] Candles Received: 10
[2026-07-29 05:38:57] Features Generated: true
[2026-07-29 05:38:57] Research Completed: true
[2026-07-29 05:38:57] Research cycle completed successfully. Result ID: rpt-XAUUSD-479fec27
[2026-07-29 05:38:57] Starting research iteration for XAUUSD on H1...
[2026-07-29 05:38:57] MT5 Connected
[2026-07-29 05:38:57] Symbol: XAUUSD
[2026-07-29 05:38:57] Timeframe: H1
[2026-07-29 05:38:57] Candles Received: 10
[2026-07-29 05:38:57] Features Generated: true
[2026-07-29 05:38:57] Research Completed: true
[2026-07-29 05:38:57] Research cycle completed successfully. Result ID: rpt-XAUUSD-5831a8be
[2026-07-29 05:38:57] Starting research iteration for XAUUSD on H1...
[2026-07-29 05:38:57] MT5 Connected
[2026-07-29 05:38:57] Symbol: XAUUSD
[2026-07-29 05:38:57] Timeframe: H1
[2026-07-29 05:38:57] Candles Received: 10
[2026-07-29 05:38:57] Features Generated: true
[2026-07-29 05:38:57] Research Completed: true
[2026-07-29 05:38:57] Research cycle completed successfully. Result ID: rpt-XAUUSD-bc420de1
[2026-07-29 05:39:00] Starting research iteration for XAUUSD on H1...
[2026-07-29 05:39:00] MT5 Connected
[2026-07-29 05:39:00] Symbol: XAUUSD
[2026-07-29 05:39:00] Timeframe: H1
[2026-07-29 05:39:00] Candles Received: 10
[2026-07-29 05:39:00] Features Generated: true
[2026-07-29 05:39:00] Research Completed: true
[2026-07-29 05:39:00] Research cycle completed successfully. Result ID: rpt-XAUUSD-dda05501
[2026-07-29 05:39:00] Starting research iteration for XAUUSD on H1...
[2026-07-29 05:39:00] MT5 Connected
[2026-07-29 05:39:00] Symbol: XAUUSD
[2026-07-29 05:39:00] Timeframe: H1
[2026-07-29 05:39:00] Candles Received: 10
[2026-07-29 05:39:00] Features Generated: true
[2026-07-29 05:39:00] Research Completed: true
[2026-07-29 05:39:00] Research cycle completed successfully. Result ID: rpt-XAUUSD-76e48475
[2026-07-29 05:39:01] Starting research iteration for XAUUSD on H1...
[2026-07-29 05:39:01] MT5 Connected
[2026-07-29 05:39:01] Symbol: XAUUSD
[2026-07-29 05:39:01] Timeframe: H1
[2026-07-29 05:39:01] Candles Received: 10
[2026-07-29 05:39:01] Features Generated: true
[2026-07-29 05:39:01] Research Completed: true
[2026-07-29 05:39:01] Research cycle completed successfully. Result ID: rpt-XAUUSD-c22fbd20
[2026-07-29 05:39:02] Starting research iteration for XAUUSD on H1...
[2026-07-29 05:39:02] MT5 Connected
[2026-07-29 05:39:02] Symbol: XAUUSD
[2026-07-29 05:39:02] Timeframe: H1
[2026-07-29 05:39:02] Candles Received: 10
[2026-07-29 05:39:02] Features Generated: true
[2026-07-29 05:39:02] Research Completed: true
[2026-07-29 05:39:02] Research cycle completed successfully. Result ID: rpt-XAUUSD-48b5d89e
[2026-07-29 05:39:03] Starting research iteration for XAUUSD on H1...
[2026-07-29 05:39:03] MT5 Connected
[2026-07-29 05:39:03] Symbol: XAUUSD
[2026-07-29 05:39:03] Timeframe: H1
[2026-07-29 05:39:03] Candles Received: 10
[2026-07-29 05:39:03] Features Generated: true
[2026-07-29 05:39:03] Research Completed: true
[2026-07-29 05:39:03] Research cycle completed successfully. Result ID: rpt-XAUUSD-fe89c320
[2026-07-29 05:39:03] Starting research iteration for XAUUSD on H1...
[2026-07-29 05:39:03] MT5 Connected
[2026-07-29 05:39:03] Symbol: XAUUSD
[2026-07-29 05:39:03] Timeframe: H1
[2026-07-29 05:39:03] Candles Received: 10
[2026-07-29 05:39:03] Features Generated: true
[2026-07-29 05:39:03] Research Completed: true
[2026-07-29 05:39:03] Research cycle completed successfully. Result ID: rpt-XAUUSD-d3b00410
[2026-07-29 05:39:03] Starting research iteration for XAUUSD on H1...
[2026-07-29 05:39:03] MT5 Connected
[2026-07-29 05:39:03] Symbol: XAUUSD
[2026-07-29 05:39:03] Timeframe: H1
[2026-07-29 05:39:03] Candles Received: 10
[2026-07-29 05:39:03] Features Generated: true
[2026-07-29 05:39:03] Research Completed: true
[2026-07-29 05:39:03] Research cycle completed successfully. Result ID: rpt-XAUUSD-0ff65c34
[2026-07-29 05:39:03] Starting research iteration for XAUUSD on H1...
[2026-07-29 05:39:03] MT5 Connected
[2026-07-29 05:39:03] Symbol: XAUUSD
[2026-07-29 05:39:03] Timeframe: H1
[2026-07-29 05:39:03] Candles Received: 10
[2026-07-29 05:39:03] Features Generated: true
[2026-07-29 05:39:03] Research Completed: true
[2026-07-29 05:39:03] Research cycle completed successfully. Result ID: rpt-XAUUSD-014ef94b
[2026-07-29 05:39:03] Starting research iteration for XAUUSD on H1...
[2026-07-29 05:39:03] MT5 Connected
[2026-07-29 05:39:03] Symbol: XAUUSD
[2026-07-29 05:39:03] Timeframe: H1
[2026-07-29 05:39:03] Candles Received: 10
[2026-07-29 05:39:03] Features Generated: true
[2026-07-29 05:39:03] Research Completed: true
[2026-07-29 05:39:03] Research cycle completed successfully. Result ID: rpt-XAUUSD-ed4ae1ad
[2026-07-29 05:39:03] Starting research iteration for XAUUSD on H1...
[2026-07-29 05:39:03] MT5 Connected
[2026-07-29 05:39:03] Symbol: XAUUSD
[2026-07-29 05:39:03] Timeframe: H1
[2026-07-29 05:39:03] Candles Received: 10
[2026-07-29 05:39:03] Features Generated: true
[2026-07-29 05:39:03] Research Completed: true
[2026-07-29 05:39:03] Research cycle completed successfully. Result ID: rpt-XAUUSD-1b5fbb41
[2026-07-29 05:39:04] Starting research iteration for XAUUSD on H1...
[2026-07-29 05:39:04] MT5 Connected
[2026-07-29 05:39:04] Symbol: XAUUSD
[2026-07-29 05:39:04] Timeframe: H1
[2026-07-29 05:39:04] Candles Received: 10
[2026-07-29 05:39:04] Features Generated: true
[2026-07-29 05:39:04] Research Completed: true
[2026-07-29 05:39:04] Research cycle completed successfully. Result ID: rpt-XAUUSD-5ecbd60e
[2026-07-29 05:39:04] Starting research iteration for XAUUSD on H1...
[2026-07-29 05:39:04] MT5 Connected
[2026-07-29 05:39:04] Symbol: XAUUSD
[2026-07-29 05:39:04] Timeframe: H1
[2026-07-29 05:39:04] Candles Received: 10
[2026-07-29 05:39:04] Features Generated: true
[2026-07-29 05:39:04] Research Completed: true
[2026-07-29 05:39:04] Research cycle completed successfully. Result ID: rpt-XAUUSD-1e6a5b54
[2026-07-29 05:39:05] Starting research iteration for XAUUSD on H1...
[2026-07-29 05:39:05] MT5 Connected
[2026-07-29 05:39:05] Symbol: XAUUSD
[2026-07-29 05:39:05] Timeframe: H1
[2026-07-29 05:39:05] Candles Received: 10
[2026-07-29 05:39:05] Features Generated: true
[2026-07-29 05:39:05] Research Completed: true
[2026-07-29 05:39:05] Research cycle completed successfully. Result ID: rpt-XAUUSD-dcda7651
[2026-07-29 05:39:05] Starting research iteration for XAUUSD on H1...
[2026-07-29 05:39:05] MT5 Connected
[2026-07-29 05:39:05] Symbol: XAUUSD
[2026-07-29 05:39:05] Timeframe: H1
[2026-07-29 05:39:05] Candles Received: 10
[2026-07-29 05:39:05] Features Generated: true
[2026-07-29 05:39:05] Research Completed: true
[2026-07-29 05:39:05] Research cycle completed successfully. Result ID: rpt-XAUUSD-178bca73
[2026-07-29 05:39:06] Starting research iteration for XAUUSD on H1...
[2026-07-29 05:39:06] MT5 Connected
[2026-07-29 05:39:06] Symbol: XAUUSD
[2026-07-29 05:39:06] Timeframe: H1
[2026-07-29 05:39:06] Candles Received: 10
[2026-07-29 05:39:06] Features Generated: true
[2026-07-29 05:39:06] Research Completed: true
[2026-07-29 05:39:06] Research cycle completed successfully. Result ID: rpt-XAUUSD-6ebb3545
[2026-07-29 05:39:06] Starting research iteration for XAUUSD on H1...
[2026-07-29 05:39:06] MT5 Connected
[2026-07-29 05:39:06] Symbol: XAUUSD
[2026-07-29 05:39:06] Timeframe: H1
[2026-07-29 05:39:06] Candles Received: 10
[2026-07-29 05:39:06] Features Generated: true
[2026-07-29 05:39:06] Research Completed: true
[2026-07-29 05:39:06] Research cycle completed successfully. Result ID: rpt-XAUUSD-6f388d2d
[2026-07-29 05:39:06] Starting research iteration for XAUUSD on H1...
[2026-07-29 05:39:06] MT5 Connected
[2026-07-29 05:39:06] Symbol: XAUUSD
[2026-07-29 05:39:06] Timeframe: H1
[2026-07-29 05:39:06] Candles Received: 10
[2026-07-29 05:39:06] Features Generated: true
[2026-07-29 05:39:06] Research Completed: true
[2026-07-29 05:39:06] Research cycle completed successfully. Result ID: rpt-XAUUSD-a76f10ab
[2026-07-29 05:39:06] Starting research iteration for XAUUSD on H1...
[2026-07-29 05:39:06] MT5 Connected
[2026-07-29 05:39:06] Symbol: XAUUSD
[2026-07-29 05:39:06] Timeframe: H1
[2026-07-29 05:39:06] Candles Received: 10
[2026-07-29 05:39:06] Features Generated: true
[2026-07-29 05:39:06] Research Completed: true
[2026-07-29 05:39:06] Research cycle completed successfully. Result ID: rpt-XAUUSD-b9b2a5ca
[2026-07-29 05:39:07] Starting research iteration for XAUUSD on H1...
[2026-07-29 05:39:07] MT5 Connected
[2026-07-29 05:39:07] Symbol: XAUUSD
[2026-07-29 05:39:07] Timeframe: H1
[2026-07-29 05:39:07] Candles Received: 10
[2026-07-29 05:39:07] Features Generated: true
[2026-07-29 05:39:07] Research Completed: true
[2026-07-29 05:39:07] Research cycle completed successfully. Result ID: rpt-XAUUSD-c9774907
[2026-07-29 05:39:08] Starting research iteration for XAUUSD on H1...
[2026-07-29 05:39:08] MT5 Connected
[2026-07-29 05:39:08] Symbol: XAUUSD
[2026-07-29 05:39:08] Timeframe: H1
[2026-07-29 05:39:08] Candles Received: 10
[2026-07-29 05:39:08] Features Generated: true
[2026-07-29 05:39:08] Research Completed: true
[2026-07-29 05:39:08] Research cycle completed successfully. Result ID: rpt-XAUUSD-8aed39d2
[2026-07-29 05:39:12] Starting research iteration for XAUUSD on H1...
[2026-07-29 05:39:12] MT5 Connected
[2026-07-29 05:39:12] Symbol: XAUUSD
[2026-07-29 05:39:12] Timeframe: H1
[2026-07-29 05:39:12] Candles Received: 10
[2026-07-29 05:39:12] Features Generated: true
[2026-07-29 05:39:12] Research Completed: true
[2026-07-29 05:39:12] Research cycle completed successfully. Result ID: rpt-XAUUSD-99fe24c3
[2026-07-29 05:39:12] Starting research iteration for XAUUSD on H1...
[2026-07-29 05:39:12] MT5 Connected
[2026-07-29 05:39:12] Symbol: XAUUSD
[2026-07-29 05:39:12] Timeframe: H1
[2026-07-29 05:39:12] Candles Received: 10
[2026-07-29 05:39:12] Features Generated: true
[2026-07-29 05:39:12] Research Completed: true
[2026-07-29 05:39:12] Research cycle completed successfully. Result ID: rpt-XAUUSD-536a9229
[2026-07-29 05:39:12] Starting research iteration for XAUUSD on H1...
[2026-07-29 05:39:12] MT5 Connected
[2026-07-29 05:39:12] Symbol: XAUUSD
[2026-07-29 05:39:12] Timeframe: H1
[2026-07-29 05:39:12] Candles Received: 10
[2026-07-29 05:39:12] Features Generated: true
[2026-07-29 05:39:12] Research Completed: true
[2026-07-29 05:39:12] Research cycle completed successfully. Result ID: rpt-XAUUSD-fc157bad
[2026-07-29 05:39:15] Starting research iteration for XAUUSD on H1...
[2026-07-29 05:39:15] MT5 Connected
[2026-07-29 05:39:15] Symbol: XAUUSD
[2026-07-29 05:39:15] Timeframe: H1
[2026-07-29 05:39:15] Candles Received: 10
[2026-07-29 05:39:15] Features Generated: true
[2026-07-29 05:39:15] Research Completed: true
[2026-07-29 05:39:15] Research cycle completed successfully. Result ID: rpt-XAUUSD-e0f646ac
[2026-07-29 05:39:15] Starting research iteration for XAUUSD on H1...
[2026-07-29 05:39:15] MT5 Connected
[2026-07-29 05:39:15] Symbol: XAUUSD
[2026-07-29 05:39:15] Timeframe: H1
[2026-07-29 05:39:15] Candles Received: 10
[2026-07-29 05:39:15] Features Generated: true
[2026-07-29 05:39:15] Research Completed: true
[2026-07-29 05:39:15] Research cycle completed successfully. Result ID: rpt-XAUUSD-c8cb8f04
[2026-07-29 05:39:16] Starting research iteration for XAUUSD on H1...
[2026-07-29 05:39:16] MT5 Connected
[2026-07-29 05:39:16] Symbol: XAUUSD
[2026-07-29 05:39:16] Timeframe: H1
[2026-07-29 05:39:16] Candles Received: 10
[2026-07-29 05:39:16] Features Generated: true
[2026-07-29 05:39:16] Research Completed: true
[2026-07-29 05:39:16] Research cycle completed successfully. Result ID: rpt-XAUUSD-4e5fb806
[2026-07-29 05:39:17] Starting research iteration for XAUUSD on H1...
[2026-07-29 05:39:17] MT5 Connected
[2026-07-29 05:39:17] Symbol: XAUUSD
[2026-07-29 05:39:17] Timeframe: H1
[2026-07-29 05:39:17] Candles Received: 10
[2026-07-29 05:39:17] Features Generated: true
[2026-07-29 05:39:17] Research Completed: true
[2026-07-29 05:39:17] Research cycle completed successfully. Result ID: rpt-XAUUSD-9a9a459e
[2026-07-29 05:39:18] Starting research iteration for XAUUSD on H1...
[2026-07-29 05:39:18] MT5 Connected
[2026-07-29 05:39:18] Symbol: XAUUSD
[2026-07-29 05:39:18] Timeframe: H1
[2026-07-29 05:39:18] Candles Received: 10
[2026-07-29 05:39:18] Features Generated: true
[2026-07-29 05:39:18] Research Completed: true
[2026-07-29 05:39:18] Research cycle completed successfully. Result ID: rpt-XAUUSD-05698d02
[2026-07-29 05:39:18] Starting research iteration for XAUUSD on H1...
[2026-07-29 05:39:18] MT5 Connected
[2026-07-29 05:39:18] Symbol: XAUUSD
[2026-07-29 05:39:18] Timeframe: H1
[2026-07-29 05:39:18] Candles Received: 10
[2026-07-29 05:39:18] Features Generated: true
[2026-07-29 05:39:18] Research Completed: true
[2026-07-29 05:39:18] Research cycle completed successfully. Result ID: rpt-XAUUSD-f9e3f691
[2026-07-29 05:39:18] Starting research iteration for XAUUSD on H1...
[2026-07-29 05:39:18] MT5 Connected
[2026-07-29 05:39:18] Symbol: XAUUSD
[2026-07-29 05:39:18] Timeframe: H1
[2026-07-29 05:39:18] Candles Received: 10
[2026-07-29 05:39:18] Features Generated: true
[2026-07-29 05:39:18] Research Completed: true
[2026-07-29 05:39:18] Research cycle completed successfully. Result ID: rpt-XAUUSD-47c62bcc
[2026-07-29 05:39:18] Starting research iteration for XAUUSD on H1...
[2026-07-29 05:39:18] MT5 Connected
[2026-07-29 05:39:18] Symbol: XAUUSD
[2026-07-29 05:39:18] Timeframe: H1
[2026-07-29 05:39:18] Candles Received: 10
[2026-07-29 05:39:18] Features Generated: true
[2026-07-29 05:39:18] Research Completed: true
[2026-07-29 05:39:18] Research cycle completed successfully. Result ID: rpt-XAUUSD-b98549cb
[2026-07-29 05:39:18] Starting research iteration for XAUUSD on H1...
[2026-07-29 05:39:18] MT5 Connected
[2026-07-29 05:39:18] Symbol: XAUUSD
[2026-07-29 05:39:18] Timeframe: H1
[2026-07-29 05:39:18] Candles Received: 10
[2026-07-29 05:39:18] Features Generated: true
[2026-07-29 05:39:18] Research Completed: true
[2026-07-29 05:39:18] Research cycle completed successfully. Result ID: rpt-XAUUSD-95f5478b
[2026-07-29 05:39:18] Starting research iteration for XAUUSD on H1...
[2026-07-29 05:39:18] MT5 Connected
[2026-07-29 05:39:18] Symbol: XAUUSD
[2026-07-29 05:39:18] Timeframe: H1
[2026-07-29 05:39:18] Candles Received: 10
[2026-07-29 05:39:18] Features Generated: true
[2026-07-29 05:39:18] Research Completed: true
[2026-07-29 05:39:18] Research cycle completed successfully. Result ID: rpt-XAUUSD-6f2603b1
[2026-07-29 05:39:19] Starting research iteration for XAUUSD on H1...
[2026-07-29 05:39:19] MT5 Connected
[2026-07-29 05:39:19] Symbol: XAUUSD
[2026-07-29 05:39:19] Timeframe: H1
[2026-07-29 05:39:19] Candles Received: 10
[2026-07-29 05:39:19] Features Generated: true
[2026-07-29 05:39:19] Research Completed: true
[2026-07-29 05:39:19] Research cycle completed successfully. Result ID: rpt-XAUUSD-5628ad5e
[2026-07-29 05:39:19] Starting research iteration for XAUUSD on H1...
[2026-07-29 05:39:19] MT5 Connected
[2026-07-29 05:39:19] Symbol: XAUUSD
[2026-07-29 05:39:19] Timeframe: H1
[2026-07-29 05:39:19] Candles Received: 10
[2026-07-29 05:39:19] Features Generated: true
[2026-07-29 05:39:19] Research Completed: true
[2026-07-29 05:39:19] Research cycle completed successfully. Result ID: rpt-XAUUSD-148666c6
[2026-07-29 05:39:19] Starting research iteration for XAUUSD on H1...
[2026-07-29 05:39:19] MT5 Connected
[2026-07-29 05:39:19] Symbol: XAUUSD
[2026-07-29 05:39:19] Timeframe: H1
[2026-07-29 05:39:19] Candles Received: 10
[2026-07-29 05:39:19] Features Generated: true
[2026-07-29 05:39:19] Research Completed: true
[2026-07-29 05:39:19] Research cycle completed successfully. Result ID: rpt-XAUUSD-8948ef6a
[2026-07-29 05:39:20] Starting research iteration for XAUUSD on H1...
[2026-07-29 05:39:20] MT5 Connected
[2026-07-29 05:39:20] Symbol: XAUUSD
[2026-07-29 05:39:20] Timeframe: H1
[2026-07-29 05:39:20] Candles Received: 10
[2026-07-29 05:39:20] Features Generated: true
[2026-07-29 05:39:20] Research Completed: true
[2026-07-29 05:39:20] Research cycle completed successfully. Result ID: rpt-XAUUSD-08633871
[2026-07-29 05:39:21] Starting research iteration for XAUUSD on H1...
[2026-07-29 05:39:21] MT5 Connected
[2026-07-29 05:39:21] Symbol: XAUUSD
[2026-07-29 05:39:21] Timeframe: H1
[2026-07-29 05:39:21] Candles Received: 10
[2026-07-29 05:39:21] Features Generated: true
[2026-07-29 05:39:21] Research Completed: true
[2026-07-29 05:39:21] Research cycle completed successfully. Result ID: rpt-XAUUSD-4d86306c
[2026-07-29 05:39:21] Starting research iteration for XAUUSD on H1...
[2026-07-29 05:39:21] MT5 Connected
[2026-07-29 05:39:21] Symbol: XAUUSD
[2026-07-29 05:39:21] Timeframe: H1
[2026-07-29 05:39:21] Candles Received: 10
[2026-07-29 05:39:21] Features Generated: true
[2026-07-29 05:39:21] Research Completed: true
[2026-07-29 05:39:21] Research cycle completed successfully. Result ID: rpt-XAUUSD-cd35e82d
[2026-07-29 05:39:21] Starting research iteration for XAUUSD on H1...
[2026-07-29 05:39:21] MT5 Connected
[2026-07-29 05:39:21] Symbol: XAUUSD
[2026-07-29 05:39:21] Timeframe: H1
[2026-07-29 05:39:21] Candles Received: 10
[2026-07-29 05:39:21] Features Generated: true
[2026-07-29 05:39:21] Research Completed: true
[2026-07-29 05:39:21] Research cycle completed successfully. Result ID: rpt-XAUUSD-37272a34
[2026-07-29 05:39:22] Starting research iteration for XAUUSD on H1...
[2026-07-29 05:39:22] MT5 Connected
[2026-07-29 05:39:22] Symbol: XAUUSD
[2026-07-29 05:39:22] Timeframe: H1
[2026-07-29 05:39:22] Candles Received: 10
[2026-07-29 05:39:22] Features Generated: true
[2026-07-29 05:39:22] Research Completed: true
[2026-07-29 05:39:22] Research cycle completed successfully. Result ID: rpt-XAUUSD-1e0ff9e4
[2026-07-29 05:39:23] Starting research iteration for XAUUSD on H1...
[2026-07-29 05:39:23] MT5 Connected
[2026-07-29 05:39:23] Symbol: XAUUSD
[2026-07-29 05:39:23] Timeframe: H1
[2026-07-29 05:39:23] Candles Received: 10
[2026-07-29 05:39:23] Features Generated: true
[2026-07-29 05:39:23] Research Completed: true
[2026-07-29 05:39:23] Research cycle completed successfully. Result ID: rpt-XAUUSD-d5273bd1
[2026-07-29 05:39:27] Starting research iteration for XAUUSD on H1...
[2026-07-29 05:39:27] MT5 Connected
[2026-07-29 05:39:27] Symbol: XAUUSD
[2026-07-29 05:39:27] Timeframe: H1
[2026-07-29 05:39:27] Candles Received: 10
[2026-07-29 05:39:27] Features Generated: true
[2026-07-29 05:39:27] Research Completed: true
[2026-07-29 05:39:27] Research cycle completed successfully. Result ID: rpt-XAUUSD-61ca59d0
[2026-07-29 05:39:27] Starting research iteration for XAUUSD on H1...
[2026-07-29 05:39:27] MT5 Connected
[2026-07-29 05:39:27] Symbol: XAUUSD
[2026-07-29 05:39:27] Timeframe: H1
[2026-07-29 05:39:27] Candles Received: 10
[2026-07-29 05:39:27] Features Generated: true
[2026-07-29 05:39:27] Research Completed: true
[2026-07-29 05:39:27] Research cycle completed successfully. Result ID: rpt-XAUUSD-019bd542
[2026-07-29 05:39:27] Starting research iteration for XAUUSD on H1...
[2026-07-29 05:39:27] MT5 Connected
[2026-07-29 05:39:27] Symbol: XAUUSD
[2026-07-29 05:39:27] Timeframe: H1
[2026-07-29 05:39:27] Candles Received: 10
[2026-07-29 05:39:27] Features Generated: true
[2026-07-29 05:39:27] Research Completed: true
[2026-07-29 05:39:27] Research cycle completed successfully. Result ID: rpt-XAUUSD-1691a9e7
[2026-07-29 05:39:27] Starting research iteration for XAUUSD on H1...
[2026-07-29 05:39:27] MT5 Connected
[2026-07-29 05:39:27] Symbol: XAUUSD
[2026-07-29 05:39:27] Timeframe: H1
[2026-07-29 05:39:27] Candles Received: 10
[2026-07-29 05:39:27] Features Generated: true
[2026-07-29 05:39:27] Research Completed: true
[2026-07-29 05:39:27] Research cycle completed successfully. Result ID: rpt-XAUUSD-52a11d53
[2026-07-29 05:39:30] Starting research iteration for XAUUSD on H1...
[2026-07-29 05:39:30] MT5 Connected
[2026-07-29 05:39:30] Symbol: XAUUSD
[2026-07-29 05:39:30] Timeframe: H1
[2026-07-29 05:39:30] Candles Received: 10
[2026-07-29 05:39:30] Features Generated: true
[2026-07-29 05:39:30] Research Completed: true
[2026-07-29 05:39:30] Research cycle completed successfully. Result ID: rpt-XAUUSD-bc9cbfc8
[2026-07-29 05:39:31] Starting research iteration for XAUUSD on H1...
[2026-07-29 05:39:31] MT5 Connected
[2026-07-29 05:39:31] Symbol: XAUUSD
[2026-07-29 05:39:31] Timeframe: H1
[2026-07-29 05:39:31] Candles Received: 10
[2026-07-29 05:39:31] Features Generated: true
[2026-07-29 05:39:31] Research Completed: true
[2026-07-29 05:39:31] Research cycle completed successfully. Result ID: rpt-XAUUSD-cbb135c2
[2026-07-29 05:39:31] Starting research iteration for XAUUSD on H1...
[2026-07-29 05:39:31] MT5 Connected
[2026-07-29 05:39:31] Symbol: XAUUSD
[2026-07-29 05:39:31] Timeframe: H1
[2026-07-29 05:39:31] Candles Received: 10
[2026-07-29 05:39:31] Features Generated: true
[2026-07-29 05:39:31] Research Completed: true
[2026-07-29 05:39:31] Research cycle completed successfully. Result ID: rpt-XAUUSD-00fb8a22
[2026-07-29 05:39:32] Starting research iteration for XAUUSD on H1...
[2026-07-29 05:39:32] MT5 Connected
[2026-07-29 05:39:32] Symbol: XAUUSD
[2026-07-29 05:39:32] Timeframe: H1
[2026-07-29 05:39:32] Candles Received: 10
[2026-07-29 05:39:32] Features Generated: true
[2026-07-29 05:39:32] Research Completed: true
[2026-07-29 05:39:32] Research cycle completed successfully. Result ID: rpt-XAUUSD-866970a1
[2026-07-29 05:39:33] Starting research iteration for XAUUSD on H1...
[2026-07-29 05:39:33] MT5 Connected
[2026-07-29 05:39:33] Symbol: XAUUSD
[2026-07-29 05:39:33] Timeframe: H1
[2026-07-29 05:39:33] Candles Received: 10
[2026-07-29 05:39:33] Features Generated: true
[2026-07-29 05:39:33] Research Completed: true
[2026-07-29 05:39:33] Research cycle completed successfully. Result ID: rpt-XAUUSD-064eb136
[2026-07-29 05:39:33] Starting research iteration for XAUUSD on H1...
[2026-07-29 05:39:33] MT5 Connected
[2026-07-29 05:39:33] Symbol: XAUUSD
[2026-07-29 05:39:33] Timeframe: H1
[2026-07-29 05:39:33] Candles Received: 10
[2026-07-29 05:39:33] Features Generated: true
[2026-07-29 05:39:33] Research Completed: true
[2026-07-29 05:39:33] Research cycle completed successfully. Result ID: rpt-XAUUSD-79fe1b24
[2026-07-29 05:39:33] Starting research iteration for XAUUSD on H1...
[2026-07-29 05:39:33] MT5 Connected
[2026-07-29 05:39:33] Symbol: XAUUSD
[2026-07-29 05:39:33] Timeframe: H1
[2026-07-29 05:39:33] Candles Received: 10
[2026-07-29 05:39:33] Features Generated: true
[2026-07-29 05:39:33] Research Completed: true
[2026-07-29 05:39:33] Research cycle completed successfully. Result ID: rpt-XAUUSD-f2666968
[2026-07-29 05:39:33] Starting research iteration for XAUUSD on H1...
[2026-07-29 05:39:33] MT5 Connected
[2026-07-29 05:39:33] Symbol: XAUUSD
[2026-07-29 05:39:33] Timeframe: H1
[2026-07-29 05:39:33] Candles Received: 10
[2026-07-29 05:39:33] Features Generated: true
[2026-07-29 05:39:33] Research Completed: true
[2026-07-29 05:39:33] Research cycle completed successfully. Result ID: rpt-XAUUSD-fe224a6b
[2026-07-29 05:39:33] Starting research iteration for XAUUSD on H1...
[2026-07-29 05:39:33] MT5 Connected
[2026-07-29 05:39:33] Symbol: XAUUSD
[2026-07-29 05:39:33] Timeframe: H1
[2026-07-29 05:39:33] Candles Received: 10
[2026-07-29 05:39:33] Features Generated: true
[2026-07-29 05:39:33] Research Completed: true
[2026-07-29 05:39:33] Research cycle completed successfully. Result ID: rpt-XAUUSD-7a22787d
[2026-07-29 05:39:34] Starting research iteration for XAUUSD on H1...
[2026-07-29 05:39:34] MT5 Connected
[2026-07-29 05:39:34] Symbol: XAUUSD
[2026-07-29 05:39:34] Timeframe: H1
[2026-07-29 05:39:34] Candles Received: 10
[2026-07-29 05:39:34] Features Generated: true
[2026-07-29 05:39:34] Research Completed: true
[2026-07-29 05:39:34] Research cycle completed successfully. Result ID: rpt-XAUUSD-355f75d2
[2026-07-29 05:39:34] Starting research iteration for XAUUSD on H1...
[2026-07-29 05:39:34] MT5 Connected
[2026-07-29 05:39:34] Symbol: XAUUSD
[2026-07-29 05:39:34] Timeframe: H1
[2026-07-29 05:39:34] Candles Received: 10
[2026-07-29 05:39:34] Features Generated: true
[2026-07-29 05:39:34] Research Completed: true
[2026-07-29 05:39:34] Research cycle completed successfully. Result ID: rpt-XAUUSD-c7b0c374
[2026-07-29 05:39:34] Starting research iteration for XAUUSD on H1...
[2026-07-29 05:39:34] MT5 Connected
[2026-07-29 05:39:34] Symbol: XAUUSD
[2026-07-29 05:39:34] Timeframe: H1
[2026-07-29 05:39:34] Candles Received: 10
[2026-07-29 05:39:34] Features Generated: true
[2026-07-29 05:39:34] Research Completed: true
[2026-07-29 05:39:34] Research cycle completed successfully. Result ID: rpt-XAUUSD-feb8f024
[2026-07-29 05:39:34] Starting research iteration for XAUUSD on H1...
[2026-07-29 05:39:34] MT5 Connected
[2026-07-29 05:39:34] Symbol: XAUUSD
[2026-07-29 05:39:34] Timeframe: H1
[2026-07-29 05:39:34] Candles Received: 10
[2026-07-29 05:39:34] Features Generated: true
[2026-07-29 05:39:34] Research Completed: true
[2026-07-29 05:39:34] Research cycle completed successfully. Result ID: rpt-XAUUSD-70a2b9ad
[2026-07-29 05:39:35] Starting research iteration for XAUUSD on H1...
[2026-07-29 05:39:35] MT5 Connected
[2026-07-29 05:39:35] Symbol: XAUUSD
[2026-07-29 05:39:35] Timeframe: H1
[2026-07-29 05:39:35] Candles Received: 10
[2026-07-29 05:39:35] Features Generated: true
[2026-07-29 05:39:35] Research Completed: true
[2026-07-29 05:39:35] Research cycle completed successfully. Result ID: rpt-XAUUSD-93e29a95
[2026-07-29 05:39:36] Starting research iteration for XAUUSD on H1...
[2026-07-29 05:39:36] MT5 Connected
[2026-07-29 05:39:36] Symbol: XAUUSD
[2026-07-29 05:39:36] Timeframe: H1
[2026-07-29 05:39:36] Candles Received: 10
[2026-07-29 05:39:36] Features Generated: true
[2026-07-29 05:39:36] Research Completed: true
[2026-07-29 05:39:36] Research cycle completed successfully. Result ID: rpt-XAUUSD-992cad2c
[2026-07-29 05:39:36] Starting research iteration for XAUUSD on H1...
[2026-07-29 05:39:36] MT5 Connected
[2026-07-29 05:39:36] Symbol: XAUUSD
[2026-07-29 05:39:36] Timeframe: H1
[2026-07-29 05:39:36] Candles Received: 10
[2026-07-29 05:39:36] Features Generated: true
[2026-07-29 05:39:36] Research Completed: true
[2026-07-29 05:39:36] Research cycle completed successfully. Result ID: rpt-XAUUSD-2b60ce1b
[2026-07-29 05:39:37] Starting research iteration for XAUUSD on H1...
[2026-07-29 05:39:37] MT5 Connected
[2026-07-29 05:39:37] Symbol: XAUUSD
[2026-07-29 05:39:37] Timeframe: H1
[2026-07-29 05:39:37] Candles Received: 10
[2026-07-29 05:39:37] Features Generated: true
[2026-07-29 05:39:37] Research Completed: true
[2026-07-29 05:39:37] Research cycle completed successfully. Result ID: rpt-XAUUSD-a0de573e
[2026-07-29 05:39:38] Starting research iteration for XAUUSD on H1...
[2026-07-29 05:39:38] MT5 Connected
[2026-07-29 05:39:38] Symbol: XAUUSD
[2026-07-29 05:39:38] Timeframe: H1
[2026-07-29 05:39:38] Candles Received: 10
[2026-07-29 05:39:38] Features Generated: true
[2026-07-29 05:39:38] Research Completed: true
[2026-07-29 05:39:38] Research cycle completed successfully. Result ID: rpt-XAUUSD-6fc41617
[2026-07-29 05:39:39] Starting research iteration for XAUUSD on H1...
[2026-07-29 05:39:39] MT5 Connected
[2026-07-29 05:39:39] Symbol: XAUUSD
[2026-07-29 05:39:39] Timeframe: H1
[2026-07-29 05:39:39] Candles Received: 10
[2026-07-29 05:39:39] Features Generated: true
[2026-07-29 05:39:39] Research Completed: true
[2026-07-29 05:39:39] Research cycle completed successfully. Result ID: rpt-XAUUSD-0753de2b
[2026-07-29 05:39:42] Starting research iteration for XAUUSD on H1...
[2026-07-29 05:39:42] MT5 Connected
[2026-07-29 05:39:42] Symbol: XAUUSD
[2026-07-29 05:39:42] Timeframe: H1
[2026-07-29 05:39:42] Candles Received: 10
[2026-07-29 05:39:42] Features Generated: true
[2026-07-29 05:39:42] Research Completed: true
[2026-07-29 05:39:42] Research cycle completed successfully. Result ID: rpt-XAUUSD-bf888a22
[2026-07-29 05:39:42] Starting research iteration for XAUUSD on H1...
[2026-07-29 05:39:42] MT5 Connected
[2026-07-29 05:39:42] Symbol: XAUUSD
[2026-07-29 05:39:42] Timeframe: H1
[2026-07-29 05:39:42] Candles Received: 10
[2026-07-29 05:39:42] Features Generated: true
[2026-07-29 05:39:42] Research Completed: true
[2026-07-29 05:39:42] Research cycle completed successfully. Result ID: rpt-XAUUSD-648ba8e9
[2026-07-29 05:39:42] Starting research iteration for XAUUSD on H1...
[2026-07-29 05:39:42] MT5 Connected
[2026-07-29 05:39:42] Symbol: XAUUSD
[2026-07-29 05:39:42] Timeframe: H1
[2026-07-29 05:39:42] Candles Received: 10
[2026-07-29 05:39:42] Features Generated: true
[2026-07-29 05:39:42] Research Completed: true
[2026-07-29 05:39:42] Research cycle completed successfully. Result ID: rpt-XAUUSD-e6da723c
[2026-07-29 05:39:42] Starting research iteration for XAUUSD on H1...
[2026-07-29 05:39:42] MT5 Connected
[2026-07-29 05:39:42] Symbol: XAUUSD
[2026-07-29 05:39:42] Timeframe: H1
[2026-07-29 05:39:42] Candles Received: 10
[2026-07-29 05:39:42] Features Generated: true
[2026-07-29 05:39:42] Research Completed: true
[2026-07-29 05:39:42] Research cycle completed successfully. Result ID: rpt-XAUUSD-b9d4793c
[2026-07-29 05:39:45] Starting research iteration for XAUUSD on H1...
[2026-07-29 05:39:45] MT5 Connected
[2026-07-29 05:39:45] Symbol: XAUUSD
[2026-07-29 05:39:45] Timeframe: H1
[2026-07-29 05:39:45] Candles Received: 10
[2026-07-29 05:39:45] Features Generated: true
[2026-07-29 05:39:45] Research Completed: true
[2026-07-29 05:39:45] Research cycle completed successfully. Result ID: rpt-XAUUSD-efda7159
[2026-07-29 05:39:46] Starting research iteration for XAUUSD on H1...
[2026-07-29 05:39:46] MT5 Connected
[2026-07-29 05:39:46] Symbol: XAUUSD
[2026-07-29 05:39:46] Timeframe: H1
[2026-07-29 05:39:46] Candles Received: 10
[2026-07-29 05:39:46] Features Generated: true
[2026-07-29 05:39:46] Research Completed: true
[2026-07-29 05:39:46] Research cycle completed successfully. Result ID: rpt-XAUUSD-5fd18927
[2026-07-29 05:39:46] Starting research iteration for XAUUSD on H1...
[2026-07-29 05:39:46] MT5 Connected
[2026-07-29 05:39:46] Symbol: XAUUSD
[2026-07-29 05:39:46] Timeframe: H1
[2026-07-29 05:39:46] Candles Received: 10
[2026-07-29 05:39:46] Features Generated: true
[2026-07-29 05:39:46] Research Completed: true
[2026-07-29 05:39:46] Research cycle completed successfully. Result ID: rpt-XAUUSD-4729935e
[2026-07-29 05:39:46] Starting research iteration for XAUUSD on H1...
[2026-07-29 05:39:46] MT5 Connected
[2026-07-29 05:39:46] Symbol: XAUUSD
[2026-07-29 05:39:46] Timeframe: H1
[2026-07-29 05:39:46] Candles Received: 10
[2026-07-29 05:39:46] Features Generated: true
[2026-07-29 05:39:46] Research Completed: true
[2026-07-29 05:39:46] Research cycle completed successfully. Result ID: rpt-XAUUSD-168b2e86
[2026-07-29 05:39:47] Starting research iteration for XAUUSD on H1...
[2026-07-29 05:39:47] MT5 Connected
[2026-07-29 05:39:47] Symbol: XAUUSD
[2026-07-29 05:39:47] Timeframe: H1
[2026-07-29 05:39:47] Candles Received: 10
[2026-07-29 05:39:47] Features Generated: true
[2026-07-29 05:39:47] Research Completed: true
[2026-07-29 05:39:47] Research cycle completed successfully. Result ID: rpt-XAUUSD-f3ae3110
[2026-07-29 05:39:48] Starting research iteration for XAUUSD on H1...
[2026-07-29 05:39:48] MT5 Connected
[2026-07-29 05:39:48] Symbol: XAUUSD
[2026-07-29 05:39:48] Timeframe: H1
[2026-07-29 05:39:48] Candles Received: 10
[2026-07-29 05:39:48] Features Generated: true
[2026-07-29 05:39:48] Research Completed: true
[2026-07-29 05:39:48] Research cycle completed successfully. Result ID: rpt-XAUUSD-5fc55394
[2026-07-29 05:39:48] Starting research iteration for XAUUSD on H1...
[2026-07-29 05:39:48] MT5 Connected
[2026-07-29 05:39:48] Symbol: XAUUSD
[2026-07-29 05:39:48] Timeframe: H1
[2026-07-29 05:39:48] Candles Received: 10
[2026-07-29 05:39:48] Features Generated: true
[2026-07-29 05:39:48] Research Completed: true
[2026-07-29 05:39:48] Research cycle completed successfully. Result ID: rpt-XAUUSD-6dc3168a
[2026-07-29 05:39:48] Starting research iteration for XAUUSD on H1...
[2026-07-29 05:39:48] MT5 Connected
[2026-07-29 05:39:48] Symbol: XAUUSD
[2026-07-29 05:39:48] Timeframe: H1
[2026-07-29 05:39:48] Candles Received: 10
[2026-07-29 05:39:48] Features Generated: true
[2026-07-29 05:39:48] Research Completed: true
[2026-07-29 05:39:48] Research cycle completed successfully. Result ID: rpt-XAUUSD-9054620d
[2026-07-29 05:39:48] Starting research iteration for XAUUSD on H1...
[2026-07-29 05:39:48] MT5 Connected
[2026-07-29 05:39:48] Symbol: XAUUSD
[2026-07-29 05:39:48] Timeframe: H1
[2026-07-29 05:39:48] Candles Received: 10
[2026-07-29 05:39:48] Features Generated: true
[2026-07-29 05:39:48] Research Completed: true
[2026-07-29 05:39:48] Research cycle completed successfully. Result ID: rpt-XAUUSD-e8fb5dbd
[2026-07-29 05:39:48] Starting research iteration for XAUUSD on H1...
[2026-07-29 05:39:48] MT5 Connected
[2026-07-29 05:39:48] Symbol: XAUUSD
[2026-07-29 05:39:48] Timeframe: H1
[2026-07-29 05:39:48] Candles Received: 10
[2026-07-29 05:39:48] Features Generated: true
[2026-07-29 05:39:48] Research Completed: true
[2026-07-29 05:39:48] Research cycle completed successfully. Result ID: rpt-XAUUSD-f1d8b3b3
[2026-07-29 05:39:49] Starting research iteration for XAUUSD on H1...
[2026-07-29 05:39:49] MT5 Connected
[2026-07-29 05:39:49] Symbol: XAUUSD
[2026-07-29 05:39:49] Timeframe: H1
[2026-07-29 05:39:49] Candles Received: 10
[2026-07-29 05:39:49] Features Generated: true
[2026-07-29 05:39:49] Research Completed: true
[2026-07-29 05:39:49] Research cycle completed successfully. Result ID: rpt-XAUUSD-c2693b33
[2026-07-29 05:39:49] Starting research iteration for XAUUSD on H1...
[2026-07-29 05:39:49] MT5 Connected
[2026-07-29 05:39:49] Symbol: XAUUSD
[2026-07-29 05:39:49] Timeframe: H1
[2026-07-29 05:39:49] Candles Received: 10
[2026-07-29 05:39:49] Features Generated: true
[2026-07-29 05:39:49] Research Completed: true
[2026-07-29 05:39:49] Research cycle completed successfully. Result ID: rpt-XAUUSD-27231fa1
[2026-07-29 05:39:49] Starting research iteration for XAUUSD on H1...
[2026-07-29 05:39:49] MT5 Connected
[2026-07-29 05:39:49] Symbol: XAUUSD
[2026-07-29 05:39:49] Timeframe: H1
[2026-07-29 05:39:49] Candles Received: 10
[2026-07-29 05:39:49] Features Generated: true
[2026-07-29 05:39:49] Research Completed: true
[2026-07-29 05:39:49] Research cycle completed successfully. Result ID: rpt-XAUUSD-93ca85a6
[2026-07-29 05:39:49] Starting research iteration for XAUUSD on H1...
[2026-07-29 05:39:49] MT5 Connected
[2026-07-29 05:39:49] Symbol: XAUUSD
[2026-07-29 05:39:49] Timeframe: H1
[2026-07-29 05:39:49] Candles Received: 10
[2026-07-29 05:39:49] Features Generated: true
[2026-07-29 05:39:49] Research Completed: true
[2026-07-29 05:39:49] Research cycle completed successfully. Result ID: rpt-XAUUSD-1cde4701
[2026-07-29 05:39:50] Starting research iteration for XAUUSD on H1...
[2026-07-29 05:39:50] MT5 Connected
[2026-07-29 05:39:50] Symbol: XAUUSD
[2026-07-29 05:39:50] Timeframe: H1
[2026-07-29 05:39:50] Candles Received: 10
[2026-07-29 05:39:50] Features Generated: true
[2026-07-29 05:39:50] Research Completed: true
[2026-07-29 05:39:50] Research cycle completed successfully. Result ID: rpt-XAUUSD-0d6b8cb6
[2026-07-29 05:39:51] Starting research iteration for XAUUSD on H1...
[2026-07-29 05:39:51] MT5 Connected
[2026-07-29 05:39:51] Symbol: XAUUSD
[2026-07-29 05:39:51] Timeframe: H1
[2026-07-29 05:39:51] Candles Received: 10
[2026-07-29 05:39:51] Features Generated: true
[2026-07-29 05:39:51] Research Completed: true
[2026-07-29 05:39:51] Research cycle completed successfully. Result ID: rpt-XAUUSD-2085c4e0
[2026-07-29 05:39:52] Starting research iteration for XAUUSD on H1...
[2026-07-29 05:39:52] MT5 Connected
[2026-07-29 05:39:52] Symbol: XAUUSD
[2026-07-29 05:39:52] Timeframe: H1
[2026-07-29 05:39:52] Candles Received: 10
[2026-07-29 05:39:52] Features Generated: true
[2026-07-29 05:39:52] Research Completed: true
[2026-07-29 05:39:52] Research cycle completed successfully. Result ID: rpt-XAUUSD-a507bf97
[2026-07-29 05:39:53] Starting research iteration for XAUUSD on H1...
[2026-07-29 05:39:53] MT5 Connected
[2026-07-29 05:39:53] Symbol: XAUUSD
[2026-07-29 05:39:53] Timeframe: H1
[2026-07-29 05:39:53] Candles Received: 10
[2026-07-29 05:39:53] Features Generated: true
[2026-07-29 05:39:53] Research Completed: true
[2026-07-29 05:39:53] Research cycle completed successfully. Result ID: rpt-XAUUSD-44ec3fb9
[2026-07-29 05:39:54] Starting research iteration for XAUUSD on H1...
[2026-07-29 05:39:54] MT5 Connected
[2026-07-29 05:39:54] Symbol: XAUUSD
[2026-07-29 05:39:54] Timeframe: H1
[2026-07-29 05:39:54] Candles Received: 10
[2026-07-29 05:39:54] Features Generated: true
[2026-07-29 05:39:54] Research Completed: true
[2026-07-29 05:39:54] Research cycle completed successfully. Result ID: rpt-XAUUSD-dc506adf
[2026-07-29 05:39:57] Starting research iteration for XAUUSD on H1...
[2026-07-29 05:39:57] MT5 Connected
[2026-07-29 05:39:57] Symbol: XAUUSD
[2026-07-29 05:39:57] Timeframe: H1
[2026-07-29 05:39:57] Candles Received: 10
[2026-07-29 05:39:57] Features Generated: true
[2026-07-29 05:39:57] Research Completed: true
[2026-07-29 05:39:57] Research cycle completed successfully. Result ID: rpt-XAUUSD-8d52038a
[2026-07-29 05:39:57] Starting research iteration for XAUUSD on H1...
[2026-07-29 05:39:57] MT5 Connected
[2026-07-29 05:39:57] Symbol: XAUUSD
[2026-07-29 05:39:57] Timeframe: H1
[2026-07-29 05:39:57] Candles Received: 10
[2026-07-29 05:39:57] Features Generated: true
[2026-07-29 05:39:57] Research Completed: true
[2026-07-29 05:39:57] Research cycle completed successfully. Result ID: rpt-XAUUSD-5d9841d4
[2026-07-29 05:39:57] Starting research iteration for XAUUSD on H1...
[2026-07-29 05:39:57] MT5 Connected
[2026-07-29 05:39:57] Symbol: XAUUSD
[2026-07-29 05:39:57] Timeframe: H1
[2026-07-29 05:39:57] Candles Received: 10
[2026-07-29 05:39:57] Features Generated: true
[2026-07-29 05:39:57] Research Completed: true
[2026-07-29 05:39:57] Research cycle completed successfully. Result ID: rpt-XAUUSD-054d875f
[2026-07-29 05:39:57] Starting research iteration for XAUUSD on H1...
[2026-07-29 05:39:57] MT5 Connected
[2026-07-29 05:39:57] Symbol: XAUUSD
[2026-07-29 05:39:57] Timeframe: H1
[2026-07-29 05:39:57] Candles Received: 10
[2026-07-29 05:39:57] Features Generated: true
[2026-07-29 05:39:57] Research Completed: true
[2026-07-29 05:39:57] Research cycle completed successfully. Result ID: rpt-XAUUSD-77c6f4e6
[2026-07-29 05:40:00] Starting research iteration for XAUUSD on H1...
[2026-07-29 05:40:00] MT5 Connected
[2026-07-29 05:40:00] Symbol: XAUUSD
[2026-07-29 05:40:00] Timeframe: H1
[2026-07-29 05:40:00] Candles Received: 10
[2026-07-29 05:40:00] Features Generated: true
[2026-07-29 05:40:00] Research Completed: true
[2026-07-29 05:40:00] Research cycle completed successfully. Result ID: rpt-XAUUSD-563dbe78
[2026-07-29 05:40:01] Starting research iteration for XAUUSD on H1...
[2026-07-29 05:40:01] MT5 Connected
[2026-07-29 05:40:01] Symbol: XAUUSD
[2026-07-29 05:40:01] Timeframe: H1
[2026-07-29 05:40:01] Candles Received: 10
[2026-07-29 05:40:01] Features Generated: true
[2026-07-29 05:40:01] Research Completed: true
[2026-07-29 05:40:01] Research cycle completed successfully. Result ID: rpt-XAUUSD-a16ae981
[2026-07-29 05:40:01] Starting research iteration for XAUUSD on H1...
[2026-07-29 05:40:01] MT5 Connected
[2026-07-29 05:40:01] Symbol: XAUUSD
[2026-07-29 05:40:01] Timeframe: H1
[2026-07-29 05:40:01] Candles Received: 10
[2026-07-29 05:40:01] Features Generated: true
[2026-07-29 05:40:01] Research Completed: true
[2026-07-29 05:40:01] Research cycle completed successfully. Result ID: rpt-XAUUSD-b52a3b9a
[2026-07-29 05:40:02] Starting research iteration for XAUUSD on H1...
[2026-07-29 05:40:02] MT5 Connected
[2026-07-29 05:40:02] Symbol: XAUUSD
[2026-07-29 05:40:02] Timeframe: H1
[2026-07-29 05:40:02] Candles Received: 10
[2026-07-29 05:40:02] Features Generated: true
[2026-07-29 05:40:02] Research Completed: true
[2026-07-29 05:40:02] Research cycle completed successfully. Result ID: rpt-XAUUSD-5af261b8
[2026-07-29 05:40:03] Starting research iteration for XAUUSD on H1...
[2026-07-29 05:40:03] MT5 Connected
[2026-07-29 05:40:03] Symbol: XAUUSD
[2026-07-29 05:40:03] Timeframe: H1
[2026-07-29 05:40:03] Candles Received: 10
[2026-07-29 05:40:03] Features Generated: true
[2026-07-29 05:40:03] Research Completed: true
[2026-07-29 05:40:03] Research cycle completed successfully. Result ID: rpt-XAUUSD-518c1c95
[2026-07-29 05:40:03] Starting research iteration for XAUUSD on H1...
[2026-07-29 05:40:03] MT5 Connected
[2026-07-29 05:40:03] Symbol: XAUUSD
[2026-07-29 05:40:03] Timeframe: H1
[2026-07-29 05:40:03] Candles Received: 10
[2026-07-29 05:40:03] Features Generated: true
[2026-07-29 05:40:03] Research Completed: true
[2026-07-29 05:40:03] Research cycle completed successfully. Result ID: rpt-XAUUSD-3dd02466
[2026-07-29 05:40:03] Starting research iteration for XAUUSD on H1...
[2026-07-29 05:40:03] MT5 Connected
[2026-07-29 05:40:03] Symbol: XAUUSD
[2026-07-29 05:40:03] Timeframe: H1
[2026-07-29 05:40:03] Candles Received: 10
[2026-07-29 05:40:03] Features Generated: true
[2026-07-29 05:40:03] Research Completed: true
[2026-07-29 05:40:03] Research cycle completed successfully. Result ID: rpt-XAUUSD-1bf6db11
[2026-07-29 05:40:03] Starting research iteration for XAUUSD on H1...
[2026-07-29 05:40:03] MT5 Connected
[2026-07-29 05:40:03] Symbol: XAUUSD
[2026-07-29 05:40:03] Timeframe: H1
[2026-07-29 05:40:03] Candles Received: 10
[2026-07-29 05:40:03] Features Generated: true
[2026-07-29 05:40:03] Research Completed: true
[2026-07-29 05:40:03] Research cycle completed successfully. Result ID: rpt-XAUUSD-a3801624
[2026-07-29 05:40:04] Starting research iteration for XAUUSD on H1...
[2026-07-29 05:40:04] MT5 Connected
[2026-07-29 05:40:04] Symbol: XAUUSD
[2026-07-29 05:40:04] Timeframe: H1
[2026-07-29 05:40:04] Candles Received: 10
[2026-07-29 05:40:04] Features Generated: true
[2026-07-29 05:40:04] Research Completed: true
[2026-07-29 05:40:04] Research cycle completed successfully. Result ID: rpt-XAUUSD-aabc7602
[2026-07-29 05:40:04] Starting research iteration for XAUUSD on H1...
[2026-07-29 05:40:04] MT5 Connected
[2026-07-29 05:40:04] Symbol: XAUUSD
[2026-07-29 05:40:04] Timeframe: H1
[2026-07-29 05:40:04] Candles Received: 10
[2026-07-29 05:40:04] Features Generated: true
[2026-07-29 05:40:04] Research Completed: true
[2026-07-29 05:40:04] Research cycle completed successfully. Result ID: rpt-XAUUSD-b149cdc9
[2026-07-29 05:40:04] Starting research iteration for XAUUSD on H1...
[2026-07-29 05:40:04] MT5 Connected
[2026-07-29 05:40:04] Symbol: XAUUSD
[2026-07-29 05:40:04] Timeframe: H1
[2026-07-29 05:40:04] Candles Received: 10
[2026-07-29 05:40:04] Features Generated: true
[2026-07-29 05:40:04] Research Completed: true
[2026-07-29 05:40:04] Research cycle completed successfully. Result ID: rpt-XAUUSD-365297e1
[2026-07-29 05:40:04] Starting research iteration for XAUUSD on H1...
[2026-07-29 05:40:04] MT5 Connected
[2026-07-29 05:40:04] Symbol: XAUUSD
[2026-07-29 05:40:04] Timeframe: H1
[2026-07-29 05:40:04] Candles Received: 10
[2026-07-29 05:40:04] Features Generated: true
[2026-07-29 05:40:04] Research Completed: true
[2026-07-29 05:40:04] Research cycle completed successfully. Result ID: rpt-XAUUSD-a6602d00
[2026-07-29 05:40:04] Starting research iteration for XAUUSD on H1...
[2026-07-29 05:40:04] MT5 Connected
[2026-07-29 05:40:04] Symbol: XAUUSD
[2026-07-29 05:40:04] Timeframe: H1
[2026-07-29 05:40:04] Candles Received: 10
[2026-07-29 05:40:04] Features Generated: true
[2026-07-29 05:40:04] Research Completed: true
[2026-07-29 05:40:04] Research cycle completed successfully. Result ID: rpt-XAUUSD-7c879815
[2026-07-29 05:40:05] Starting research iteration for XAUUSD on H1...
[2026-07-29 05:40:05] MT5 Connected
[2026-07-29 05:40:05] Symbol: XAUUSD
[2026-07-29 05:40:05] Timeframe: H1
[2026-07-29 05:40:05] Candles Received: 10
[2026-07-29 05:40:05] Features Generated: true
[2026-07-29 05:40:05] Research Completed: true
[2026-07-29 05:40:05] Research cycle completed successfully. Result ID: rpt-XAUUSD-80bd05d4
[2026-07-29 05:40:06] Starting research iteration for XAUUSD on H1...
[2026-07-29 05:40:06] MT5 Connected
[2026-07-29 05:40:06] Symbol: XAUUSD
[2026-07-29 05:40:06] Timeframe: H1
[2026-07-29 05:40:06] Candles Received: 10
[2026-07-29 05:40:06] Features Generated: true
[2026-07-29 05:40:06] Research Completed: true
[2026-07-29 05:40:06] Research cycle completed successfully. Result ID: rpt-XAUUSD-2c7df256
[2026-07-29 05:40:07] Starting research iteration for XAUUSD on H1...
[2026-07-29 05:40:07] MT5 Connected
[2026-07-29 05:40:07] Symbol: XAUUSD
[2026-07-29 05:40:07] Timeframe: H1
[2026-07-29 05:40:07] Candles Received: 10
[2026-07-29 05:40:07] Features Generated: true
[2026-07-29 05:40:07] Research Completed: true
[2026-07-29 05:40:07] Research cycle completed successfully. Result ID: rpt-XAUUSD-b84562dc
[2026-07-29 05:40:08] Starting research iteration for XAUUSD on H1...
[2026-07-29 05:40:08] MT5 Connected
[2026-07-29 05:40:08] Symbol: XAUUSD
[2026-07-29 05:40:08] Timeframe: H1
[2026-07-29 05:40:08] Candles Received: 10
[2026-07-29 05:40:08] Features Generated: true
[2026-07-29 05:40:08] Research Completed: true
[2026-07-29 05:40:08] Research cycle completed successfully. Result ID: rpt-XAUUSD-1c443a10
[2026-07-29 05:40:09] Starting research iteration for XAUUSD on H1...
[2026-07-29 05:40:09] MT5 Connected
[2026-07-29 05:40:09] Symbol: XAUUSD
[2026-07-29 05:40:09] Timeframe: H1
[2026-07-29 05:40:09] Candles Received: 10
[2026-07-29 05:40:09] Features Generated: true
[2026-07-29 05:40:09] Research Completed: true
[2026-07-29 05:40:09] Research cycle completed successfully. Result ID: rpt-XAUUSD-679fce4c
[2026-07-29 05:40:12] Starting research iteration for XAUUSD on H1...
[2026-07-29 05:40:12] MT5 Connected
[2026-07-29 05:40:12] Symbol: XAUUSD
[2026-07-29 05:40:12] Timeframe: H1
[2026-07-29 05:40:12] Candles Received: 10
[2026-07-29 05:40:12] Features Generated: true
[2026-07-29 05:40:12] Research Completed: true
[2026-07-29 05:40:12] Research cycle completed successfully. Result ID: rpt-XAUUSD-f4a55efc
[2026-07-29 05:40:12] Starting research iteration for XAUUSD on H1...
[2026-07-29 05:40:12] MT5 Connected
[2026-07-29 05:40:12] Symbol: XAUUSD
[2026-07-29 05:40:12] Timeframe: H1
[2026-07-29 05:40:12] Candles Received: 10
[2026-07-29 05:40:12] Features Generated: true
[2026-07-29 05:40:12] Research Completed: true
[2026-07-29 05:40:12] Research cycle completed successfully. Result ID: rpt-XAUUSD-5a2fdf01
[2026-07-29 05:40:12] Starting research iteration for XAUUSD on H1...
[2026-07-29 05:40:12] MT5 Connected
[2026-07-29 05:40:12] Symbol: XAUUSD
[2026-07-29 05:40:12] Timeframe: H1
[2026-07-29 05:40:12] Candles Received: 10
[2026-07-29 05:40:12] Features Generated: true
[2026-07-29 05:40:12] Research Completed: true
[2026-07-29 05:40:12] Research cycle completed successfully. Result ID: rpt-XAUUSD-b1715703
[2026-07-29 05:40:12] Starting research iteration for XAUUSD on H1...
[2026-07-29 05:40:12] MT5 Connected
[2026-07-29 05:40:12] Symbol: XAUUSD
[2026-07-29 05:40:12] Timeframe: H1
[2026-07-29 05:40:12] Candles Received: 10
[2026-07-29 05:40:12] Features Generated: true
[2026-07-29 05:40:12] Research Completed: true
[2026-07-29 05:40:12] Research cycle completed successfully. Result ID: rpt-XAUUSD-552ca837
[2026-07-29 05:40:14] Starting research iteration for XAUUSD on H1...
[2026-07-29 05:40:14] MT5 Connected
[2026-07-29 05:40:14] Symbol: XAUUSD
[2026-07-29 05:40:14] Timeframe: H1
[2026-07-29 05:40:14] Candles Received: 10
[2026-07-29 05:40:14] Features Generated: true
[2026-07-29 05:40:14] Research Completed: true
[2026-07-29 05:40:14] Research cycle completed successfully. Result ID: rpt-XAUUSD-215ad663
[2026-07-29 05:40:16] Starting research iteration for XAUUSD on H1...
[2026-07-29 05:40:16] MT5 Connected
[2026-07-29 05:40:16] Symbol: XAUUSD
[2026-07-29 05:40:16] Timeframe: H1
[2026-07-29 05:40:16] Candles Received: 10
[2026-07-29 05:40:16] Features Generated: true
[2026-07-29 05:40:16] Research Completed: true
[2026-07-29 05:40:16] Research cycle completed successfully. Result ID: rpt-XAUUSD-c367ed52
[2026-07-29 05:40:16] Starting research iteration for XAUUSD on H1...
[2026-07-29 05:40:16] MT5 Connected
[2026-07-29 05:40:16] Symbol: XAUUSD
[2026-07-29 05:40:16] Timeframe: H1
[2026-07-29 05:40:16] Candles Received: 10
[2026-07-29 05:40:16] Features Generated: true
[2026-07-29 05:40:16] Research Completed: true
[2026-07-29 05:40:16] Research cycle completed successfully. Result ID: rpt-XAUUSD-0025163b
[2026-07-29 05:40:17] Starting research iteration for XAUUSD on H1...
[2026-07-29 05:40:17] MT5 Connected
[2026-07-29 05:40:17] Symbol: XAUUSD
[2026-07-29 05:40:17] Timeframe: H1
[2026-07-29 05:40:17] Candles Received: 10
[2026-07-29 05:40:17] Features Generated: true
[2026-07-29 05:40:17] Research Completed: true
[2026-07-29 05:40:17] Research cycle completed successfully. Result ID: rpt-XAUUSD-0e10c230
[2026-07-29 05:40:18] Starting research iteration for XAUUSD on H1...
[2026-07-29 05:40:18] MT5 Connected
[2026-07-29 05:40:18] Symbol: XAUUSD
[2026-07-29 05:40:18] Timeframe: H1
[2026-07-29 05:40:18] Candles Received: 10
[2026-07-29 05:40:18] Features Generated: true
[2026-07-29 05:40:18] Research Completed: true
[2026-07-29 05:40:18] Research cycle completed successfully. Result ID: rpt-XAUUSD-5a9fdef7
[2026-07-29 05:40:18] Starting research iteration for XAUUSD on H1...
[2026-07-29 05:40:18] MT5 Connected
[2026-07-29 05:40:18] Symbol: XAUUSD
[2026-07-29 05:40:18] Timeframe: H1
[2026-07-29 05:40:18] Candles Received: 10
[2026-07-29 05:40:18] Features Generated: true
[2026-07-29 05:40:18] Research Completed: true
[2026-07-29 05:40:18] Research cycle completed successfully. Result ID: rpt-XAUUSD-d35dcd1d
[2026-07-29 05:40:18] Starting research iteration for XAUUSD on H1...
[2026-07-29 05:40:18] MT5 Connected
[2026-07-29 05:40:18] Symbol: XAUUSD
[2026-07-29 05:40:18] Timeframe: H1
[2026-07-29 05:40:18] Candles Received: 10
[2026-07-29 05:40:18] Features Generated: true
[2026-07-29 05:40:18] Research Completed: true
[2026-07-29 05:40:18] Research cycle completed successfully. Result ID: rpt-XAUUSD-c91e9bca
[2026-07-29 05:40:18] Starting research iteration for XAUUSD on H1...
[2026-07-29 05:40:18] MT5 Connected
[2026-07-29 05:40:18] Symbol: XAUUSD
[2026-07-29 05:40:18] Timeframe: H1
[2026-07-29 05:40:18] Candles Received: 10
[2026-07-29 05:40:18] Features Generated: true
[2026-07-29 05:40:18] Research Completed: true
[2026-07-29 05:40:18] Research cycle completed successfully. Result ID: rpt-XAUUSD-f002d630
[2026-07-29 05:40:19] Starting research iteration for XAUUSD on H1...
[2026-07-29 05:40:19] MT5 Connected
[2026-07-29 05:40:19] Symbol: XAUUSD
[2026-07-29 05:40:19] Timeframe: H1
[2026-07-29 05:40:19] Candles Received: 10
[2026-07-29 05:40:19] Features Generated: true
[2026-07-29 05:40:19] Research Completed: true
[2026-07-29 05:40:19] Research cycle completed successfully. Result ID: rpt-XAUUSD-981c96d7
[2026-07-29 05:40:19] Starting research iteration for XAUUSD on H1...
[2026-07-29 05:40:19] MT5 Connected
[2026-07-29 05:40:19] Symbol: XAUUSD
[2026-07-29 05:40:19] Timeframe: H1
[2026-07-29 05:40:19] Candles Received: 10
[2026-07-29 05:40:19] Features Generated: true
[2026-07-29 05:40:19] Research Completed: true
[2026-07-29 05:40:19] Research cycle completed successfully. Result ID: rpt-XAUUSD-b3009a89
[2026-07-29 05:40:19] Starting research iteration for XAUUSD on H1...
[2026-07-29 05:40:19] MT5 Connected
[2026-07-29 05:40:19] Symbol: XAUUSD
[2026-07-29 05:40:19] Timeframe: H1
[2026-07-29 05:40:19] Candles Received: 10
[2026-07-29 05:40:19] Features Generated: true
[2026-07-29 05:40:19] Research Completed: true
[2026-07-29 05:40:19] Research cycle completed successfully. Result ID: rpt-XAUUSD-4dfa1f65
[2026-07-29 05:40:19] Starting research iteration for XAUUSD on H1...
[2026-07-29 05:40:19] MT5 Connected
[2026-07-29 05:40:19] Symbol: XAUUSD
[2026-07-29 05:40:19] Timeframe: H1
[2026-07-29 05:40:19] Candles Received: 10
[2026-07-29 05:40:19] Features Generated: true
[2026-07-29 05:40:19] Research Completed: true
[2026-07-29 05:40:19] Research cycle completed successfully. Result ID: rpt-XAUUSD-f5ad8ba6
[2026-07-29 05:40:20] Starting research iteration for XAUUSD on H1...
[2026-07-29 05:40:20] MT5 Connected
[2026-07-29 05:40:20] Symbol: XAUUSD
[2026-07-29 05:40:20] Timeframe: H1
[2026-07-29 05:40:20] Candles Received: 10
[2026-07-29 05:40:20] Features Generated: true
[2026-07-29 05:40:20] Research Completed: true
[2026-07-29 05:40:20] Research cycle completed successfully. Result ID: rpt-XAUUSD-e086f00e
[2026-07-29 05:40:20] Starting research iteration for XAUUSD on H1...
[2026-07-29 05:40:20] MT5 Connected
[2026-07-29 05:40:20] Symbol: XAUUSD
[2026-07-29 05:40:20] Timeframe: H1
[2026-07-29 05:40:20] Candles Received: 10
[2026-07-29 05:40:20] Features Generated: true
[2026-07-29 05:40:20] Research Completed: true
[2026-07-29 05:40:20] Research cycle completed successfully. Result ID: rpt-XAUUSD-c772b537
[2026-07-29 05:40:21] Starting research iteration for XAUUSD on H1...
[2026-07-29 05:40:21] MT5 Connected
[2026-07-29 05:40:21] Symbol: XAUUSD
[2026-07-29 05:40:21] Timeframe: H1
[2026-07-29 05:40:21] Candles Received: 10
[2026-07-29 05:40:21] Features Generated: true
[2026-07-29 05:40:21] Research Completed: true
[2026-07-29 05:40:21] Research cycle completed successfully. Result ID: rpt-XAUUSD-fde0c94d
[2026-07-29 05:40:22] Starting research iteration for XAUUSD on H1...
[2026-07-29 05:40:22] MT5 Connected
[2026-07-29 05:40:22] Symbol: XAUUSD
[2026-07-29 05:40:22] Timeframe: H1
[2026-07-29 05:40:22] Candles Received: 10
[2026-07-29 05:40:22] Features Generated: true
[2026-07-29 05:40:22] Research Completed: true
[2026-07-29 05:40:22] Research cycle completed successfully. Result ID: rpt-XAUUSD-14bbfb37
[2026-07-29 05:40:23] Starting research iteration for XAUUSD on H1...
[2026-07-29 05:40:23] MT5 Connected
[2026-07-29 05:40:23] Symbol: XAUUSD
[2026-07-29 05:40:23] Timeframe: H1
[2026-07-29 05:40:23] Candles Received: 10
[2026-07-29 05:40:23] Features Generated: true
[2026-07-29 05:40:23] Research Completed: true
[2026-07-29 05:40:23] Research cycle completed successfully. Result ID: rpt-XAUUSD-0c695f1b
[2026-07-29 05:40:24] Starting research iteration for XAUUSD on H1...
[2026-07-29 05:40:24] MT5 Connected
[2026-07-29 05:40:24] Symbol: XAUUSD
[2026-07-29 05:40:24] Timeframe: H1
[2026-07-29 05:40:24] Candles Received: 10
[2026-07-29 05:40:24] Features Generated: true
[2026-07-29 05:40:24] Research Completed: true
[2026-07-29 05:40:24] Research cycle completed successfully. Result ID: rpt-XAUUSD-73d8c6a3
[2026-07-29 05:40:27] Starting research iteration for XAUUSD on H1...
[2026-07-29 05:40:27] MT5 Connected
[2026-07-29 05:40:27] Symbol: XAUUSD
[2026-07-29 05:40:27] Timeframe: H1
[2026-07-29 05:40:27] Candles Received: 10
[2026-07-29 05:40:27] Features Generated: true
[2026-07-29 05:40:27] Research Completed: true
[2026-07-29 05:40:27] Research cycle completed successfully. Result ID: rpt-XAUUSD-10d3c556
[2026-07-29 05:40:27] Starting research iteration for XAUUSD on H1...
[2026-07-29 05:40:27] MT5 Connected
[2026-07-29 05:40:27] Symbol: XAUUSD
[2026-07-29 05:40:27] Timeframe: H1
[2026-07-29 05:40:27] Candles Received: 10
[2026-07-29 05:40:27] Features Generated: true
[2026-07-29 05:40:27] Research Completed: true
[2026-07-29 05:40:27] Research cycle completed successfully. Result ID: rpt-XAUUSD-7a6e308c
[2026-07-29 05:40:27] Starting research iteration for XAUUSD on H1...
[2026-07-29 05:40:27] MT5 Connected
[2026-07-29 05:40:27] Symbol: XAUUSD
[2026-07-29 05:40:27] Timeframe: H1
[2026-07-29 05:40:27] Candles Received: 10
[2026-07-29 05:40:27] Features Generated: true
[2026-07-29 05:40:27] Research Completed: true
[2026-07-29 05:40:27] Research cycle completed successfully. Result ID: rpt-XAUUSD-219419e9
[2026-07-29 05:40:28] Starting research iteration for XAUUSD on H1...
[2026-07-29 05:40:28] MT5 Connected
[2026-07-29 05:40:28] Symbol: XAUUSD
[2026-07-29 05:40:28] Timeframe: H1
[2026-07-29 05:40:28] Candles Received: 10
[2026-07-29 05:40:28] Features Generated: true
[2026-07-29 05:40:28] Research Completed: true
[2026-07-29 05:40:28] Research cycle completed successfully. Result ID: rpt-XAUUSD-d704309e
[2026-07-29 05:40:29] Starting research iteration for XAUUSD on H1...
[2026-07-29 05:40:29] MT5 Connected
[2026-07-29 05:40:29] Symbol: XAUUSD
[2026-07-29 05:40:29] Timeframe: H1
[2026-07-29 05:40:29] Candles Received: 10
[2026-07-29 05:40:29] Features Generated: true
[2026-07-29 05:40:29] Research Completed: true
[2026-07-29 05:40:29] Research cycle completed successfully. Result ID: rpt-XAUUSD-ee1aca1e
[2026-07-29 05:40:31] Starting research iteration for XAUUSD on H1...
[2026-07-29 05:40:31] MT5 Connected
[2026-07-29 05:40:31] Symbol: XAUUSD
[2026-07-29 05:40:31] Timeframe: H1
[2026-07-29 05:40:31] Candles Received: 10
[2026-07-29 05:40:31] Features Generated: true
[2026-07-29 05:40:31] Research Completed: true
[2026-07-29 05:40:31] Research cycle completed successfully. Result ID: rpt-XAUUSD-9595a8aa
[2026-07-29 05:40:31] Starting research iteration for XAUUSD on H1...
[2026-07-29 05:40:31] MT5 Connected
[2026-07-29 05:40:31] Symbol: XAUUSD
[2026-07-29 05:40:31] Timeframe: H1
[2026-07-29 05:40:31] Candles Received: 10
[2026-07-29 05:40:31] Features Generated: true
[2026-07-29 05:40:31] Research Completed: true
[2026-07-29 05:40:31] Research cycle completed successfully. Result ID: rpt-XAUUSD-00845ef9
[2026-07-29 05:40:32] Starting research iteration for XAUUSD on H1...
[2026-07-29 05:40:32] MT5 Connected
[2026-07-29 05:40:32] Symbol: XAUUSD
[2026-07-29 05:40:32] Timeframe: H1
[2026-07-29 05:40:32] Candles Received: 10
[2026-07-29 05:40:32] Features Generated: true
[2026-07-29 05:40:32] Research Completed: true
[2026-07-29 05:40:32] Research cycle completed successfully. Result ID: rpt-XAUUSD-f0278a99
[2026-07-29 05:40:33] Starting research iteration for XAUUSD on H1...
[2026-07-29 05:40:33] MT5 Connected
[2026-07-29 05:40:33] Symbol: XAUUSD
[2026-07-29 05:40:33] Timeframe: H1
[2026-07-29 05:40:33] Candles Received: 10
[2026-07-29 05:40:33] Features Generated: true
[2026-07-29 05:40:33] Research Completed: true
[2026-07-29 05:40:33] Research cycle completed successfully. Result ID: rpt-XAUUSD-af28732c
[2026-07-29 05:40:33] Starting research iteration for XAUUSD on H1...
[2026-07-29 05:40:33] MT5 Connected
[2026-07-29 05:40:33] Symbol: XAUUSD
[2026-07-29 05:40:33] Timeframe: H1
[2026-07-29 05:40:33] Candles Received: 10
[2026-07-29 05:40:33] Features Generated: true
[2026-07-29 05:40:33] Research Completed: true
[2026-07-29 05:40:33] Research cycle completed successfully. Result ID: rpt-XAUUSD-180aad48
[2026-07-29 05:40:33] Starting research iteration for XAUUSD on H1...
[2026-07-29 05:40:33] MT5 Connected
[2026-07-29 05:40:33] Symbol: XAUUSD
[2026-07-29 05:40:33] Timeframe: H1
[2026-07-29 05:40:33] Candles Received: 10
[2026-07-29 05:40:33] Features Generated: true
[2026-07-29 05:40:33] Research Completed: true
[2026-07-29 05:40:33] Research cycle completed successfully. Result ID: rpt-XAUUSD-8ab46fb2
[2026-07-29 05:40:33] Starting research iteration for XAUUSD on H1...
[2026-07-29 05:40:33] MT5 Connected
[2026-07-29 05:40:33] Symbol: XAUUSD
[2026-07-29 05:40:33] Timeframe: H1
[2026-07-29 05:40:33] Candles Received: 10
[2026-07-29 05:40:33] Features Generated: true
[2026-07-29 05:40:33] Research Completed: true
[2026-07-29 05:40:33] Research cycle completed successfully. Result ID: rpt-XAUUSD-f5a606a6
[2026-07-29 05:40:34] Starting research iteration for XAUUSD on H1...
[2026-07-29 05:40:34] MT5 Connected
[2026-07-29 05:40:34] Symbol: XAUUSD
[2026-07-29 05:40:34] Timeframe: H1
[2026-07-29 05:40:34] Candles Received: 10
[2026-07-29 05:40:34] Features Generated: true
[2026-07-29 05:40:34] Research Completed: true
[2026-07-29 05:40:34] Research cycle completed successfully. Result ID: rpt-XAUUSD-a87296c5
[2026-07-29 05:40:34] Starting research iteration for XAUUSD on H1...
[2026-07-29 05:40:34] MT5 Connected
[2026-07-29 05:40:34] Symbol: XAUUSD
[2026-07-29 05:40:34] Timeframe: H1
[2026-07-29 05:40:34] Candles Received: 10
[2026-07-29 05:40:34] Features Generated: true
[2026-07-29 05:40:34] Research Completed: true
[2026-07-29 05:40:34] Research cycle completed successfully. Result ID: rpt-XAUUSD-576e79e6
[2026-07-29 05:40:34] Starting research iteration for XAUUSD on H1...
[2026-07-29 05:40:34] MT5 Connected
[2026-07-29 05:40:34] Symbol: XAUUSD
[2026-07-29 05:40:34] Timeframe: H1
[2026-07-29 05:40:34] Candles Received: 10
[2026-07-29 05:40:34] Features Generated: true
[2026-07-29 05:40:34] Research Completed: true
[2026-07-29 05:40:34] Research cycle completed successfully. Result ID: rpt-XAUUSD-6019d598
[2026-07-29 05:40:34] Starting research iteration for XAUUSD on H1...
[2026-07-29 05:40:34] MT5 Connected
[2026-07-29 05:40:34] Symbol: XAUUSD
[2026-07-29 05:40:34] Timeframe: H1
[2026-07-29 05:40:34] Candles Received: 10
[2026-07-29 05:40:34] Features Generated: true
[2026-07-29 05:40:34] Research Completed: true
[2026-07-29 05:40:34] Research cycle completed successfully. Result ID: rpt-XAUUSD-52753d85
[2026-07-29 05:40:35] Starting research iteration for XAUUSD on H1...
[2026-07-29 05:40:35] MT5 Connected
[2026-07-29 05:40:35] Symbol: XAUUSD
[2026-07-29 05:40:35] Timeframe: H1
[2026-07-29 05:40:35] Candles Received: 10
[2026-07-29 05:40:35] Features Generated: true
[2026-07-29 05:40:35] Research Completed: true
[2026-07-29 05:40:35] Research cycle completed successfully. Result ID: rpt-XAUUSD-de6cd092
[2026-07-29 05:40:35] Starting research iteration for XAUUSD on H1...
[2026-07-29 05:40:35] MT5 Connected
[2026-07-29 05:40:35] Symbol: XAUUSD
[2026-07-29 05:40:35] Timeframe: H1
[2026-07-29 05:40:35] Candles Received: 10
[2026-07-29 05:40:35] Features Generated: true
[2026-07-29 05:40:35] Research Completed: true
[2026-07-29 05:40:35] Research cycle completed successfully. Result ID: rpt-XAUUSD-390e9b8a
[2026-07-29 05:40:36] Starting research iteration for XAUUSD on H1...
[2026-07-29 05:40:36] MT5 Connected
[2026-07-29 05:40:36] Symbol: XAUUSD
[2026-07-29 05:40:36] Timeframe: H1
[2026-07-29 05:40:36] Candles Received: 10
[2026-07-29 05:40:36] Features Generated: true
[2026-07-29 05:40:36] Research Completed: true
[2026-07-29 05:40:36] Research cycle completed successfully. Result ID: rpt-XAUUSD-5a1ff6c3
[2026-07-29 05:40:37] Starting research iteration for XAUUSD on H1...
[2026-07-29 05:40:37] MT5 Connected
[2026-07-29 05:40:37] Symbol: XAUUSD
[2026-07-29 05:40:37] Timeframe: H1
[2026-07-29 05:40:37] Candles Received: 10
[2026-07-29 05:40:37] Features Generated: true
[2026-07-29 05:40:37] Research Completed: true
[2026-07-29 05:40:37] Research cycle completed successfully. Result ID: rpt-XAUUSD-531d9bdc
[2026-07-29 05:40:37] Starting research iteration for XAUUSD on H1...
[2026-07-29 05:40:37] MT5 Connected
[2026-07-29 05:40:37] Symbol: XAUUSD
[2026-07-29 05:40:37] Timeframe: H1
[2026-07-29 05:40:37] Candles Received: 10
[2026-07-29 05:40:37] Features Generated: true
[2026-07-29 05:40:37] Research Completed: true
[2026-07-29 05:40:37] Research cycle completed successfully. Result ID: rpt-XAUUSD-923e309d
[2026-07-29 05:40:38] Starting research iteration for XAUUSD on H1...
[2026-07-29 05:40:38] MT5 Connected
[2026-07-29 05:40:38] Symbol: XAUUSD
[2026-07-29 05:40:38] Timeframe: H1
[2026-07-29 05:40:38] Candles Received: 10
[2026-07-29 05:40:38] Features Generated: true
[2026-07-29 05:40:38] Research Completed: true
[2026-07-29 05:40:38] Research cycle completed successfully. Result ID: rpt-XAUUSD-37f48309
[2026-07-29 05:40:39] Starting research iteration for XAUUSD on H1...
[2026-07-29 05:40:39] MT5 Connected
[2026-07-29 05:40:39] Symbol: XAUUSD
[2026-07-29 05:40:39] Timeframe: H1
[2026-07-29 05:40:39] Candles Received: 10
[2026-07-29 05:40:39] Features Generated: true
[2026-07-29 05:40:39] Research Completed: true
[2026-07-29 05:40:39] Research cycle completed successfully. Result ID: rpt-XAUUSD-c678a8e0
[2026-07-29 05:40:42] Starting research iteration for XAUUSD on H1...
[2026-07-29 05:40:42] MT5 Connected
[2026-07-29 05:40:42] Symbol: XAUUSD
[2026-07-29 05:40:42] Timeframe: H1
[2026-07-29 05:40:42] Candles Received: 10
[2026-07-29 05:40:42] Features Generated: true
[2026-07-29 05:40:42] Research Completed: true
[2026-07-29 05:40:42] Research cycle completed successfully. Result ID: rpt-XAUUSD-7f519179
[2026-07-29 05:40:42] Starting research iteration for XAUUSD on H1...
[2026-07-29 05:40:42] MT5 Connected
[2026-07-29 05:40:42] Symbol: XAUUSD
[2026-07-29 05:40:42] Timeframe: H1
[2026-07-29 05:40:42] Candles Received: 10
[2026-07-29 05:40:42] Features Generated: true
[2026-07-29 05:40:42] Research Completed: true
[2026-07-29 05:40:42] Research cycle completed successfully. Result ID: rpt-XAUUSD-dd1038e6
[2026-07-29 05:40:42] Starting research iteration for XAUUSD on H1...
[2026-07-29 05:40:42] MT5 Connected
[2026-07-29 05:40:42] Symbol: XAUUSD
[2026-07-29 05:40:42] Timeframe: H1
[2026-07-29 05:40:42] Candles Received: 10
[2026-07-29 05:40:42] Features Generated: true
[2026-07-29 05:40:42] Research Completed: true
[2026-07-29 05:40:42] Research cycle completed successfully. Result ID: rpt-XAUUSD-d4a88300
[2026-07-29 05:40:42] Starting research iteration for XAUUSD on H1...
[2026-07-29 05:40:42] MT5 Connected
[2026-07-29 05:40:42] Symbol: XAUUSD
[2026-07-29 05:40:42] Timeframe: H1
[2026-07-29 05:40:42] Candles Received: 10
[2026-07-29 05:40:42] Features Generated: true
[2026-07-29 05:40:42] Research Completed: true
[2026-07-29 05:40:42] Research cycle completed successfully. Result ID: rpt-XAUUSD-c22dc378
[2026-07-29 05:40:43] Starting research iteration for XAUUSD on H1...
[2026-07-29 05:40:43] MT5 Connected
[2026-07-29 05:40:43] Symbol: XAUUSD
[2026-07-29 05:40:43] Timeframe: H1
[2026-07-29 05:40:43] Candles Received: 10
[2026-07-29 05:40:43] Features Generated: true
[2026-07-29 05:40:43] Research Completed: true
[2026-07-29 05:40:43] Research cycle completed successfully. Result ID: rpt-XAUUSD-89d8dec0
[2026-07-29 05:40:44] Starting research iteration for XAUUSD on H1...
[2026-07-29 05:40:44] MT5 Connected
[2026-07-29 05:40:44] Symbol: XAUUSD
[2026-07-29 05:40:44] Timeframe: H1
[2026-07-29 05:40:44] Candles Received: 10
[2026-07-29 05:40:44] Features Generated: true
[2026-07-29 05:40:44] Research Completed: true
[2026-07-29 05:40:44] Research cycle completed successfully. Result ID: rpt-XAUUSD-8f930f13
[2026-07-29 05:40:46] Starting research iteration for XAUUSD on H1...
[2026-07-29 05:40:46] MT5 Connected
[2026-07-29 05:40:46] Symbol: XAUUSD
[2026-07-29 05:40:46] Timeframe: H1
[2026-07-29 05:40:46] Candles Received: 10
[2026-07-29 05:40:46] Features Generated: true
[2026-07-29 05:40:46] Research Completed: true
[2026-07-29 05:40:46] Research cycle completed successfully. Result ID: rpt-XAUUSD-d29ec7ef
[2026-07-29 05:40:46] Starting research iteration for XAUUSD on H1...
[2026-07-29 05:40:46] MT5 Connected
[2026-07-29 05:40:46] Symbol: XAUUSD
[2026-07-29 05:40:46] Timeframe: H1
[2026-07-29 05:40:46] Candles Received: 10
[2026-07-29 05:40:46] Features Generated: true
[2026-07-29 05:40:46] Research Completed: true
[2026-07-29 05:40:46] Research cycle completed successfully. Result ID: rpt-XAUUSD-5ad8d7e4
[2026-07-29 05:40:47] Starting research iteration for XAUUSD on H1...
[2026-07-29 05:40:47] MT5 Connected
[2026-07-29 05:40:47] Symbol: XAUUSD
[2026-07-29 05:40:47] Timeframe: H1
[2026-07-29 05:40:47] Candles Received: 10
[2026-07-29 05:40:47] Features Generated: true
[2026-07-29 05:40:47] Research Completed: true
[2026-07-29 05:40:47] Research cycle completed successfully. Result ID: rpt-XAUUSD-8496cc7d
[2026-07-29 05:40:48] Starting research iteration for XAUUSD on H1...
[2026-07-29 05:40:48] MT5 Connected
[2026-07-29 05:40:48] Symbol: XAUUSD
[2026-07-29 05:40:48] Timeframe: H1
[2026-07-29 05:40:48] Candles Received: 10
[2026-07-29 05:40:48] Features Generated: true
[2026-07-29 05:40:48] Research Completed: true
[2026-07-29 05:40:48] Research cycle completed successfully. Result ID: rpt-XAUUSD-61fc6df0
[2026-07-29 05:40:48] Starting research iteration for XAUUSD on H1...
[2026-07-29 05:40:48] MT5 Connected
[2026-07-29 05:40:48] Symbol: XAUUSD
[2026-07-29 05:40:48] Timeframe: H1
[2026-07-29 05:40:48] Candles Received: 10
[2026-07-29 05:40:48] Features Generated: true
[2026-07-29 05:40:48] Research Completed: true
[2026-07-29 05:40:48] Research cycle completed successfully. Result ID: rpt-XAUUSD-c440a9e8
[2026-07-29 05:40:49] Starting research iteration for XAUUSD on H1...
[2026-07-29 05:40:49] MT5 Connected
[2026-07-29 05:40:49] Symbol: XAUUSD
[2026-07-29 05:40:49] Timeframe: H1
[2026-07-29 05:40:49] Candles Received: 10
[2026-07-29 05:40:49] Features Generated: true
[2026-07-29 05:40:49] Research Completed: true
[2026-07-29 05:40:49] Research cycle completed successfully. Result ID: rpt-XAUUSD-d37e3453
[2026-07-29 05:40:49] Starting research iteration for XAUUSD on H1...
[2026-07-29 05:40:49] MT5 Connected
[2026-07-29 05:40:49] Symbol: XAUUSD
[2026-07-29 05:40:49] Timeframe: H1
[2026-07-29 05:40:49] Candles Received: 10
[2026-07-29 05:40:49] Features Generated: true
[2026-07-29 05:40:49] Research Completed: true
[2026-07-29 05:40:49] Research cycle completed successfully. Result ID: rpt-XAUUSD-edf8c3fa
[2026-07-29 05:40:49] Starting research iteration for XAUUSD on H1...
[2026-07-29 05:40:49] MT5 Connected
[2026-07-29 05:40:49] Symbol: XAUUSD
[2026-07-29 05:40:49] Timeframe: H1
[2026-07-29 05:40:49] Candles Received: 10
[2026-07-29 05:40:49] Features Generated: true
[2026-07-29 05:40:49] Research Completed: true
[2026-07-29 05:40:49] Research cycle completed successfully. Result ID: rpt-XAUUSD-f6cafd10
[2026-07-29 05:40:49] Starting research iteration for XAUUSD on H1...
[2026-07-29 05:40:49] MT5 Connected
[2026-07-29 05:40:49] Symbol: XAUUSD
[2026-07-29 05:40:49] Timeframe: H1
[2026-07-29 05:40:49] Candles Received: 10
[2026-07-29 05:40:49] Features Generated: true
[2026-07-29 05:40:49] Research Completed: true
[2026-07-29 05:40:49] Research cycle completed successfully. Result ID: rpt-XAUUSD-bcd45da9
[2026-07-29 05:40:50] Starting research iteration for XAUUSD on H1...
[2026-07-29 05:40:50] MT5 Connected
[2026-07-29 05:40:50] Symbol: XAUUSD
[2026-07-29 05:40:50] Timeframe: H1
[2026-07-29 05:40:50] Candles Received: 10
[2026-07-29 05:40:50] Features Generated: true
[2026-07-29 05:40:50] Research Completed: true
[2026-07-29 05:40:50] Research cycle completed successfully. Result ID: rpt-XAUUSD-18be0f59
[2026-07-29 05:40:50] Starting research iteration for XAUUSD on H1...
[2026-07-29 05:40:50] MT5 Connected
[2026-07-29 05:40:50] Symbol: XAUUSD
[2026-07-29 05:40:50] Timeframe: H1
[2026-07-29 05:40:50] Candles Received: 10
[2026-07-29 05:40:50] Features Generated: true
[2026-07-29 05:40:50] Research Completed: true
[2026-07-29 05:40:50] Research cycle completed successfully. Result ID: rpt-XAUUSD-51a66e01
[2026-07-29 05:40:51] Starting research iteration for XAUUSD on H1...
[2026-07-29 05:40:51] MT5 Connected
[2026-07-29 05:40:51] Symbol: XAUUSD
[2026-07-29 05:40:51] Timeframe: H1
[2026-07-29 05:40:51] Starting research iteration for XAUUSD on H1...
[2026-07-29 05:40:51] Candles Received: 10
[2026-07-29 05:40:51] MT5 Connected
[2026-07-29 05:40:51] Symbol: XAUUSD
[2026-07-29 05:40:51] Timeframe: H1
[2026-07-29 05:40:51] Candles Received: 10
[2026-07-29 05:40:51] Features Generated: true
[2026-07-29 05:40:51] Research Completed: true
[2026-07-29 05:40:51] Research cycle completed successfully. Result ID: rpt-XAUUSD-1523b09c
[2026-07-29 05:40:51] Features Generated: true
[2026-07-29 05:40:51] Research Completed: true
[2026-07-29 05:40:51] Research cycle completed successfully. Result ID: rpt-XAUUSD-ee2b9687
[2026-07-29 05:40:52] Starting research iteration for XAUUSD on H1...
[2026-07-29 05:40:52] MT5 Connected
[2026-07-29 05:40:52] Symbol: XAUUSD
[2026-07-29 05:40:52] Timeframe: H1
[2026-07-29 05:40:52] Candles Received: 10
[2026-07-29 05:40:52] Features Generated: true
[2026-07-29 05:40:52] Research Completed: true
[2026-07-29 05:40:52] Research cycle completed successfully. Result ID: rpt-XAUUSD-1a0ef362
[2026-07-29 05:40:52] Starting research iteration for XAUUSD on H1...
[2026-07-29 05:40:52] MT5 Connected
[2026-07-29 05:40:52] Symbol: XAUUSD
[2026-07-29 05:40:52] Timeframe: H1
[2026-07-29 05:40:52] Candles Received: 10
[2026-07-29 05:40:52] Features Generated: true
[2026-07-29 05:40:52] Research Completed: true
[2026-07-29 05:40:52] Research cycle completed successfully. Result ID: rpt-XAUUSD-f5155ab0
[2026-07-29 05:40:53] Starting research iteration for XAUUSD on H1...
[2026-07-29 05:40:53] MT5 Connected
[2026-07-29 05:40:53] Symbol: XAUUSD
[2026-07-29 05:40:53] Timeframe: H1
[2026-07-29 05:40:53] Candles Received: 10
[2026-07-29 05:40:53] Features Generated: true
[2026-07-29 05:40:53] Research Completed: true
[2026-07-29 05:40:53] Research cycle completed successfully. Result ID: rpt-XAUUSD-4da3fccf
[2026-07-29 05:40:54] Starting research iteration for XAUUSD on H1...
[2026-07-29 05:40:54] MT5 Connected
[2026-07-29 05:40:54] Symbol: XAUUSD
[2026-07-29 05:40:54] Timeframe: H1
[2026-07-29 05:40:54] Candles Received: 10
[2026-07-29 05:40:54] Features Generated: true
[2026-07-29 05:40:54] Research Completed: true
[2026-07-29 05:40:54] Research cycle completed successfully. Result ID: rpt-XAUUSD-da3d6ca9
[2026-07-29 05:40:57] Starting research iteration for XAUUSD on H1...
[2026-07-29 05:40:57] MT5 Connected
[2026-07-29 05:40:57] Symbol: XAUUSD
[2026-07-29 05:40:57] Timeframe: H1
[2026-07-29 05:40:57] Candles Received: 10
[2026-07-29 05:40:57] Features Generated: true
[2026-07-29 05:40:57] Research Completed: true
[2026-07-29 05:40:57] Research cycle completed successfully. Result ID: rpt-XAUUSD-ea5aa15f
[2026-07-29 05:40:57] Starting research iteration for XAUUSD on H1...
[2026-07-29 05:40:57] MT5 Connected
[2026-07-29 05:40:57] Symbol: XAUUSD
[2026-07-29 05:40:57] Timeframe: H1
[2026-07-29 05:40:57] Candles Received: 10
[2026-07-29 05:40:57] Features Generated: true
[2026-07-29 05:40:57] Research Completed: true
[2026-07-29 05:40:57] Research cycle completed successfully. Result ID: rpt-XAUUSD-79c47176
[2026-07-29 05:40:57] Starting research iteration for XAUUSD on H1...
[2026-07-29 05:40:57] MT5 Connected
[2026-07-29 05:40:57] Symbol: XAUUSD
[2026-07-29 05:40:57] Timeframe: H1
[2026-07-29 05:40:57] Candles Received: 10
[2026-07-29 05:40:57] Features Generated: true
[2026-07-29 05:40:57] Research Completed: true
[2026-07-29 05:40:57] Research cycle completed successfully. Result ID: rpt-XAUUSD-b1c0014f
[2026-07-29 05:40:57] Starting research iteration for XAUUSD on H1...
[2026-07-29 05:40:57] MT5 Connected
[2026-07-29 05:40:57] Symbol: XAUUSD
[2026-07-29 05:40:57] Timeframe: H1
[2026-07-29 05:40:57] Candles Received: 10
[2026-07-29 05:40:57] Features Generated: true
[2026-07-29 05:40:57] Research Completed: true
[2026-07-29 05:40:57] Research cycle completed successfully. Result ID: rpt-XAUUSD-00dee32f
[2026-07-29 05:40:58] Starting research iteration for XAUUSD on H1...
[2026-07-29 05:40:58] MT5 Connected
[2026-07-29 05:40:58] Symbol: XAUUSD
[2026-07-29 05:40:58] Timeframe: H1
[2026-07-29 05:40:58] Candles Received: 10
[2026-07-29 05:40:58] Features Generated: true
[2026-07-29 05:40:58] Research Completed: true
[2026-07-29 05:40:58] Research cycle completed successfully. Result ID: rpt-XAUUSD-5305254e
[2026-07-29 05:40:59] Starting research iteration for XAUUSD on H1...
[2026-07-29 05:40:59] MT5 Connected
[2026-07-29 05:40:59] Symbol: XAUUSD
[2026-07-29 05:40:59] Timeframe: H1
[2026-07-29 05:40:59] Candles Received: 10
[2026-07-29 05:40:59] Features Generated: true
[2026-07-29 05:40:59] Research Completed: true
[2026-07-29 05:40:59] Research cycle completed successfully. Result ID: rpt-XAUUSD-4d4242af
[2026-07-29 05:41:01] Starting research iteration for XAUUSD on H1...
[2026-07-29 05:41:01] MT5 Connected
[2026-07-29 05:41:01] Symbol: XAUUSD
[2026-07-29 05:41:01] Timeframe: H1
[2026-07-29 05:41:01] Candles Received: 10
[2026-07-29 05:41:01] Features Generated: true
[2026-07-29 05:41:01] Research Completed: true
[2026-07-29 05:41:01] Research cycle completed successfully. Result ID: rpt-XAUUSD-11d345fb
[2026-07-29 05:41:01] Starting research iteration for XAUUSD on H1...
[2026-07-29 05:41:01] MT5 Connected
[2026-07-29 05:41:01] Symbol: XAUUSD
[2026-07-29 05:41:01] Timeframe: H1
[2026-07-29 05:41:01] Candles Received: 10
[2026-07-29 05:41:01] Features Generated: true
[2026-07-29 05:41:01] Research Completed: true
[2026-07-29 05:41:01] Research cycle completed successfully. Result ID: rpt-XAUUSD-230f2bf0
[2026-07-29 05:41:02] Starting research iteration for XAUUSD on H1...
[2026-07-29 05:41:02] MT5 Connected
[2026-07-29 05:41:02] Symbol: XAUUSD
[2026-07-29 05:41:02] Timeframe: H1
[2026-07-29 05:41:02] Candles Received: 10
[2026-07-29 05:41:02] Features Generated: true
[2026-07-29 05:41:02] Research Completed: true
[2026-07-29 05:41:02] Research cycle completed successfully. Result ID: rpt-XAUUSD-4f4e198a
[2026-07-29 05:41:03] Starting research iteration for XAUUSD on H1...
[2026-07-29 05:41:03] MT5 Connected
[2026-07-29 05:41:03] Symbol: XAUUSD
[2026-07-29 05:41:03] Timeframe: H1
[2026-07-29 05:41:03] Candles Received: 10
[2026-07-29 05:41:03] Features Generated: true
[2026-07-29 05:41:03] Research Completed: true
[2026-07-29 05:41:03] Research cycle completed successfully. Result ID: rpt-XAUUSD-858dbba3
[2026-07-29 05:41:03] Starting research iteration for XAUUSD on H1...
[2026-07-29 05:41:03] MT5 Connected
[2026-07-29 05:41:03] Symbol: XAUUSD
[2026-07-29 05:41:03] Timeframe: H1
[2026-07-29 05:41:03] Candles Received: 10
[2026-07-29 05:41:03] Features Generated: true
[2026-07-29 05:41:03] Research Completed: true
[2026-07-29 05:41:03] Research cycle completed successfully. Result ID: rpt-XAUUSD-255a200e
[2026-07-29 05:41:04] Starting research iteration for XAUUSD on H1...
[2026-07-29 05:41:04] MT5 Connected
[2026-07-29 05:41:04] Symbol: XAUUSD
[2026-07-29 05:41:04] Timeframe: H1
[2026-07-29 05:41:04] Candles Received: 10
[2026-07-29 05:41:04] Features Generated: true
[2026-07-29 05:41:04] Research Completed: true
[2026-07-29 05:41:04] Research cycle completed successfully. Result ID: rpt-XAUUSD-d1b52785
[2026-07-29 05:41:04] Starting research iteration for XAUUSD on H1...
[2026-07-29 05:41:04] MT5 Connected
[2026-07-29 05:41:04] Symbol: XAUUSD
[2026-07-29 05:41:04] Timeframe: H1
[2026-07-29 05:41:04] Candles Received: 10
[2026-07-29 05:41:04] Features Generated: true
[2026-07-29 05:41:04] Research Completed: true
[2026-07-29 05:41:04] Research cycle completed successfully. Result ID: rpt-XAUUSD-1a6fa31a
[2026-07-29 05:41:04] Starting research iteration for XAUUSD on H1...
[2026-07-29 05:41:04] MT5 Connected
[2026-07-29 05:41:04] Symbol: XAUUSD
[2026-07-29 05:41:04] Timeframe: H1
[2026-07-29 05:41:04] Candles Received: 10
[2026-07-29 05:41:04] Features Generated: true
[2026-07-29 05:41:04] Research Completed: true
[2026-07-29 05:41:04] Research cycle completed successfully. Result ID: rpt-XAUUSD-bb82eef8
[2026-07-29 05:41:04] Starting research iteration for XAUUSD on H1...
[2026-07-29 05:41:04] MT5 Connected
[2026-07-29 05:41:04] Symbol: XAUUSD
[2026-07-29 05:41:04] Timeframe: H1
[2026-07-29 05:41:04] Candles Received: 10
[2026-07-29 05:41:04] Features Generated: true
[2026-07-29 05:41:04] Research Completed: true
[2026-07-29 05:41:04] Research cycle completed successfully. Result ID: rpt-XAUUSD-effd0333
[2026-07-29 05:41:04] Starting research iteration for XAUUSD on H1...
[2026-07-29 05:41:04] MT5 Connected
[2026-07-29 05:41:04] Symbol: XAUUSD
[2026-07-29 05:41:04] Timeframe: H1
[2026-07-29 05:41:04] Candles Received: 10
[2026-07-29 05:41:04] Features Generated: true
[2026-07-29 05:41:04] Research Completed: true
[2026-07-29 05:41:04] Research cycle completed successfully. Result ID: rpt-XAUUSD-6d521fac
[2026-07-29 05:41:05] Starting research iteration for XAUUSD on H1...
[2026-07-29 05:41:05] MT5 Connected
[2026-07-29 05:41:05] Symbol: XAUUSD
[2026-07-29 05:41:05] Timeframe: H1
[2026-07-29 05:41:05] Candles Received: 10
[2026-07-29 05:41:05] Features Generated: true
[2026-07-29 05:41:05] Research Completed: true
[2026-07-29 05:41:05] Research cycle completed successfully. Result ID: rpt-XAUUSD-f0dfc113
[2026-07-29 05:41:05] Starting research iteration for XAUUSD on H1...
[2026-07-29 05:41:05] MT5 Connected
[2026-07-29 05:41:05] Symbol: XAUUSD
[2026-07-29 05:41:05] Timeframe: H1
[2026-07-29 05:41:05] Candles Received: 10
[2026-07-29 05:41:05] Features Generated: true
[2026-07-29 05:41:05] Research Completed: true
[2026-07-29 05:41:05] Research cycle completed successfully. Result ID: rpt-XAUUSD-9e25c678
[2026-07-29 05:41:06] Starting research iteration for XAUUSD on H1...
[2026-07-29 05:41:06] MT5 Connected
[2026-07-29 05:41:06] Symbol: XAUUSD
[2026-07-29 05:41:06] Timeframe: H1
[2026-07-29 05:41:06] Candles Received: 10
[2026-07-29 05:41:06] Features Generated: true
[2026-07-29 05:41:06] Research Completed: true
[2026-07-29 05:41:06] Research cycle completed successfully. Result ID: rpt-XAUUSD-5a4ed857
[2026-07-29 05:41:06] Starting research iteration for XAUUSD on H1...
[2026-07-29 05:41:06] MT5 Connected
[2026-07-29 05:41:06] Symbol: XAUUSD
[2026-07-29 05:41:06] Timeframe: H1
[2026-07-29 05:41:06] Candles Received: 10
[2026-07-29 05:41:06] Features Generated: true
[2026-07-29 05:41:06] Research Completed: true
[2026-07-29 05:41:06] Research cycle completed successfully. Result ID: rpt-XAUUSD-b6491003
[2026-07-29 05:41:07] Starting research iteration for XAUUSD on H1...
[2026-07-29 05:41:07] MT5 Connected
[2026-07-29 05:41:07] Symbol: XAUUSD
[2026-07-29 05:41:07] Timeframe: H1
[2026-07-29 05:41:07] Candles Received: 10
[2026-07-29 05:41:07] Features Generated: true
[2026-07-29 05:41:07] Research Completed: true
[2026-07-29 05:41:07] Research cycle completed successfully. Result ID: rpt-XAUUSD-a87f66fb
[2026-07-29 05:41:07] Starting research iteration for XAUUSD on H1...
[2026-07-29 05:41:07] MT5 Connected
[2026-07-29 05:41:07] Symbol: XAUUSD
[2026-07-29 05:41:07] Timeframe: H1
[2026-07-29 05:41:07] Candles Received: 10
[2026-07-29 05:41:07] Features Generated: true
[2026-07-29 05:41:07] Research Completed: true
[2026-07-29 05:41:07] Research cycle completed successfully. Result ID: rpt-XAUUSD-01cb4aa0
[2026-07-29 05:41:09] Starting research iteration for XAUUSD on H1...
[2026-07-29 05:41:09] MT5 Connected
[2026-07-29 05:41:09] Symbol: XAUUSD
[2026-07-29 05:41:09] Timeframe: H1
[2026-07-29 05:41:09] Candles Received: 10
[2026-07-29 05:41:09] Features Generated: true
[2026-07-29 05:41:09] Research Completed: true
[2026-07-29 05:41:09] Research cycle completed successfully. Result ID: rpt-XAUUSD-4622078a
[2026-07-29 05:41:12] Starting research iteration for XAUUSD on H1...
[2026-07-29 05:41:12] MT5 Connected
[2026-07-29 05:41:12] Symbol: XAUUSD
[2026-07-29 05:41:12] Timeframe: H1
[2026-07-29 05:41:12] Candles Received: 10
[2026-07-29 05:41:12] Features Generated: true
[2026-07-29 05:41:12] Research Completed: true
[2026-07-29 05:41:12] Research cycle completed successfully. Result ID: rpt-XAUUSD-7e03b7ef
[2026-07-29 05:41:12] Starting research iteration for XAUUSD on H1...
[2026-07-29 05:41:12] MT5 Connected
[2026-07-29 05:41:12] Symbol: XAUUSD
[2026-07-29 05:41:12] Timeframe: H1
[2026-07-29 05:41:12] Candles Received: 10
[2026-07-29 05:41:12] Features Generated: true
[2026-07-29 05:41:12] Research Completed: true
[2026-07-29 05:41:12] Research cycle completed successfully. Result ID: rpt-XAUUSD-40d7ef47
[2026-07-29 05:41:12] Starting research iteration for XAUUSD on H1...
[2026-07-29 05:41:12] MT5 Connected
[2026-07-29 05:41:12] Symbol: XAUUSD
[2026-07-29 05:41:12] Timeframe: H1
[2026-07-29 05:41:12] Candles Received: 10
[2026-07-29 05:41:12] Features Generated: true
[2026-07-29 05:41:12] Research Completed: true
[2026-07-29 05:41:12] Research cycle completed successfully. Result ID: rpt-XAUUSD-f18ba712
[2026-07-29 05:41:13] Starting research iteration for XAUUSD on H1...
[2026-07-29 05:41:13] MT5 Connected
[2026-07-29 05:41:13] Symbol: XAUUSD
[2026-07-29 05:41:13] Timeframe: H1
[2026-07-29 05:41:13] Candles Received: 10
[2026-07-29 05:41:13] Features Generated: true
[2026-07-29 05:41:13] Research Completed: true
[2026-07-29 05:41:13] Research cycle completed successfully. Result ID: rpt-XAUUSD-af897fe4
[2026-07-29 05:41:14] Starting research iteration for XAUUSD on H1...
[2026-07-29 05:41:14] MT5 Connected
[2026-07-29 05:41:14] Symbol: XAUUSD
[2026-07-29 05:41:14] Timeframe: H1
[2026-07-29 05:41:14] Candles Received: 10
[2026-07-29 05:41:14] Features Generated: true
[2026-07-29 05:41:14] Research Completed: true
[2026-07-29 05:41:14] Research cycle completed successfully. Result ID: rpt-XAUUSD-b16addc3
[2026-07-29 05:41:16] Starting research iteration for XAUUSD on H1...
[2026-07-29 05:41:16] MT5 Connected
[2026-07-29 05:41:16] Symbol: XAUUSD
[2026-07-29 05:41:16] Timeframe: H1
[2026-07-29 05:41:16] Candles Received: 10
[2026-07-29 05:41:16] Features Generated: true
[2026-07-29 05:41:16] Research Completed: true
[2026-07-29 05:41:16] Research cycle completed successfully. Result ID: rpt-XAUUSD-c7e26ae8
[2026-07-29 05:41:16] Starting research iteration for XAUUSD on H1...
[2026-07-29 05:41:16] MT5 Connected
[2026-07-29 05:41:16] Symbol: XAUUSD
[2026-07-29 05:41:16] Timeframe: H1
[2026-07-29 05:41:16] Candles Received: 10
[2026-07-29 05:41:16] Features Generated: true
[2026-07-29 05:41:16] Research Completed: true
[2026-07-29 05:41:16] Research cycle completed successfully. Result ID: rpt-XAUUSD-72d49102
[2026-07-29 05:41:16] Starting research iteration for XAUUSD on H1...
[2026-07-29 05:41:16] MT5 Connected
[2026-07-29 05:41:16] Symbol: XAUUSD
[2026-07-29 05:41:16] Timeframe: H1
[2026-07-29 05:41:16] Candles Received: 10
[2026-07-29 05:41:16] Features Generated: true
[2026-07-29 05:41:16] Research Completed: true
[2026-07-29 05:41:16] Research cycle completed successfully. Result ID: rpt-XAUUSD-af4ba7dd
[2026-07-29 05:41:17] Starting research iteration for XAUUSD on H1...
[2026-07-29 05:41:17] MT5 Connected
[2026-07-29 05:41:17] Symbol: XAUUSD
[2026-07-29 05:41:17] Timeframe: H1
[2026-07-29 05:41:17] Candles Received: 10
[2026-07-29 05:41:17] Features Generated: true
[2026-07-29 05:41:17] Research Completed: true
[2026-07-29 05:41:17] Research cycle completed successfully. Result ID: rpt-XAUUSD-28515623
[2026-07-29 05:41:18] Starting research iteration for XAUUSD on H1...
[2026-07-29 05:41:18] MT5 Connected
[2026-07-29 05:41:18] Symbol: XAUUSD
[2026-07-29 05:41:18] Timeframe: H1
[2026-07-29 05:41:18] Candles Received: 10
[2026-07-29 05:41:18] Features Generated: true
[2026-07-29 05:41:18] Research Completed: true
[2026-07-29 05:41:18] Research cycle completed successfully. Result ID: rpt-XAUUSD-8b335e2a
[2026-07-29 05:41:18] Starting research iteration for XAUUSD on H1...
[2026-07-29 05:41:18] MT5 Connected
[2026-07-29 05:41:18] Symbol: XAUUSD
[2026-07-29 05:41:18] Timeframe: H1
[2026-07-29 05:41:18] Candles Received: 10
[2026-07-29 05:41:18] Features Generated: true
[2026-07-29 05:41:18] Research Completed: true
[2026-07-29 05:41:18] Research cycle completed successfully. Result ID: rpt-XAUUSD-2fa05e5c
[2026-07-29 05:41:18] Starting research iteration for XAUUSD on H1...
[2026-07-29 05:41:18] MT5 Connected
[2026-07-29 05:41:18] Symbol: XAUUSD
[2026-07-29 05:41:18] Timeframe: H1
[2026-07-29 05:41:18] Candles Received: 10
[2026-07-29 05:41:18] Features Generated: true
[2026-07-29 05:41:18] Research Completed: true
[2026-07-29 05:41:18] Research cycle completed successfully. Result ID: rpt-XAUUSD-e607a723
[2026-07-29 05:41:19] Starting research iteration for XAUUSD on H1...
[2026-07-29 05:41:19] MT5 Connected
[2026-07-29 05:41:19] Symbol: XAUUSD
[2026-07-29 05:41:19] Timeframe: H1
[2026-07-29 05:41:19] Candles Received: 10
[2026-07-29 05:41:19] Features Generated: true
[2026-07-29 05:41:19] Research Completed: true
[2026-07-29 05:41:19] Research cycle completed successfully. Result ID: rpt-XAUUSD-42a67703
[2026-07-29 05:41:19] Starting research iteration for XAUUSD on H1...
[2026-07-29 05:41:19] MT5 Connected
[2026-07-29 05:41:19] Symbol: XAUUSD
[2026-07-29 05:41:19] Timeframe: H1
[2026-07-29 05:41:19] Candles Received: 10
[2026-07-29 05:41:19] Features Generated: true
[2026-07-29 05:41:19] Research Completed: true
[2026-07-29 05:41:19] Research cycle completed successfully. Result ID: rpt-XAUUSD-89493212
[2026-07-29 05:41:19] Starting research iteration for XAUUSD on H1...
[2026-07-29 05:41:19] MT5 Connected
[2026-07-29 05:41:19] Symbol: XAUUSD
[2026-07-29 05:41:19] Timeframe: H1
[2026-07-29 05:41:19] Candles Received: 10
[2026-07-29 05:41:19] Features Generated: true
[2026-07-29 05:41:19] Research Completed: true
[2026-07-29 05:41:19] Research cycle completed successfully. Result ID: rpt-XAUUSD-ea4965e7
[2026-07-29 05:41:19] Starting research iteration for XAUUSD on H1...
[2026-07-29 05:41:19] MT5 Connected
[2026-07-29 05:41:19] Symbol: XAUUSD
[2026-07-29 05:41:19] Timeframe: H1
[2026-07-29 05:41:19] Candles Received: 10
[2026-07-29 05:41:19] Features Generated: true
[2026-07-29 05:41:19] Research Completed: true
[2026-07-29 05:41:19] Research cycle completed successfully. Result ID: rpt-XAUUSD-953e7e70
[2026-07-29 05:41:19] Starting research iteration for XAUUSD on H1...
[2026-07-29 05:41:19] MT5 Connected
[2026-07-29 05:41:19] Symbol: XAUUSD
[2026-07-29 05:41:19] Timeframe: H1
[2026-07-29 05:41:19] Candles Received: 10
[2026-07-29 05:41:19] Features Generated: true
[2026-07-29 05:41:19] Research Completed: true
[2026-07-29 05:41:19] Research cycle completed successfully. Result ID: rpt-XAUUSD-efde155c
[2026-07-29 05:41:20] Starting research iteration for XAUUSD on H1...
[2026-07-29 05:41:20] MT5 Connected
[2026-07-29 05:41:20] Symbol: XAUUSD
[2026-07-29 05:41:20] Timeframe: H1
[2026-07-29 05:41:20] Candles Received: 10
[2026-07-29 05:41:20] Features Generated: true
[2026-07-29 05:41:20] Research Completed: true
[2026-07-29 05:41:20] Research cycle completed successfully. Result ID: rpt-XAUUSD-5862f831
[2026-07-29 05:41:20] Starting research iteration for XAUUSD on H1...
[2026-07-29 05:41:20] MT5 Connected
[2026-07-29 05:41:20] Symbol: XAUUSD
[2026-07-29 05:41:20] Timeframe: H1
[2026-07-29 05:41:20] Candles Received: 10
[2026-07-29 05:41:20] Features Generated: true
[2026-07-29 05:41:20] Research Completed: true
[2026-07-29 05:41:20] Research cycle completed successfully. Result ID: rpt-XAUUSD-5d786937
[2026-07-29 05:41:21] Starting research iteration for XAUUSD on H1...
[2026-07-29 05:41:21] MT5 Connected
[2026-07-29 05:41:21] Symbol: XAUUSD
[2026-07-29 05:41:21] Timeframe: H1
[2026-07-29 05:41:21] Candles Received: 10
[2026-07-29 05:41:21] Features Generated: true
[2026-07-29 05:41:21] Research Completed: true
[2026-07-29 05:41:21] Research cycle completed successfully. Result ID: rpt-XAUUSD-eba2a6fb
[2026-07-29 05:41:22] Starting research iteration for XAUUSD on H1...
[2026-07-29 05:41:22] MT5 Connected
[2026-07-29 05:41:22] Symbol: XAUUSD
[2026-07-29 05:41:22] Timeframe: H1
[2026-07-29 05:41:22] Candles Received: 10
[2026-07-29 05:41:22] Features Generated: true
[2026-07-29 05:41:22] Research Completed: true
[2026-07-29 05:41:22] Research cycle completed successfully. Result ID: rpt-XAUUSD-a0f5a992
[2026-07-29 05:41:22] Starting research iteration for XAUUSD on H1...
[2026-07-29 05:41:22] MT5 Connected
[2026-07-29 05:41:22] Symbol: XAUUSD
[2026-07-29 05:41:22] Timeframe: H1
[2026-07-29 05:41:22] Candles Received: 10
[2026-07-29 05:41:22] Features Generated: true
[2026-07-29 05:41:22] Research Completed: true
[2026-07-29 05:41:22] Research cycle completed successfully. Result ID: rpt-XAUUSD-2e748d73
[2026-07-29 05:41:24] Starting research iteration for XAUUSD on H1...
[2026-07-29 05:41:24] MT5 Connected
[2026-07-29 05:41:24] Symbol: XAUUSD
[2026-07-29 05:41:24] Timeframe: H1
[2026-07-29 05:41:24] Candles Received: 10
[2026-07-29 05:41:24] Features Generated: true
[2026-07-29 05:41:24] Research Completed: true
[2026-07-29 05:41:24] Research cycle completed successfully. Result ID: rpt-XAUUSD-9b9b89cf
[2026-07-29 05:41:24] Starting research iteration for XAUUSD on H1...
[2026-07-29 05:41:24] MT5 Connected
[2026-07-29 05:41:24] Symbol: XAUUSD
[2026-07-29 05:41:24] Timeframe: H1
[2026-07-29 05:41:24] Candles Received: 10
[2026-07-29 05:41:24] Features Generated: true
[2026-07-29 05:41:24] Research Completed: true
[2026-07-29 05:41:24] Research cycle completed successfully. Result ID: rpt-XAUUSD-b8fc68e4
[2026-07-29 05:41:27] Starting research iteration for XAUUSD on H1...
[2026-07-29 05:41:27] MT5 Connected
[2026-07-29 05:41:27] Symbol: XAUUSD
[2026-07-29 05:41:27] Timeframe: H1
[2026-07-29 05:41:27] Candles Received: 10
[2026-07-29 05:41:27] Features Generated: true
[2026-07-29 05:41:27] Research Completed: true
[2026-07-29 05:41:27] Research cycle completed successfully. Result ID: rpt-XAUUSD-81ddb1b6
[2026-07-29 05:41:27] Starting research iteration for XAUUSD on H1...
[2026-07-29 05:41:27] MT5 Connected
[2026-07-29 05:41:27] Symbol: XAUUSD
[2026-07-29 05:41:27] Timeframe: H1
[2026-07-29 05:41:27] Candles Received: 10
[2026-07-29 05:41:27] Features Generated: true
[2026-07-29 05:41:27] Research Completed: true
[2026-07-29 05:41:27] Research cycle completed successfully. Result ID: rpt-XAUUSD-7977d9ff
[2026-07-29 05:41:27] Starting research iteration for XAUUSD on H1...
[2026-07-29 05:41:27] MT5 Connected
[2026-07-29 05:41:27] Symbol: XAUUSD
[2026-07-29 05:41:27] Timeframe: H1
[2026-07-29 05:41:27] Candles Received: 10
[2026-07-29 05:41:27] Features Generated: true
[2026-07-29 05:41:27] Research Completed: true
[2026-07-29 05:41:27] Research cycle completed successfully. Result ID: rpt-XAUUSD-ffe5ee29
[2026-07-29 05:41:28] Starting research iteration for XAUUSD on H1...
[2026-07-29 05:41:28] MT5 Connected
[2026-07-29 05:41:28] Symbol: XAUUSD
[2026-07-29 05:41:28] Timeframe: H1
[2026-07-29 05:41:28] Candles Received: 10
[2026-07-29 05:41:28] Features Generated: true
[2026-07-29 05:41:28] Research Completed: true
[2026-07-29 05:41:28] Research cycle completed successfully. Result ID: rpt-XAUUSD-ffd45e34
[2026-07-29 05:41:29] Starting research iteration for XAUUSD on H1...
[2026-07-29 05:41:29] MT5 Connected
[2026-07-29 05:41:29] Symbol: XAUUSD
[2026-07-29 05:41:29] Timeframe: H1
[2026-07-29 05:41:29] Candles Received: 10
[2026-07-29 05:41:29] Features Generated: true
[2026-07-29 05:41:29] Research Completed: true
[2026-07-29 05:41:29] Research cycle completed successfully. Result ID: rpt-XAUUSD-5bdc040c
[2026-07-29 05:41:31] Starting research iteration for XAUUSD on H1...
[2026-07-29 05:41:31] MT5 Connected
[2026-07-29 05:41:31] Symbol: XAUUSD
[2026-07-29 05:41:31] Timeframe: H1
[2026-07-29 05:41:31] Candles Received: 10
[2026-07-29 05:41:31] Features Generated: true
[2026-07-29 05:41:31] Research Completed: true
[2026-07-29 05:41:31] Research cycle completed successfully. Result ID: rpt-XAUUSD-331196d2
[2026-07-29 05:41:31] Starting research iteration for XAUUSD on H1...
[2026-07-29 05:41:31] MT5 Connected
[2026-07-29 05:41:31] Symbol: XAUUSD
[2026-07-29 05:41:31] Timeframe: H1
[2026-07-29 05:41:31] Candles Received: 10
[2026-07-29 05:41:31] Features Generated: true
[2026-07-29 05:41:31] Research Completed: true
[2026-07-29 05:41:31] Research cycle completed successfully. Result ID: rpt-XAUUSD-4b43973d
[2026-07-29 05:41:31] Starting research iteration for XAUUSD on H1...
[2026-07-29 05:41:31] MT5 Connected
[2026-07-29 05:41:31] Symbol: XAUUSD
[2026-07-29 05:41:31] Timeframe: H1
[2026-07-29 05:41:31] Candles Received: 10
[2026-07-29 05:41:31] Features Generated: true
[2026-07-29 05:41:31] Research Completed: true
[2026-07-29 05:41:31] Research cycle completed successfully. Result ID: rpt-XAUUSD-9d384d65
[2026-07-29 05:41:33] Starting research iteration for XAUUSD on H1...
[2026-07-29 05:41:33] MT5 Connected
[2026-07-29 05:41:33] Symbol: XAUUSD
[2026-07-29 05:41:33] Timeframe: H1
[2026-07-29 05:41:33] Candles Received: 10
[2026-07-29 05:41:33] Features Generated: true
[2026-07-29 05:41:33] Research Completed: true
[2026-07-29 05:41:33] Research cycle completed successfully. Result ID: rpt-XAUUSD-02980fd7
[2026-07-29 05:41:33] Starting research iteration for XAUUSD on H1...
[2026-07-29 05:41:33] MT5 Connected
[2026-07-29 05:41:33] Symbol: XAUUSD
[2026-07-29 05:41:33] Timeframe: H1
[2026-07-29 05:41:33] Candles Received: 10
[2026-07-29 05:41:33] Features Generated: true
[2026-07-29 05:41:33] Research Completed: true
[2026-07-29 05:41:33] Research cycle completed successfully. Result ID: rpt-XAUUSD-8d37566c
[2026-07-29 05:41:33] Starting research iteration for XAUUSD on H1...
[2026-07-29 05:41:33] MT5 Connected
[2026-07-29 05:41:33] Symbol: XAUUSD
[2026-07-29 05:41:33] Timeframe: H1
[2026-07-29 05:41:33] Candles Received: 10
[2026-07-29 05:41:33] Features Generated: true
[2026-07-29 05:41:33] Research Completed: true
[2026-07-29 05:41:33] Research cycle completed successfully. Result ID: rpt-XAUUSD-856e9493
[2026-07-29 05:41:34] Starting research iteration for XAUUSD on H1...
[2026-07-29 05:41:34] MT5 Connected
[2026-07-29 05:41:34] Symbol: XAUUSD
[2026-07-29 05:41:34] Timeframe: H1
[2026-07-29 05:41:34] Candles Received: 10
[2026-07-29 05:41:34] Features Generated: true
[2026-07-29 05:41:34] Research Completed: true
[2026-07-29 05:41:34] Research cycle completed successfully. Result ID: rpt-XAUUSD-699eef5d
[2026-07-29 05:41:34] Starting research iteration for XAUUSD on H1...
[2026-07-29 05:41:34] MT5 Connected
[2026-07-29 05:41:34] Symbol: XAUUSD
[2026-07-29 05:41:34] Timeframe: H1
[2026-07-29 05:41:34] Candles Received: 10
[2026-07-29 05:41:34] Features Generated: true
[2026-07-29 05:41:34] Research Completed: true
[2026-07-29 05:41:34] Research cycle completed successfully. Result ID: rpt-XAUUSD-96273285
[2026-07-29 05:41:34] Starting research iteration for XAUUSD on H1...
[2026-07-29 05:41:34] MT5 Connected
[2026-07-29 05:41:34] Symbol: XAUUSD
[2026-07-29 05:41:34] Timeframe: H1
[2026-07-29 05:41:34] Candles Received: 10
[2026-07-29 05:41:34] Features Generated: true
[2026-07-29 05:41:34] Research Completed: true
[2026-07-29 05:41:34] Research cycle completed successfully. Result ID: rpt-XAUUSD-d5141402
[2026-07-29 05:41:34] Starting research iteration for XAUUSD on H1...
[2026-07-29 05:41:34] MT5 Connected
[2026-07-29 05:41:34] Symbol: XAUUSD
[2026-07-29 05:41:34] Timeframe: H1
[2026-07-29 05:41:34] Candles Received: 10
[2026-07-29 05:41:34] Features Generated: true
[2026-07-29 05:41:34] Research Completed: true
[2026-07-29 05:41:34] Research cycle completed successfully. Result ID: rpt-XAUUSD-c5782908
[2026-07-29 05:41:34] Starting research iteration for XAUUSD on H1...
[2026-07-29 05:41:34] MT5 Connected
[2026-07-29 05:41:34] Symbol: XAUUSD
[2026-07-29 05:41:34] Timeframe: H1
[2026-07-29 05:41:34] Candles Received: 10
[2026-07-29 05:41:34] Features Generated: true
[2026-07-29 05:41:34] Research Completed: true
[2026-07-29 05:41:34] Research cycle completed successfully. Result ID: rpt-XAUUSD-912f745f
[2026-07-29 05:41:35] Starting research iteration for XAUUSD on H1...
[2026-07-29 05:41:35] MT5 Connected
[2026-07-29 05:41:35] Symbol: XAUUSD
[2026-07-29 05:41:35] Timeframe: H1
[2026-07-29 05:41:35] Candles Received: 10
[2026-07-29 05:41:35] Features Generated: true
[2026-07-29 05:41:35] Research Completed: true
[2026-07-29 05:41:35] Research cycle completed successfully. Result ID: rpt-XAUUSD-fea4c129
[2026-07-29 05:41:36] Starting research iteration for XAUUSD on H1...
[2026-07-29 05:41:36] MT5 Connected
[2026-07-29 05:41:36] Symbol: XAUUSD
[2026-07-29 05:41:36] Timeframe: H1
[2026-07-29 05:41:36] Candles Received: 10
[2026-07-29 05:41:36] Features Generated: true
[2026-07-29 05:41:36] Research Completed: true
[2026-07-29 05:41:36] Research cycle completed successfully. Result ID: rpt-XAUUSD-abefb5d3
[2026-07-29 05:41:37] Starting research iteration for XAUUSD on H1...
[2026-07-29 05:41:37] MT5 Connected
[2026-07-29 05:41:37] Symbol: XAUUSD
[2026-07-29 05:41:37] Timeframe: H1
[2026-07-29 05:41:37] Candles Received: 10
[2026-07-29 05:41:37] Features Generated: true
[2026-07-29 05:41:37] Research Completed: true
[2026-07-29 05:41:37] Research cycle completed successfully. Result ID: rpt-XAUUSD-59f1794e
[2026-07-29 05:41:37] Starting research iteration for XAUUSD on H1...
[2026-07-29 05:41:37] MT5 Connected
[2026-07-29 05:41:37] Symbol: XAUUSD
[2026-07-29 05:41:37] Timeframe: H1
[2026-07-29 05:41:37] Candles Received: 10
[2026-07-29 05:41:37] Features Generated: true
[2026-07-29 05:41:37] Research Completed: true
[2026-07-29 05:41:37] Research cycle completed successfully. Result ID: rpt-XAUUSD-481dc311
[2026-07-29 05:41:39] Starting research iteration for XAUUSD on H1...
[2026-07-29 05:41:39] MT5 Connected
[2026-07-29 05:41:39] Symbol: XAUUSD
[2026-07-29 05:41:39] Timeframe: H1
[2026-07-29 05:41:39] Candles Received: 10
[2026-07-29 05:41:39] Features Generated: true
[2026-07-29 05:41:39] Research Completed: true
[2026-07-29 05:41:39] Research cycle completed successfully. Result ID: rpt-XAUUSD-2795c13f
[2026-07-29 05:41:39] Starting research iteration for XAUUSD on H1...
[2026-07-29 05:41:39] MT5 Connected
[2026-07-29 05:41:39] Symbol: XAUUSD
[2026-07-29 05:41:39] Timeframe: H1
[2026-07-29 05:41:39] Candles Received: 10
[2026-07-29 05:41:39] Features Generated: true
[2026-07-29 05:41:39] Research Completed: true
[2026-07-29 05:41:39] Research cycle completed successfully. Result ID: rpt-XAUUSD-c7523518
[2026-07-29 05:41:39] Starting research iteration for XAUUSD on H1...
[2026-07-29 05:41:39] MT5 Connected
[2026-07-29 05:41:39] Symbol: XAUUSD
[2026-07-29 05:41:39] Timeframe: H1
[2026-07-29 05:41:39] Candles Received: 10
[2026-07-29 05:41:39] Features Generated: true
[2026-07-29 05:41:39] Research Completed: true
[2026-07-29 05:41:39] Research cycle completed successfully. Result ID: rpt-XAUUSD-ac8239b2
[2026-07-29 05:41:42] Starting research iteration for XAUUSD on H1...
[2026-07-29 05:41:42] MT5 Connected
[2026-07-29 05:41:42] Symbol: XAUUSD
[2026-07-29 05:41:42] Timeframe: H1
[2026-07-29 05:41:42] Candles Received: 10
[2026-07-29 05:41:42] Features Generated: true
[2026-07-29 05:41:42] Research Completed: true
[2026-07-29 05:41:42] Research cycle completed successfully. Result ID: rpt-XAUUSD-93f8a674
[2026-07-29 05:41:42] Starting research iteration for XAUUSD on H1...
[2026-07-29 05:41:42] MT5 Connected
[2026-07-29 05:41:42] Symbol: XAUUSD
[2026-07-29 05:41:42] Timeframe: H1
[2026-07-29 05:41:42] Candles Received: 10
[2026-07-29 05:41:42] Features Generated: true
[2026-07-29 05:41:42] Research Completed: true
[2026-07-29 05:41:42] Research cycle completed successfully. Result ID: rpt-XAUUSD-43d83bb3
[2026-07-29 05:41:43] Starting research iteration for XAUUSD on H1...
[2026-07-29 05:41:43] MT5 Connected
[2026-07-29 05:41:43] Symbol: XAUUSD
[2026-07-29 05:41:43] Timeframe: H1
[2026-07-29 05:41:43] Candles Received: 10
[2026-07-29 05:41:43] Features Generated: true
[2026-07-29 05:41:43] Research Completed: true
[2026-07-29 05:41:43] Research cycle completed successfully. Result ID: rpt-XAUUSD-30a4073d
[2026-07-29 05:41:44] Starting research iteration for XAUUSD on H1...
[2026-07-29 05:41:44] MT5 Connected
[2026-07-29 05:41:44] Symbol: XAUUSD
[2026-07-29 05:41:44] Timeframe: H1
[2026-07-29 05:41:44] Candles Received: 10
[2026-07-29 05:41:44] Features Generated: true
[2026-07-29 05:41:44] Research Completed: true
[2026-07-29 05:41:44] Research cycle completed successfully. Result ID: rpt-XAUUSD-765b9c7a
[2026-07-29 05:41:46] Starting research iteration for XAUUSD on H1...
[2026-07-29 05:41:46] MT5 Connected
[2026-07-29 05:41:46] Symbol: XAUUSD
[2026-07-29 05:41:46] Timeframe: H1
[2026-07-29 05:41:46] Candles Received: 10
[2026-07-29 05:41:46] Features Generated: true
[2026-07-29 05:41:46] Research Completed: true
[2026-07-29 05:41:46] Research cycle completed successfully. Result ID: rpt-XAUUSD-18b8c879
[2026-07-29 05:41:46] Starting research iteration for XAUUSD on H1...
[2026-07-29 05:41:46] MT5 Connected
[2026-07-29 05:41:46] Symbol: XAUUSD
[2026-07-29 05:41:46] Timeframe: H1
[2026-07-29 05:41:46] Candles Received: 10
[2026-07-29 05:41:46] Features Generated: true
[2026-07-29 05:41:46] Research Completed: true
[2026-07-29 05:41:46] Research cycle completed successfully. Result ID: rpt-XAUUSD-05695692
[2026-07-29 05:41:46] Starting research iteration for XAUUSD on H1...
[2026-07-29 05:41:46] MT5 Connected
[2026-07-29 05:41:46] Symbol: XAUUSD
[2026-07-29 05:41:46] Timeframe: H1
[2026-07-29 05:41:46] Candles Received: 10
[2026-07-29 05:41:46] Features Generated: true
[2026-07-29 05:41:46] Research Completed: true
[2026-07-29 05:41:46] Research cycle completed successfully. Result ID: rpt-XAUUSD-60c5958c
[2026-07-29 05:41:48] Starting research iteration for XAUUSD on H1...
[2026-07-29 05:41:48] MT5 Connected
[2026-07-29 05:41:48] Symbol: XAUUSD
[2026-07-29 05:41:48] Timeframe: H1
[2026-07-29 05:41:48] Candles Received: 10
[2026-07-29 05:41:48] Features Generated: true
[2026-07-29 05:41:48] Research Completed: true
[2026-07-29 05:41:48] Research cycle completed successfully. Result ID: rpt-XAUUSD-1476c439
[2026-07-29 05:41:48] Starting research iteration for XAUUSD on H1...
[2026-07-29 05:41:48] MT5 Connected
[2026-07-29 05:41:48] Symbol: XAUUSD
[2026-07-29 05:41:48] Timeframe: H1
[2026-07-29 05:41:48] Candles Received: 10
[2026-07-29 05:41:48] Features Generated: true
[2026-07-29 05:41:48] Research Completed: true
[2026-07-29 05:41:48] Research cycle completed successfully. Result ID: rpt-XAUUSD-17232719
[2026-07-29 05:41:49] Starting research iteration for XAUUSD on H1...
[2026-07-29 05:41:49] MT5 Connected
[2026-07-29 05:41:49] Symbol: XAUUSD
[2026-07-29 05:41:49] Timeframe: H1
[2026-07-29 05:41:49] Candles Received: 10
[2026-07-29 05:41:49] Features Generated: true
[2026-07-29 05:41:49] Research Completed: true
[2026-07-29 05:41:49] Research cycle completed successfully. Result ID: rpt-XAUUSD-45b8501a
[2026-07-29 05:41:49] Starting research iteration for XAUUSD on H1...
[2026-07-29 05:41:49] MT5 Connected
[2026-07-29 05:41:49] Symbol: XAUUSD
[2026-07-29 05:41:49] Timeframe: H1
[2026-07-29 05:41:49] Candles Received: 10
[2026-07-29 05:41:49] Features Generated: true
[2026-07-29 05:41:49] Research Completed: true
[2026-07-29 05:41:49] Research cycle completed successfully. Result ID: rpt-XAUUSD-fa1468b5
[2026-07-29 05:41:49] Starting research iteration for XAUUSD on H1...
[2026-07-29 05:41:49] MT5 Connected
[2026-07-29 05:41:49] Symbol: XAUUSD
[2026-07-29 05:41:49] Timeframe: H1
[2026-07-29 05:41:49] Candles Received: 10
[2026-07-29 05:41:49] Features Generated: true
[2026-07-29 05:41:49] Research Completed: true
[2026-07-29 05:41:49] Research cycle completed successfully. Result ID: rpt-XAUUSD-816c2f71
[2026-07-29 05:41:49] Starting research iteration for XAUUSD on H1...
[2026-07-29 05:41:49] MT5 Connected
[2026-07-29 05:41:49] Symbol: XAUUSD
[2026-07-29 05:41:49] Timeframe: H1
[2026-07-29 05:41:49] Candles Received: 10
[2026-07-29 05:41:49] Features Generated: true
[2026-07-29 05:41:49] Research Completed: true
[2026-07-29 05:41:49] Research cycle completed successfully. Result ID: rpt-XAUUSD-f88fe502
[2026-07-29 05:41:49] Starting research iteration for XAUUSD on H1...
[2026-07-29 05:41:49] MT5 Connected
[2026-07-29 05:41:49] Symbol: XAUUSD
[2026-07-29 05:41:49] Timeframe: H1
[2026-07-29 05:41:49] Candles Received: 10
[2026-07-29 05:41:49] Features Generated: true
[2026-07-29 05:41:49] Research Completed: true
[2026-07-29 05:41:49] Research cycle completed successfully. Result ID: rpt-XAUUSD-54786c55
[2026-07-29 05:41:49] Starting research iteration for XAUUSD on H1...
[2026-07-29 05:41:49] MT5 Connected
[2026-07-29 05:41:49] Symbol: XAUUSD
[2026-07-29 05:41:49] Timeframe: H1
[2026-07-29 05:41:49] Candles Received: 10
[2026-07-29 05:41:49] Features Generated: true
[2026-07-29 05:41:49] Research Completed: true
[2026-07-29 05:41:49] Research cycle completed successfully. Result ID: rpt-XAUUSD-e6bb45ad
[2026-07-29 05:41:50] Starting research iteration for XAUUSD on H1...
[2026-07-29 05:41:50] MT5 Connected
[2026-07-29 05:41:50] Symbol: XAUUSD
[2026-07-29 05:41:50] Timeframe: H1
[2026-07-29 05:41:50] Candles Received: 10
[2026-07-29 05:41:50] Features Generated: true
[2026-07-29 05:41:50] Research Completed: true
[2026-07-29 05:41:50] Research cycle completed successfully. Result ID: rpt-XAUUSD-2bb3fa47
[2026-07-29 05:41:51] Starting research iteration for XAUUSD on H1...
[2026-07-29 05:41:51] MT5 Connected
[2026-07-29 05:41:51] Symbol: XAUUSD
[2026-07-29 05:41:51] Timeframe: H1
[2026-07-29 05:41:51] Candles Received: 10
[2026-07-29 05:41:51] Features Generated: true
[2026-07-29 05:41:51] Research Completed: true
[2026-07-29 05:41:51] Research cycle completed successfully. Result ID: rpt-XAUUSD-e90029d9
[2026-07-29 05:41:52] Starting research iteration for XAUUSD on H1...
[2026-07-29 05:41:52] MT5 Connected
[2026-07-29 05:41:52] Symbol: XAUUSD
[2026-07-29 05:41:52] Timeframe: H1
[2026-07-29 05:41:52] Candles Received: 10
[2026-07-29 05:41:52] Features Generated: true
[2026-07-29 05:41:52] Research Completed: true
[2026-07-29 05:41:52] Research cycle completed successfully. Result ID: rpt-XAUUSD-3951115b
[2026-07-29 05:41:54] Starting research iteration for XAUUSD on H1...
[2026-07-29 05:41:54] MT5 Connected
[2026-07-29 05:41:54] Symbol: XAUUSD
[2026-07-29 05:41:54] Timeframe: H1
[2026-07-29 05:41:54] Candles Received: 10
[2026-07-29 05:41:54] Features Generated: true
[2026-07-29 05:41:54] Research Completed: true
[2026-07-29 05:41:54] Research cycle completed successfully. Result ID: rpt-XAUUSD-19649341
[2026-07-29 05:41:54] Starting research iteration for XAUUSD on H1...
[2026-07-29 05:41:54] MT5 Connected
[2026-07-29 05:41:54] Symbol: XAUUSD
[2026-07-29 05:41:54] Timeframe: H1
[2026-07-29 05:41:54] Candles Received: 10
[2026-07-29 05:41:54] Features Generated: true
[2026-07-29 05:41:54] Research Completed: true
[2026-07-29 05:41:54] Research cycle completed successfully. Result ID: rpt-XAUUSD-e4ab0360
[2026-07-29 05:41:54] Starting research iteration for XAUUSD on H1...
[2026-07-29 05:41:54] MT5 Connected
[2026-07-29 05:41:54] Symbol: XAUUSD
[2026-07-29 05:41:54] Timeframe: H1
[2026-07-29 05:41:54] Candles Received: 10
[2026-07-29 05:41:54] Features Generated: true
[2026-07-29 05:41:54] Research Completed: true
[2026-07-29 05:41:54] Research cycle completed successfully. Result ID: rpt-XAUUSD-d5906876
[2026-07-29 05:41:57] Starting research iteration for XAUUSD on H1...
[2026-07-29 05:41:57] MT5 Connected
[2026-07-29 05:41:57] Symbol: XAUUSD
[2026-07-29 05:41:57] Timeframe: H1
[2026-07-29 05:41:57] Candles Received: 10
[2026-07-29 05:41:57] Features Generated: true
[2026-07-29 05:41:57] Research Completed: true
[2026-07-29 05:41:57] Research cycle completed successfully. Result ID: rpt-XAUUSD-b11edba0
[2026-07-29 05:41:57] Starting research iteration for XAUUSD on H1...
[2026-07-29 05:41:57] MT5 Connected
[2026-07-29 05:41:57] Symbol: XAUUSD
[2026-07-29 05:41:57] Timeframe: H1
[2026-07-29 05:41:57] Candles Received: 10
[2026-07-29 05:41:57] Features Generated: true
[2026-07-29 05:41:57] Research Completed: true
[2026-07-29 05:41:57] Research cycle completed successfully. Result ID: rpt-XAUUSD-833912cc
[2026-07-29 05:41:57] Starting research iteration for XAUUSD on H1...
[2026-07-29 05:41:57] MT5 Connected
[2026-07-29 05:41:57] Symbol: XAUUSD
[2026-07-29 05:41:57] Timeframe: H1
[2026-07-29 05:41:57] Candles Received: 10
[2026-07-29 05:41:57] Features Generated: true
[2026-07-29 05:41:57] Research Completed: true
[2026-07-29 05:41:57] Research cycle completed successfully. Result ID: rpt-XAUUSD-3ddb8595
[2026-07-29 05:41:58] Starting research iteration for XAUUSD on H1...
[2026-07-29 05:41:58] MT5 Connected
[2026-07-29 05:41:58] Symbol: XAUUSD
[2026-07-29 05:41:58] Timeframe: H1
[2026-07-29 05:41:58] Candles Received: 10
[2026-07-29 05:41:58] Features Generated: true
[2026-07-29 05:41:58] Research Completed: true
[2026-07-29 05:41:58] Research cycle completed successfully. Result ID: rpt-XAUUSD-9f6751ab
[2026-07-29 05:41:59] Starting research iteration for XAUUSD on H1...
[2026-07-29 05:41:59] MT5 Connected
[2026-07-29 05:41:59] Symbol: XAUUSD
[2026-07-29 05:41:59] Timeframe: H1
[2026-07-29 05:41:59] Candles Received: 10
[2026-07-29 05:41:59] Features Generated: true
[2026-07-29 05:41:59] Research Completed: true
[2026-07-29 05:41:59] Research cycle completed successfully. Result ID: rpt-XAUUSD-c4917c00
[2026-07-29 05:42:01] Starting research iteration for XAUUSD on H1...
[2026-07-29 05:42:01] MT5 Connected
[2026-07-29 05:42:01] Symbol: XAUUSD
[2026-07-29 05:42:01] Timeframe: H1
[2026-07-29 05:42:01] Candles Received: 10
[2026-07-29 05:42:01] Features Generated: true
[2026-07-29 05:42:01] Research Completed: true
[2026-07-29 05:42:01] Research cycle completed successfully. Result ID: rpt-XAUUSD-c071586e
[2026-07-29 05:42:01] Starting research iteration for XAUUSD on H1...
[2026-07-29 05:42:01] MT5 Connected
[2026-07-29 05:42:01] Symbol: XAUUSD
[2026-07-29 05:42:01] Timeframe: H1
[2026-07-29 05:42:01] Candles Received: 10
[2026-07-29 05:42:01] Features Generated: true
[2026-07-29 05:42:01] Research Completed: true
[2026-07-29 05:42:01] Research cycle completed successfully. Result ID: rpt-XAUUSD-57698e08
[2026-07-29 05:42:01] Starting research iteration for XAUUSD on H1...
[2026-07-29 05:42:01] MT5 Connected
[2026-07-29 05:42:01] Symbol: XAUUSD
[2026-07-29 05:42:01] Timeframe: H1
[2026-07-29 05:42:01] Candles Received: 10
[2026-07-29 05:42:01] Features Generated: true
[2026-07-29 05:42:01] Research Completed: true
[2026-07-29 05:42:01] Research cycle completed successfully. Result ID: rpt-XAUUSD-035fc232
[2026-07-29 05:42:03] Starting research iteration for XAUUSD on H1...
[2026-07-29 05:42:03] MT5 Connected
[2026-07-29 05:42:03] Symbol: XAUUSD
[2026-07-29 05:42:03] Timeframe: H1
[2026-07-29 05:42:03] Candles Received: 10
[2026-07-29 05:42:03] Features Generated: true
[2026-07-29 05:42:03] Research Completed: true
[2026-07-29 05:42:03] Research cycle completed successfully. Result ID: rpt-XAUUSD-c4c8473b
[2026-07-29 05:42:03] Starting research iteration for XAUUSD on H1...
[2026-07-29 05:42:03] MT5 Connected
[2026-07-29 05:42:03] Symbol: XAUUSD
[2026-07-29 05:42:03] Timeframe: H1
[2026-07-29 05:42:03] Candles Received: 10
[2026-07-29 05:42:03] Features Generated: true
[2026-07-29 05:42:03] Research Completed: true
[2026-07-29 05:42:03] Research cycle completed successfully. Result ID: rpt-XAUUSD-231e28ee
[2026-07-29 05:42:04] Starting research iteration for XAUUSD on H1...
[2026-07-29 05:42:04] MT5 Connected
[2026-07-29 05:42:04] Symbol: XAUUSD
[2026-07-29 05:42:04] Timeframe: H1
[2026-07-29 05:42:04] Candles Received: 10
[2026-07-29 05:42:04] Features Generated: true
[2026-07-29 05:42:04] Research Completed: true
[2026-07-29 05:42:04] Research cycle completed successfully. Result ID: rpt-XAUUSD-3469177c
[2026-07-29 05:42:04] Starting research iteration for XAUUSD on H1...
[2026-07-29 05:42:04] MT5 Connected
[2026-07-29 05:42:04] Symbol: XAUUSD
[2026-07-29 05:42:04] Timeframe: H1
[2026-07-29 05:42:04] Candles Received: 10
[2026-07-29 05:42:04] Features Generated: true
[2026-07-29 05:42:04] Research Completed: true
[2026-07-29 05:42:04] Research cycle completed successfully. Result ID: rpt-XAUUSD-2b23d7b9
[2026-07-29 05:42:04] Starting research iteration for XAUUSD on H1...
[2026-07-29 05:42:04] MT5 Connected
[2026-07-29 05:42:04] Symbol: XAUUSD
[2026-07-29 05:42:04] Timeframe: H1
[2026-07-29 05:42:04] Candles Received: 10
[2026-07-29 05:42:04] Features Generated: true
[2026-07-29 05:42:04] Research Completed: true
[2026-07-29 05:42:04] Research cycle completed successfully. Result ID: rpt-XAUUSD-747f9184
[2026-07-29 05:42:04] Starting research iteration for XAUUSD on H1...
[2026-07-29 05:42:04] MT5 Connected
[2026-07-29 05:42:04] Symbol: XAUUSD
[2026-07-29 05:42:04] Timeframe: H1
[2026-07-29 05:42:04] Candles Received: 10
[2026-07-29 05:42:04] Features Generated: true
[2026-07-29 05:42:04] Research Completed: true
[2026-07-29 05:42:04] Research cycle completed successfully. Result ID: rpt-XAUUSD-46a77ff7
[2026-07-29 05:42:04] Starting research iteration for XAUUSD on H1...
[2026-07-29 05:42:04] MT5 Connected
[2026-07-29 05:42:04] Symbol: XAUUSD
[2026-07-29 05:42:04] Timeframe: H1
[2026-07-29 05:42:04] Candles Received: 10
[2026-07-29 05:42:04] Features Generated: true
[2026-07-29 05:42:04] Research Completed: true
[2026-07-29 05:42:04] Research cycle completed successfully. Result ID: rpt-XAUUSD-f3eb7c86
[2026-07-29 05:42:05] Starting research iteration for XAUUSD on H1...
[2026-07-29 05:42:05] MT5 Connected
[2026-07-29 05:42:05] Symbol: XAUUSD
[2026-07-29 05:42:05] Timeframe: H1
[2026-07-29 05:42:05] Candles Received: 10
[2026-07-29 05:42:05] Features Generated: true
[2026-07-29 05:42:05] Research Completed: true
[2026-07-29 05:42:05] Research cycle completed successfully. Result ID: rpt-XAUUSD-504bc442
[2026-07-29 05:42:05] Starting research iteration for XAUUSD on H1...
[2026-07-29 05:42:05] MT5 Connected
[2026-07-29 05:42:05] Symbol: XAUUSD
[2026-07-29 05:42:05] Timeframe: H1
[2026-07-29 05:42:05] Candles Received: 10
[2026-07-29 05:42:05] Features Generated: true
[2026-07-29 05:42:05] Research Completed: true
[2026-07-29 05:42:05] Research cycle completed successfully. Result ID: rpt-XAUUSD-c1ee4b2d
[2026-07-29 05:42:06] Starting research iteration for XAUUSD on H1...
[2026-07-29 05:42:06] MT5 Connected
[2026-07-29 05:42:06] Symbol: XAUUSD
[2026-07-29 05:42:06] Timeframe: H1
[2026-07-29 05:42:06] Candles Received: 10
[2026-07-29 05:42:06] Features Generated: true
[2026-07-29 05:42:06] Research Completed: true
[2026-07-29 05:42:06] Research cycle completed successfully. Result ID: rpt-XAUUSD-c2ba28d8
[2026-07-29 05:42:07] Starting research iteration for XAUUSD on H1...
[2026-07-29 05:42:07] MT5 Connected
[2026-07-29 05:42:07] Symbol: XAUUSD
[2026-07-29 05:42:07] Timeframe: H1
[2026-07-29 05:42:07] Candles Received: 10
[2026-07-29 05:42:07] Features Generated: true
[2026-07-29 05:42:07] Research Completed: true
[2026-07-29 05:42:07] Research cycle completed successfully. Result ID: rpt-XAUUSD-8fab8678
[2026-07-29 05:42:07] Starting research iteration for XAUUSD on H1...
[2026-07-29 05:42:07] MT5 Connected
[2026-07-29 05:42:07] Symbol: XAUUSD
[2026-07-29 05:42:07] Timeframe: H1
[2026-07-29 05:42:07] Candles Received: 10
[2026-07-29 05:42:07] Features Generated: true
[2026-07-29 05:42:07] Research Completed: true
[2026-07-29 05:42:07] Research cycle completed successfully. Result ID: rpt-XAUUSD-a6490e67
[2026-07-29 05:42:09] Starting research iteration for XAUUSD on H1...
[2026-07-29 05:42:09] MT5 Connected
[2026-07-29 05:42:09] Symbol: XAUUSD
[2026-07-29 05:42:09] Timeframe: H1
[2026-07-29 05:42:09] Candles Received: 10
[2026-07-29 05:42:09] Features Generated: true
[2026-07-29 05:42:09] Research Completed: true
[2026-07-29 05:42:09] Research cycle completed successfully. Result ID: rpt-XAUUSD-7b2c5eb1
[2026-07-29 05:42:09] Starting research iteration for XAUUSD on H1...
[2026-07-29 05:42:09] MT5 Connected
[2026-07-29 05:42:09] Symbol: XAUUSD
[2026-07-29 05:42:09] Timeframe: H1
[2026-07-29 05:42:09] Candles Received: 10
[2026-07-29 05:42:09] Features Generated: true
[2026-07-29 05:42:09] Research Completed: true
[2026-07-29 05:42:09] Research cycle completed successfully. Result ID: rpt-XAUUSD-41da9bc5
[2026-07-29 05:42:09] Starting research iteration for XAUUSD on H1...
[2026-07-29 05:42:09] MT5 Connected
[2026-07-29 05:42:09] Symbol: XAUUSD
[2026-07-29 05:42:09] Timeframe: H1
[2026-07-29 05:42:09] Candles Received: 10
[2026-07-29 05:42:09] Features Generated: true
[2026-07-29 05:42:09] Research Completed: true
[2026-07-29 05:42:09] Research cycle completed successfully. Result ID: rpt-XAUUSD-c67e64a2
[2026-07-29 05:42:12] Starting research iteration for XAUUSD on H1...
[2026-07-29 05:42:12] MT5 Connected
[2026-07-29 05:42:12] Symbol: XAUUSD
[2026-07-29 05:42:12] Timeframe: H1
[2026-07-29 05:42:12] Candles Received: 10
[2026-07-29 05:42:12] Features Generated: true
[2026-07-29 05:42:12] Research Completed: true
[2026-07-29 05:42:12] Research cycle completed successfully. Result ID: rpt-XAUUSD-4adbd364
[2026-07-29 05:42:12] Starting research iteration for XAUUSD on H1...
[2026-07-29 05:42:12] MT5 Connected
[2026-07-29 05:42:12] Symbol: XAUUSD
[2026-07-29 05:42:12] Timeframe: H1
[2026-07-29 05:42:12] Candles Received: 10
[2026-07-29 05:42:12] Features Generated: true
[2026-07-29 05:42:12] Research Completed: true
[2026-07-29 05:42:12] Research cycle completed successfully. Result ID: rpt-XAUUSD-66e3c7ef
[2026-07-29 05:42:13] Starting research iteration for XAUUSD on H1...
[2026-07-29 05:42:13] MT5 Connected
[2026-07-29 05:42:13] Symbol: XAUUSD
[2026-07-29 05:42:13] Timeframe: H1
[2026-07-29 05:42:13] Candles Received: 10
[2026-07-29 05:42:13] Features Generated: true
[2026-07-29 05:42:13] Research Completed: true
[2026-07-29 05:42:13] Research cycle completed successfully. Result ID: rpt-XAUUSD-7d8e3a2e
[2026-07-29 05:42:14] Starting research iteration for XAUUSD on H1...
[2026-07-29 05:42:14] MT5 Connected
[2026-07-29 05:42:14] Symbol: XAUUSD
[2026-07-29 05:42:14] Timeframe: H1
[2026-07-29 05:42:14] Candles Received: 10
[2026-07-29 05:42:14] Features Generated: true
[2026-07-29 05:42:14] Research Completed: true
[2026-07-29 05:42:14] Research cycle completed successfully. Result ID: rpt-XAUUSD-8ea67981
[2026-07-29 05:42:16] Starting research iteration for XAUUSD on H1...
[2026-07-29 05:42:16] MT5 Connected
[2026-07-29 05:42:16] Symbol: XAUUSD
[2026-07-29 05:42:16] Timeframe: H1
[2026-07-29 05:42:16] Candles Received: 10
[2026-07-29 05:42:16] Features Generated: true
[2026-07-29 05:42:16] Research Completed: true
[2026-07-29 05:42:16] Research cycle completed successfully. Result ID: rpt-XAUUSD-0a452111
[2026-07-29 05:42:16] Starting research iteration for XAUUSD on H1...
[2026-07-29 05:42:16] MT5 Connected
[2026-07-29 05:42:16] Symbol: XAUUSD
[2026-07-29 05:42:16] Timeframe: H1
[2026-07-29 05:42:16] Candles Received: 10
[2026-07-29 05:42:16] Features Generated: true
[2026-07-29 05:42:16] Research Completed: true
[2026-07-29 05:42:16] Research cycle completed successfully. Result ID: rpt-XAUUSD-8a4816a3
[2026-07-29 05:42:16] Starting research iteration for XAUUSD on H1...
[2026-07-29 05:42:16] MT5 Connected
[2026-07-29 05:42:16] Symbol: XAUUSD
[2026-07-29 05:42:16] Timeframe: H1
[2026-07-29 05:42:16] Candles Received: 10
[2026-07-29 05:42:16] Features Generated: true
[2026-07-29 05:42:16] Research Completed: true
[2026-07-29 05:42:16] Research cycle completed successfully. Result ID: rpt-XAUUSD-452de240
[2026-07-29 05:42:16] Starting research iteration for XAUUSD on H1...
[2026-07-29 05:42:16] MT5 Connected
[2026-07-29 05:42:16] Symbol: XAUUSD
[2026-07-29 05:42:16] Timeframe: H1
[2026-07-29 05:42:16] Candles Received: 10
[2026-07-29 05:42:16] Features Generated: true
[2026-07-29 05:42:16] Research Completed: true
[2026-07-29 05:42:16] Research cycle completed successfully. Result ID: rpt-XAUUSD-c4f642eb
[2026-07-29 05:42:18] Starting research iteration for XAUUSD on H1...
[2026-07-29 05:42:18] MT5 Connected
[2026-07-29 05:42:18] Symbol: XAUUSD
[2026-07-29 05:42:18] Timeframe: H1
[2026-07-29 05:42:18] Candles Received: 10
[2026-07-29 05:42:18] Features Generated: true
[2026-07-29 05:42:18] Research Completed: true
[2026-07-29 05:42:18] Research cycle completed successfully. Result ID: rpt-XAUUSD-5f817f5b
[2026-07-29 05:42:18] Starting research iteration for XAUUSD on H1...
[2026-07-29 05:42:18] MT5 Connected
[2026-07-29 05:42:18] Symbol: XAUUSD
[2026-07-29 05:42:18] Timeframe: H1
[2026-07-29 05:42:18] Candles Received: 10
[2026-07-29 05:42:18] Features Generated: true
[2026-07-29 05:42:18] Research Completed: true
[2026-07-29 05:42:18] Research cycle completed successfully. Result ID: rpt-XAUUSD-b1bf1cab
[2026-07-29 05:42:19] Starting research iteration for XAUUSD on H1...
[2026-07-29 05:42:19] MT5 Connected
[2026-07-29 05:42:19] Symbol: XAUUSD
[2026-07-29 05:42:19] Timeframe: H1
[2026-07-29 05:42:19] Candles Received: 10
[2026-07-29 05:42:19] Features Generated: true
[2026-07-29 05:42:19] Research Completed: true
[2026-07-29 05:42:19] Research cycle completed successfully. Result ID: rpt-XAUUSD-fd35a1de
[2026-07-29 05:42:19] Starting research iteration for XAUUSD on H1...
[2026-07-29 05:42:19] MT5 Connected
[2026-07-29 05:42:19] Symbol: XAUUSD
[2026-07-29 05:42:19] Timeframe: H1
[2026-07-29 05:42:19] Candles Received: 10
[2026-07-29 05:42:19] Features Generated: true
[2026-07-29 05:42:19] Research Completed: true
[2026-07-29 05:42:19] Research cycle completed successfully. Result ID: rpt-XAUUSD-e11c739c
[2026-07-29 05:42:19] Starting research iteration for XAUUSD on H1...
[2026-07-29 05:42:19] MT5 Connected
[2026-07-29 05:42:19] Symbol: XAUUSD
[2026-07-29 05:42:19] Timeframe: H1
[2026-07-29 05:42:19] Candles Received: 10
[2026-07-29 05:42:19] Features Generated: true
[2026-07-29 05:42:19] Research Completed: true
[2026-07-29 05:42:19] Research cycle completed successfully. Result ID: rpt-XAUUSD-f2c23760
[2026-07-29 05:42:19] Starting research iteration for XAUUSD on H1...
[2026-07-29 05:42:19] MT5 Connected
[2026-07-29 05:42:19] Symbol: XAUUSD
[2026-07-29 05:42:19] Timeframe: H1
[2026-07-29 05:42:19] Candles Received: 10
[2026-07-29 05:42:19] Features Generated: true
[2026-07-29 05:42:19] Research Completed: true
[2026-07-29 05:42:19] Research cycle completed successfully. Result ID: rpt-XAUUSD-6f73a5fb
[2026-07-29 05:42:20] Starting research iteration for XAUUSD on H1...
[2026-07-29 05:42:20] MT5 Connected
[2026-07-29 05:42:20] Symbol: XAUUSD
[2026-07-29 05:42:20] Timeframe: H1
[2026-07-29 05:42:20] Candles Received: 10
[2026-07-29 05:42:20] Features Generated: true
[2026-07-29 05:42:20] Research Completed: true
[2026-07-29 05:42:20] Research cycle completed successfully. Result ID: rpt-XAUUSD-ef570bc7
[2026-07-29 05:42:20] Starting research iteration for XAUUSD on H1...
[2026-07-29 05:42:20] MT5 Connected
[2026-07-29 05:42:20] Symbol: XAUUSD
[2026-07-29 05:42:20] Timeframe: H1
[2026-07-29 05:42:20] Candles Received: 10
[2026-07-29 05:42:20] Features Generated: true
[2026-07-29 05:42:20] Research Completed: true
[2026-07-29 05:42:20] Research cycle completed successfully. Result ID: rpt-XAUUSD-52c399f2
[2026-07-29 05:42:21] Starting research iteration for XAUUSD on H1...
[2026-07-29 05:42:21] MT5 Connected
[2026-07-29 05:42:21] Symbol: XAUUSD
[2026-07-29 05:42:21] Timeframe: H1
[2026-07-29 05:42:21] Candles Received: 10
[2026-07-29 05:42:21] Features Generated: true
[2026-07-29 05:42:21] Research Completed: true
[2026-07-29 05:42:21] Research cycle completed successfully. Result ID: rpt-XAUUSD-51ae26ca
[2026-07-29 05:42:22] Starting research iteration for XAUUSD on H1...
[2026-07-29 05:42:22] MT5 Connected
[2026-07-29 05:42:22] Symbol: XAUUSD
[2026-07-29 05:42:22] Timeframe: H1
[2026-07-29 05:42:22] Candles Received: 10
[2026-07-29 05:42:22] Features Generated: true
[2026-07-29 05:42:22] Research Completed: true
[2026-07-29 05:42:22] Research cycle completed successfully. Result ID: rpt-XAUUSD-ee31320e
[2026-07-29 05:42:22] Starting research iteration for XAUUSD on H1...
[2026-07-29 05:42:22] MT5 Connected
[2026-07-29 05:42:22] Symbol: XAUUSD
[2026-07-29 05:42:22] Timeframe: H1
[2026-07-29 05:42:22] Candles Received: 10
[2026-07-29 05:42:22] Features Generated: true
[2026-07-29 05:42:22] Research Completed: true
[2026-07-29 05:42:22] Research cycle completed successfully. Result ID: rpt-XAUUSD-0db73ff9
[2026-07-29 05:42:24] Starting research iteration for XAUUSD on H1...
[2026-07-29 05:42:24] MT5 Connected
[2026-07-29 05:42:24] Symbol: XAUUSD
[2026-07-29 05:42:24] Timeframe: H1
[2026-07-29 05:42:24] Candles Received: 10
[2026-07-29 05:42:24] Features Generated: true
[2026-07-29 05:42:24] Research Completed: true
[2026-07-29 05:42:24] Research cycle completed successfully. Result ID: rpt-XAUUSD-70f477de
[2026-07-29 05:42:24] Starting research iteration for XAUUSD on H1...
[2026-07-29 05:42:24] MT5 Connected
[2026-07-29 05:42:24] Symbol: XAUUSD
[2026-07-29 05:42:24] Timeframe: H1
[2026-07-29 05:42:24] Candles Received: 10
[2026-07-29 05:42:24] Features Generated: true
[2026-07-29 05:42:24] Research Completed: true
[2026-07-29 05:42:24] Research cycle completed successfully. Result ID: rpt-XAUUSD-1a01e603
[2026-07-29 05:42:27] Starting research iteration for XAUUSD on H1...
[2026-07-29 05:42:27] MT5 Connected
[2026-07-29 05:42:27] Symbol: XAUUSD
[2026-07-29 05:42:27] Timeframe: H1
[2026-07-29 05:42:27] Candles Received: 10
[2026-07-29 05:42:27] Features Generated: true
[2026-07-29 05:42:27] Research Completed: true
[2026-07-29 05:42:27] Research cycle completed successfully. Result ID: rpt-XAUUSD-8fb39383
[2026-07-29 05:42:28] Starting research iteration for XAUUSD on H1...
[2026-07-29 05:42:28] MT5 Connected
[2026-07-29 05:42:28] Symbol: XAUUSD
[2026-07-29 05:42:28] Timeframe: H1
[2026-07-29 05:42:28] Candles Received: 10
[2026-07-29 05:42:28] Features Generated: true
[2026-07-29 05:42:28] Research Completed: true
[2026-07-29 05:42:28] Research cycle completed successfully. Result ID: rpt-XAUUSD-f8a08f2a
[2026-07-29 05:42:29] Starting research iteration for XAUUSD on H1...
[2026-07-29 05:42:29] MT5 Connected
[2026-07-29 05:42:29] Symbol: XAUUSD
[2026-07-29 05:42:29] Timeframe: H1
[2026-07-29 05:42:29] Candles Received: 10
[2026-07-29 05:42:29] Features Generated: true
[2026-07-29 05:42:29] Research Completed: true
[2026-07-29 05:42:29] Research cycle completed successfully. Result ID: rpt-XAUUSD-f48df030
[2026-07-29 05:42:31] Starting research iteration for XAUUSD on H1...
[2026-07-29 05:42:31] MT5 Connected
[2026-07-29 05:42:31] Symbol: XAUUSD
[2026-07-29 05:42:31] Timeframe: H1
[2026-07-29 05:42:31] Candles Received: 10
[2026-07-29 05:42:31] Features Generated: true
[2026-07-29 05:42:31] Research Completed: true
[2026-07-29 05:42:31] Research cycle completed successfully. Result ID: rpt-XAUUSD-6dde0fcf
[2026-07-29 05:42:31] Starting research iteration for XAUUSD on H1...
[2026-07-29 05:42:31] MT5 Connected
[2026-07-29 05:42:31] Symbol: XAUUSD
[2026-07-29 05:42:31] Timeframe: H1
[2026-07-29 05:42:31] Candles Received: 10
[2026-07-29 05:42:31] Features Generated: true
[2026-07-29 05:42:31] Research Completed: true
[2026-07-29 05:42:31] Research cycle completed successfully. Result ID: rpt-XAUUSD-803d294c
[2026-07-29 05:42:31] Starting research iteration for XAUUSD on H1...
[2026-07-29 05:42:31] MT5 Connected
[2026-07-29 05:42:31] Symbol: XAUUSD
[2026-07-29 05:42:31] Timeframe: H1
[2026-07-29 05:42:31] Candles Received: 10
[2026-07-29 05:42:31] Features Generated: true
[2026-07-29 05:42:31] Research Completed: true
[2026-07-29 05:42:31] Research cycle completed successfully. Result ID: rpt-XAUUSD-e3c5d9de
[2026-07-29 05:42:33] Starting research iteration for XAUUSD on H1...
[2026-07-29 05:42:33] MT5 Connected
[2026-07-29 05:42:33] Symbol: XAUUSD
[2026-07-29 05:42:33] Timeframe: H1
[2026-07-29 05:42:33] Candles Received: 10
[2026-07-29 05:42:33] Features Generated: true
[2026-07-29 05:42:33] Research Completed: true
[2026-07-29 05:42:33] Research cycle completed successfully. Result ID: rpt-XAUUSD-c37c36f8
[2026-07-29 05:42:33] Starting research iteration for XAUUSD on H1...
[2026-07-29 05:42:33] MT5 Connected
[2026-07-29 05:42:33] Symbol: XAUUSD
[2026-07-29 05:42:33] Timeframe: H1
[2026-07-29 05:42:33] Candles Received: 10
[2026-07-29 05:42:33] Features Generated: true
[2026-07-29 05:42:33] Research Completed: true
[2026-07-29 05:42:33] Research cycle completed successfully. Result ID: rpt-XAUUSD-366732c3
[2026-07-29 05:42:34] Starting research iteration for XAUUSD on H1...
[2026-07-29 05:42:34] MT5 Connected
[2026-07-29 05:42:34] Symbol: XAUUSD
[2026-07-29 05:42:34] Timeframe: H1
[2026-07-29 05:42:34] Candles Received: 10
[2026-07-29 05:42:34] Features Generated: true
[2026-07-29 05:42:34] Research Completed: true
[2026-07-29 05:42:34] Research cycle completed successfully. Result ID: rpt-XAUUSD-d1997246
[2026-07-29 05:42:34] Starting research iteration for XAUUSD on H1...
[2026-07-29 05:42:34] MT5 Connected
[2026-07-29 05:42:34] Symbol: XAUUSD
[2026-07-29 05:42:34] Timeframe: H1
[2026-07-29 05:42:34] Candles Received: 10
[2026-07-29 05:42:34] Features Generated: true
[2026-07-29 05:42:34] Research Completed: true
[2026-07-29 05:42:34] Research cycle completed successfully. Result ID: rpt-XAUUSD-5d300d42
[2026-07-29 05:42:34] Starting research iteration for XAUUSD on H1...
[2026-07-29 05:42:34] MT5 Connected
[2026-07-29 05:42:34] Symbol: XAUUSD
[2026-07-29 05:42:34] Timeframe: H1
[2026-07-29 05:42:34] Candles Received: 10
[2026-07-29 05:42:34] Features Generated: true
[2026-07-29 05:42:34] Research Completed: true
[2026-07-29 05:42:34] Research cycle completed successfully. Result ID: rpt-XAUUSD-31a8e081
[2026-07-29 05:42:34] Starting research iteration for XAUUSD on H1...
[2026-07-29 05:42:34] MT5 Connected
[2026-07-29 05:42:34] Symbol: XAUUSD
[2026-07-29 05:42:34] Timeframe: H1
[2026-07-29 05:42:34] Candles Received: 10
[2026-07-29 05:42:34] Features Generated: true
[2026-07-29 05:42:34] Research Completed: true
[2026-07-29 05:42:34] Research cycle completed successfully. Result ID: rpt-XAUUSD-81d58213
[2026-07-29 05:42:35] Starting research iteration for XAUUSD on H1...
[2026-07-29 05:42:35] MT5 Connected
[2026-07-29 05:42:35] Symbol: XAUUSD
[2026-07-29 05:42:35] Timeframe: H1
[2026-07-29 05:42:35] Candles Received: 10
[2026-07-29 05:42:35] Features Generated: true
[2026-07-29 05:42:35] Research Completed: true
[2026-07-29 05:42:35] Research cycle completed successfully. Result ID: rpt-XAUUSD-e270a6d7
[2026-07-29 05:42:35] Starting research iteration for XAUUSD on H1...
[2026-07-29 05:42:35] MT5 Connected
[2026-07-29 05:42:35] Symbol: XAUUSD
[2026-07-29 05:42:35] Timeframe: H1
[2026-07-29 05:42:35] Candles Received: 10
[2026-07-29 05:42:35] Features Generated: true
[2026-07-29 05:42:35] Research Completed: true
[2026-07-29 05:42:35] Research cycle completed successfully. Result ID: rpt-XAUUSD-47175201
[2026-07-29 05:42:36] Starting research iteration for XAUUSD on H1...
[2026-07-29 05:42:36] MT5 Connected
[2026-07-29 05:42:36] Symbol: XAUUSD
[2026-07-29 05:42:36] Timeframe: H1
[2026-07-29 05:42:36] Candles Received: 10
[2026-07-29 05:42:36] Features Generated: true
[2026-07-29 05:42:36] Research Completed: true
[2026-07-29 05:42:36] Research cycle completed successfully. Result ID: rpt-XAUUSD-995cc013
[2026-07-29 05:42:37] Starting research iteration for XAUUSD on H1...
[2026-07-29 05:42:37] MT5 Connected
[2026-07-29 05:42:37] Symbol: XAUUSD
[2026-07-29 05:42:37] Timeframe: H1
[2026-07-29 05:42:37] Candles Received: 10
[2026-07-29 05:42:37] Features Generated: true
[2026-07-29 05:42:37] Research Completed: true
[2026-07-29 05:42:37] Research cycle completed successfully. Result ID: rpt-XAUUSD-fb67d4f2
[2026-07-29 05:42:37] Starting research iteration for XAUUSD on H1...
[2026-07-29 05:42:37] MT5 Connected
[2026-07-29 05:42:37] Symbol: XAUUSD
[2026-07-29 05:42:37] Timeframe: H1
[2026-07-29 05:42:37] Candles Received: 10
[2026-07-29 05:42:37] Features Generated: true
[2026-07-29 05:42:37] Research Completed: true
[2026-07-29 05:42:37] Research cycle completed successfully. Result ID: rpt-XAUUSD-7bf380c5
[2026-07-29 05:42:39] Starting research iteration for XAUUSD on H1...
[2026-07-29 05:42:39] MT5 Connected
[2026-07-29 05:42:39] Symbol: XAUUSD
[2026-07-29 05:42:39] Timeframe: H1
[2026-07-29 05:42:39] Candles Received: 10
[2026-07-29 05:42:39] Features Generated: true
[2026-07-29 05:42:39] Research Completed: true
[2026-07-29 05:42:39] Research cycle completed successfully. Result ID: rpt-XAUUSD-7dcc63dd
[2026-07-29 05:42:39] Starting research iteration for XAUUSD on H1...
[2026-07-29 05:42:39] MT5 Connected
[2026-07-29 05:42:39] Symbol: XAUUSD
[2026-07-29 05:42:39] Timeframe: H1
[2026-07-29 05:42:39] Candles Received: 10
[2026-07-29 05:42:39] Features Generated: true
[2026-07-29 05:42:39] Research Completed: true
[2026-07-29 05:42:39] Research cycle completed successfully. Result ID: rpt-XAUUSD-f851ab6d
[2026-07-29 05:42:40] Starting research iteration for XAUUSD on H1...
[2026-07-29 05:42:40] MT5 Connected
[2026-07-29 05:42:40] Symbol: XAUUSD
[2026-07-29 05:42:40] Timeframe: H1
[2026-07-29 05:42:40] Candles Received: 10
[2026-07-29 05:42:40] Features Generated: true
[2026-07-29 05:42:40] Research Completed: true
[2026-07-29 05:42:40] Research cycle completed successfully. Result ID: rpt-XAUUSD-deb15da3
[2026-07-29 05:42:42] Starting research iteration for XAUUSD on H1...
[2026-07-29 05:42:42] MT5 Connected
[2026-07-29 05:42:42] Symbol: XAUUSD
[2026-07-29 05:42:42] Timeframe: H1
[2026-07-29 05:42:42] Candles Received: 10
[2026-07-29 05:42:42] Features Generated: true
[2026-07-29 05:42:42] Research Completed: true
[2026-07-29 05:42:42] Research cycle completed successfully. Result ID: rpt-XAUUSD-234ad169
[2026-07-29 05:42:43] Starting research iteration for XAUUSD on H1...
[2026-07-29 05:42:43] MT5 Connected
[2026-07-29 05:42:43] Symbol: XAUUSD
[2026-07-29 05:42:43] Timeframe: H1
[2026-07-29 05:42:43] Candles Received: 10
[2026-07-29 05:42:43] Features Generated: true
[2026-07-29 05:42:43] Research Completed: true
[2026-07-29 05:42:43] Research cycle completed successfully. Result ID: rpt-XAUUSD-f32605f0
[2026-07-29 05:42:44] Starting research iteration for XAUUSD on H1...
[2026-07-29 05:42:44] MT5 Connected
[2026-07-29 05:42:44] Symbol: XAUUSD
[2026-07-29 05:42:44] Timeframe: H1
[2026-07-29 05:42:44] Candles Received: 10
[2026-07-29 05:42:44] Features Generated: true
[2026-07-29 05:42:44] Research Completed: true
[2026-07-29 05:42:44] Research cycle completed successfully. Result ID: rpt-XAUUSD-0cc4bd44
[2026-07-29 05:42:46] Starting research iteration for XAUUSD on H1...
[2026-07-29 05:42:46] MT5 Connected
[2026-07-29 05:42:46] Symbol: XAUUSD
[2026-07-29 05:42:46] Timeframe: H1
[2026-07-29 05:42:46] Candles Received: 10
[2026-07-29 05:42:46] Features Generated: true
[2026-07-29 05:42:46] Research Completed: true
[2026-07-29 05:42:46] Research cycle completed successfully. Result ID: rpt-XAUUSD-ad1b9176
[2026-07-29 05:42:46] Starting research iteration for XAUUSD on H1...
[2026-07-29 05:42:46] MT5 Connected
[2026-07-29 05:42:46] Symbol: XAUUSD
[2026-07-29 05:42:46] Timeframe: H1
[2026-07-29 05:42:46] Candles Received: 10
[2026-07-29 05:42:46] Features Generated: true
[2026-07-29 05:42:46] Research Completed: true
[2026-07-29 05:42:46] Research cycle completed successfully. Result ID: rpt-XAUUSD-6c047d88
[2026-07-29 05:42:46] Starting research iteration for XAUUSD on H1...
[2026-07-29 05:42:46] MT5 Connected
[2026-07-29 05:42:46] Symbol: XAUUSD
[2026-07-29 05:42:46] Timeframe: H1
[2026-07-29 05:42:46] Candles Received: 10
[2026-07-29 05:42:46] Features Generated: true
[2026-07-29 05:42:46] Research Completed: true
[2026-07-29 05:42:46] Research cycle completed successfully. Result ID: rpt-XAUUSD-391adb96
[2026-07-29 05:42:48] Starting research iteration for XAUUSD on H1...
[2026-07-29 05:42:48] MT5 Connected
[2026-07-29 05:42:48] Symbol: XAUUSD
[2026-07-29 05:42:48] Timeframe: H1
[2026-07-29 05:42:48] Candles Received: 10
[2026-07-29 05:42:48] Features Generated: true
[2026-07-29 05:42:48] Research Completed: true
[2026-07-29 05:42:48] Research cycle completed successfully. Result ID: rpt-XAUUSD-8eaca0aa
[2026-07-29 05:42:48] Starting research iteration for XAUUSD on H1...
[2026-07-29 05:42:48] MT5 Connected
[2026-07-29 05:42:48] Symbol: XAUUSD
[2026-07-29 05:42:48] Timeframe: H1
[2026-07-29 05:42:48] Candles Received: 10
[2026-07-29 05:42:48] Features Generated: true
[2026-07-29 05:42:48] Research Completed: true
[2026-07-29 05:42:48] Research cycle completed successfully. Result ID: rpt-XAUUSD-e31c9be0
[2026-07-29 05:42:49] Starting research iteration for XAUUSD on H1...
[2026-07-29 05:42:49] MT5 Connected
[2026-07-29 05:42:49] Symbol: XAUUSD
[2026-07-29 05:42:49] Timeframe: H1
[2026-07-29 05:42:49] Candles Received: 10
[2026-07-29 05:42:49] Features Generated: true
[2026-07-29 05:42:49] Research Completed: true
[2026-07-29 05:42:49] Research cycle completed successfully. Result ID: rpt-XAUUSD-10e26ef0
[2026-07-29 05:42:49] Starting research iteration for XAUUSD on H1...
[2026-07-29 05:42:49] MT5 Connected
[2026-07-29 05:42:49] Symbol: XAUUSD
[2026-07-29 05:42:49] Timeframe: H1
[2026-07-29 05:42:49] Candles Received: 10
[2026-07-29 05:42:49] Features Generated: true
[2026-07-29 05:42:49] Research Completed: true
[2026-07-29 05:42:49] Research cycle completed successfully. Result ID: rpt-XAUUSD-8d28b346
[2026-07-29 05:42:49] Starting research iteration for XAUUSD on H1...
[2026-07-29 05:42:49] MT5 Connected
[2026-07-29 05:42:49] Symbol: XAUUSD
[2026-07-29 05:42:49] Timeframe: H1
[2026-07-29 05:42:49] Candles Received: 10
[2026-07-29 05:42:49] Features Generated: true
[2026-07-29 05:42:49] Research Completed: true
[2026-07-29 05:42:49] Research cycle completed successfully. Result ID: rpt-XAUUSD-ca57428e
[2026-07-29 05:42:50] Starting research iteration for XAUUSD on H1...
[2026-07-29 05:42:50] MT5 Connected
[2026-07-29 05:42:50] Symbol: XAUUSD
[2026-07-29 05:42:50] Timeframe: H1
[2026-07-29 05:42:50] Candles Received: 10
[2026-07-29 05:42:50] Features Generated: true
[2026-07-29 05:42:50] Research Completed: true
[2026-07-29 05:42:50] Research cycle completed successfully. Result ID: rpt-XAUUSD-c31e41bd
[2026-07-29 05:42:50] Starting research iteration for XAUUSD on H1...
[2026-07-29 05:42:50] MT5 Connected
[2026-07-29 05:42:50] Symbol: XAUUSD
[2026-07-29 05:42:50] Timeframe: H1
[2026-07-29 05:42:50] Candles Received: 10
[2026-07-29 05:42:50] Features Generated: true
[2026-07-29 05:42:50] Research Completed: true
[2026-07-29 05:42:50] Research cycle completed successfully. Result ID: rpt-XAUUSD-9c9df28d
[2026-07-29 05:42:51] Starting research iteration for XAUUSD on H1...
[2026-07-29 05:42:51] MT5 Connected
[2026-07-29 05:42:51] Symbol: XAUUSD
[2026-07-29 05:42:51] Timeframe: H1
[2026-07-29 05:42:51] Candles Received: 10
[2026-07-29 05:42:51] Features Generated: true
[2026-07-29 05:42:51] Research Completed: true
[2026-07-29 05:42:51] Research cycle completed successfully. Result ID: rpt-XAUUSD-73075f5d
[2026-07-29 05:42:52] Starting research iteration for XAUUSD on H1...
[2026-07-29 05:42:52] MT5 Connected
[2026-07-29 05:42:52] Symbol: XAUUSD
[2026-07-29 05:42:52] Timeframe: H1
[2026-07-29 05:42:52] Candles Received: 10
[2026-07-29 05:42:52] Features Generated: true
[2026-07-29 05:42:52] Research Completed: true
[2026-07-29 05:42:52] Research cycle completed successfully. Result ID: rpt-XAUUSD-3a7a5c82
[2026-07-29 05:42:52] Starting research iteration for XAUUSD on H1...
[2026-07-29 05:42:52] MT5 Connected
[2026-07-29 05:42:52] Symbol: XAUUSD
[2026-07-29 05:42:52] Timeframe: H1
[2026-07-29 05:42:52] Candles Received: 10
[2026-07-29 05:42:52] Features Generated: true
[2026-07-29 05:42:52] Research Completed: true
[2026-07-29 05:42:52] Research cycle completed successfully. Result ID: rpt-XAUUSD-2dacdf6f
[2026-07-29 05:42:54] Starting research iteration for XAUUSD on H1...
[2026-07-29 05:42:54] MT5 Connected
[2026-07-29 05:42:54] Symbol: XAUUSD
[2026-07-29 05:42:54] Timeframe: H1
[2026-07-29 05:42:54] Candles Received: 10
[2026-07-29 05:42:54] Features Generated: true
[2026-07-29 05:42:54] Research Completed: true
[2026-07-29 05:42:54] Research cycle completed successfully. Result ID: rpt-XAUUSD-1190ae60
[2026-07-29 05:42:54] Starting research iteration for XAUUSD on H1...
[2026-07-29 05:42:54] MT5 Connected
[2026-07-29 05:42:54] Symbol: XAUUSD
[2026-07-29 05:42:54] Timeframe: H1
[2026-07-29 05:42:54] Candles Received: 10
[2026-07-29 05:42:54] Features Generated: true
[2026-07-29 05:42:54] Research Completed: true
[2026-07-29 05:42:54] Research cycle completed successfully. Result ID: rpt-XAUUSD-8f2dec8b
[2026-07-29 05:42:55] Starting research iteration for XAUUSD on H1...
[2026-07-29 05:42:55] MT5 Connected
[2026-07-29 05:42:55] Symbol: XAUUSD
[2026-07-29 05:42:55] Timeframe: H1
[2026-07-29 05:42:55] Candles Received: 10
[2026-07-29 05:42:55] Features Generated: true
[2026-07-29 05:42:55] Research Completed: true
[2026-07-29 05:42:55] Research cycle completed successfully. Result ID: rpt-XAUUSD-8c34a661
[2026-07-29 05:42:55] Starting research iteration for XAUUSD on H1...
[2026-07-29 05:42:55] MT5 Connected
[2026-07-29 05:42:55] Symbol: XAUUSD
[2026-07-29 05:42:55] Timeframe: H1
[2026-07-29 05:42:55] Candles Received: 10
[2026-07-29 05:42:55] Features Generated: true
[2026-07-29 05:42:55] Research Completed: true
[2026-07-29 05:42:55] Research cycle completed successfully. Result ID: rpt-XAUUSD-1c66c1de
[2026-07-29 05:42:57] Starting research iteration for XAUUSD on H1...
[2026-07-29 05:42:57] MT5 Connected
[2026-07-29 05:42:57] Symbol: XAUUSD
[2026-07-29 05:42:57] Timeframe: H1
[2026-07-29 05:42:57] Candles Received: 10
[2026-07-29 05:42:57] Features Generated: true
[2026-07-29 05:42:57] Research Completed: true
[2026-07-29 05:42:57] Research cycle completed successfully. Result ID: rpt-XAUUSD-f9803c15
[2026-07-29 05:42:58] Starting research iteration for XAUUSD on H1...
[2026-07-29 05:42:58] MT5 Connected
[2026-07-29 05:42:58] Symbol: XAUUSD
[2026-07-29 05:42:58] Timeframe: H1
[2026-07-29 05:42:58] Candles Received: 10
[2026-07-29 05:42:58] Features Generated: true
[2026-07-29 05:42:58] Research Completed: true
[2026-07-29 05:42:58] Research cycle completed successfully. Result ID: rpt-XAUUSD-b8b36315
[2026-07-29 05:43:01] Starting research iteration for XAUUSD on H1...
[2026-07-29 05:43:01] MT5 Connected
[2026-07-29 05:43:01] Symbol: XAUUSD
[2026-07-29 05:43:01] Timeframe: H1
[2026-07-29 05:43:01] Candles Received: 10
[2026-07-29 05:43:01] Features Generated: true
[2026-07-29 05:43:01] Research Completed: true
[2026-07-29 05:43:01] Research cycle completed successfully. Result ID: rpt-XAUUSD-92050608
[2026-07-29 05:43:01] Starting research iteration for XAUUSD on H1...
[2026-07-29 05:43:01] MT5 Connected
[2026-07-29 05:43:01] Symbol: XAUUSD
[2026-07-29 05:43:01] Timeframe: H1
[2026-07-29 05:43:01] Candles Received: 10
[2026-07-29 05:43:01] Features Generated: true
[2026-07-29 05:43:01] Research Completed: true
[2026-07-29 05:43:01] Research cycle completed successfully. Result ID: rpt-XAUUSD-d1718a37
[2026-07-29 05:43:01] Starting research iteration for XAUUSD on H1...
[2026-07-29 05:43:01] MT5 Connected
[2026-07-29 05:43:01] Symbol: XAUUSD
[2026-07-29 05:43:01] Timeframe: H1
[2026-07-29 05:43:01] Candles Received: 10
[2026-07-29 05:43:01] Features Generated: true
[2026-07-29 05:43:01] Research Completed: true
[2026-07-29 05:43:01] Research cycle completed successfully. Result ID: rpt-XAUUSD-a012fffe
[2026-07-29 05:43:02] Starting research iteration for XAUUSD on H1...
[2026-07-29 05:43:02] MT5 Connected
[2026-07-29 05:43:02] Symbol: XAUUSD
[2026-07-29 05:43:02] Timeframe: H1
[2026-07-29 05:43:02] Candles Received: 10
[2026-07-29 05:43:02] Features Generated: true
[2026-07-29 05:43:02] Research Completed: true
[2026-07-29 05:43:02] Research cycle completed successfully. Result ID: rpt-XAUUSD-39ebaa14
[2026-07-29 05:43:02] Starting research iteration for XAUUSD on H1...
[2026-07-29 05:43:02] MT5 Connected
[2026-07-29 05:43:02] Symbol: XAUUSD
[2026-07-29 05:43:02] Timeframe: H1
[2026-07-29 05:43:02] Candles Received: 10
[2026-07-29 05:43:02] Features Generated: true
[2026-07-29 05:43:02] Research Completed: true
[2026-07-29 05:43:02] Research cycle completed successfully. Result ID: rpt-XAUUSD-9923bf82
[2026-07-29 05:43:03] Starting research iteration for XAUUSD on H1...
[2026-07-29 05:43:03] MT5 Connected
[2026-07-29 05:43:03] Symbol: XAUUSD
[2026-07-29 05:43:03] Timeframe: H1
[2026-07-29 05:43:03] Candles Received: 10
[2026-07-29 05:43:03] Features Generated: true
[2026-07-29 05:43:03] Research Completed: true
[2026-07-29 05:43:03] Research cycle completed successfully. Result ID: rpt-XAUUSD-9872f8d0
[2026-07-29 05:43:03] Starting research iteration for XAUUSD on H1...
[2026-07-29 05:43:03] MT5 Connected
[2026-07-29 05:43:03] Symbol: XAUUSD
[2026-07-29 05:43:03] Timeframe: H1
[2026-07-29 05:43:03] Candles Received: 10
[2026-07-29 05:43:03] Features Generated: true
[2026-07-29 05:43:03] Research Completed: true
[2026-07-29 05:43:03] Research cycle completed successfully. Result ID: rpt-XAUUSD-d2ffaacd
[2026-07-29 05:43:04] Starting research iteration for XAUUSD on H1...
[2026-07-29 05:43:04] MT5 Connected
[2026-07-29 05:43:04] Symbol: XAUUSD
[2026-07-29 05:43:04] Timeframe: H1
[2026-07-29 05:43:04] Candles Received: 10
[2026-07-29 05:43:04] Features Generated: true
[2026-07-29 05:43:04] Research Completed: true
[2026-07-29 05:43:04] Research cycle completed successfully. Result ID: rpt-XAUUSD-bb5abded
[2026-07-29 05:43:04] Starting research iteration for XAUUSD on H1...
[2026-07-29 05:43:04] MT5 Connected
[2026-07-29 05:43:04] Symbol: XAUUSD
[2026-07-29 05:43:04] Timeframe: H1
[2026-07-29 05:43:04] Candles Received: 10
[2026-07-29 05:43:04] Features Generated: true
[2026-07-29 05:43:04] Research Completed: true
[2026-07-29 05:43:04] Research cycle completed successfully. Result ID: rpt-XAUUSD-50d9f873
[2026-07-29 05:43:04] Starting research iteration for XAUUSD on H1...
[2026-07-29 05:43:04] MT5 Connected
[2026-07-29 05:43:04] Symbol: XAUUSD
[2026-07-29 05:43:04] Timeframe: H1
[2026-07-29 05:43:04] Candles Received: 10
[2026-07-29 05:43:04] Features Generated: true
[2026-07-29 05:43:04] Research Completed: true
[2026-07-29 05:43:04] Research cycle completed successfully. Result ID: rpt-XAUUSD-8b7d7e40
[2026-07-29 05:43:05] Starting research iteration for XAUUSD on H1...
[2026-07-29 05:43:05] MT5 Connected
[2026-07-29 05:43:05] Symbol: XAUUSD
[2026-07-29 05:43:05] Timeframe: H1
[2026-07-29 05:43:05] Candles Received: 10
[2026-07-29 05:43:05] Features Generated: true
[2026-07-29 05:43:05] Research Completed: true
[2026-07-29 05:43:05] Research cycle completed successfully. Result ID: rpt-XAUUSD-8e1fba87
[2026-07-29 05:43:06] Starting research iteration for XAUUSD on H1...
[2026-07-29 05:43:06] MT5 Connected
[2026-07-29 05:43:06] Symbol: XAUUSD
[2026-07-29 05:43:06] Timeframe: H1
[2026-07-29 05:43:06] Candles Received: 10
[2026-07-29 05:43:06] Features Generated: true
[2026-07-29 05:43:06] Research Completed: true
[2026-07-29 05:43:06] Research cycle completed successfully. Result ID: rpt-XAUUSD-ce4406f2
[2026-07-29 05:43:07] Starting research iteration for XAUUSD on H1...
[2026-07-29 05:43:07] MT5 Connected
[2026-07-29 05:43:07] Symbol: XAUUSD
[2026-07-29 05:43:07] Timeframe: H1
[2026-07-29 05:43:07] Candles Received: 10
[2026-07-29 05:43:07] Features Generated: true
[2026-07-29 05:43:07] Research Completed: true
[2026-07-29 05:43:07] Research cycle completed successfully. Result ID: rpt-XAUUSD-dbfb3155
[2026-07-29 05:43:07] Starting research iteration for XAUUSD on H1...
[2026-07-29 05:43:07] MT5 Connected
[2026-07-29 05:43:07] Symbol: XAUUSD
[2026-07-29 05:43:07] Timeframe: H1
[2026-07-29 05:43:07] Candles Received: 10
[2026-07-29 05:43:07] Features Generated: true
[2026-07-29 05:43:07] Research Completed: true
[2026-07-29 05:43:07] Research cycle completed successfully. Result ID: rpt-XAUUSD-a9272a75
[2026-07-29 05:43:09] Starting research iteration for XAUUSD on H1...
[2026-07-29 05:43:09] MT5 Connected
[2026-07-29 05:43:09] Symbol: XAUUSD
[2026-07-29 05:43:09] Timeframe: H1
[2026-07-29 05:43:09] Candles Received: 10
[2026-07-29 05:43:09] Features Generated: true
[2026-07-29 05:43:09] Research Completed: true
[2026-07-29 05:43:09] Research cycle completed successfully. Result ID: rpt-XAUUSD-59f61d34
[2026-07-29 05:43:09] Starting research iteration for XAUUSD on H1...
[2026-07-29 05:43:09] MT5 Connected
[2026-07-29 05:43:09] Symbol: XAUUSD
[2026-07-29 05:43:09] Timeframe: H1
[2026-07-29 05:43:09] Candles Received: 10
[2026-07-29 05:43:09] Features Generated: true
[2026-07-29 05:43:09] Research Completed: true
[2026-07-29 05:43:09] Research cycle completed successfully. Result ID: rpt-XAUUSD-ca0aa65a
[2026-07-29 05:43:10] Starting research iteration for XAUUSD on H1...
[2026-07-29 05:43:10] MT5 Connected
[2026-07-29 05:43:10] Symbol: XAUUSD
[2026-07-29 05:43:10] Timeframe: H1
[2026-07-29 05:43:10] Candles Received: 10
[2026-07-29 05:43:10] Features Generated: true
[2026-07-29 05:43:10] Research Completed: true
[2026-07-29 05:43:10] Research cycle completed successfully. Result ID: rpt-XAUUSD-dbc2eeaf
[2026-07-29 05:43:10] Starting research iteration for XAUUSD on H1...
[2026-07-29 05:43:10] MT5 Connected
[2026-07-29 05:43:10] Symbol: XAUUSD
[2026-07-29 05:43:10] Timeframe: H1
[2026-07-29 05:43:11] Candles Received: 10
[2026-07-29 05:43:11] Features Generated: true
[2026-07-29 05:43:11] Research Completed: true
[2026-07-29 05:43:11] Research cycle completed successfully. Result ID: rpt-XAUUSD-1d4a75fb
[2026-07-29 05:43:12] Starting research iteration for XAUUSD on H1...
[2026-07-29 05:43:12] MT5 Connected
[2026-07-29 05:43:12] Symbol: XAUUSD
[2026-07-29 05:43:12] Timeframe: H1
[2026-07-29 05:43:12] Candles Received: 10
[2026-07-29 05:43:12] Features Generated: true
[2026-07-29 05:43:12] Research Completed: true
[2026-07-29 05:43:12] Research cycle completed successfully. Result ID: rpt-XAUUSD-4ae5aea2
[2026-07-29 05:43:13] Starting research iteration for XAUUSD on H1...
[2026-07-29 05:43:13] MT5 Connected
[2026-07-29 05:43:13] Symbol: XAUUSD
[2026-07-29 05:43:13] Timeframe: H1
[2026-07-29 05:43:13] Candles Received: 10
[2026-07-29 05:43:13] Features Generated: true
[2026-07-29 05:43:13] Research Completed: true
[2026-07-29 05:43:13] Research cycle completed successfully. Result ID: rpt-XAUUSD-fab0bec2
[2026-07-29 05:43:16] Starting research iteration for XAUUSD on H1...
[2026-07-29 05:43:16] MT5 Connected
[2026-07-29 05:43:16] Symbol: XAUUSD
[2026-07-29 05:43:16] Timeframe: H1
[2026-07-29 05:43:16] Candles Received: 10
[2026-07-29 05:43:16] Features Generated: true
[2026-07-29 05:43:16] Research Completed: true
[2026-07-29 05:43:16] Research cycle completed successfully. Result ID: rpt-XAUUSD-f4ae5dd2
[2026-07-29 05:43:16] Starting research iteration for XAUUSD on H1...
[2026-07-29 05:43:16] MT5 Connected
[2026-07-29 05:43:16] Symbol: XAUUSD
[2026-07-29 05:43:16] Timeframe: H1
[2026-07-29 05:43:16] Candles Received: 10
[2026-07-29 05:43:16] Features Generated: true
[2026-07-29 05:43:16] Research Completed: true
[2026-07-29 05:43:16] Research cycle completed successfully. Result ID: rpt-XAUUSD-179c1625
[2026-07-29 05:43:16] Starting research iteration for XAUUSD on H1...
[2026-07-29 05:43:16] MT5 Connected
[2026-07-29 05:43:16] Symbol: XAUUSD
[2026-07-29 05:43:16] Timeframe: H1
[2026-07-29 05:43:16] Candles Received: 10
[2026-07-29 05:43:16] Features Generated: true
[2026-07-29 05:43:16] Research Completed: true
[2026-07-29 05:43:16] Research cycle completed successfully. Result ID: rpt-XAUUSD-f072f3e6
[2026-07-29 05:43:17] Starting research iteration for XAUUSD on H1...
[2026-07-29 05:43:17] MT5 Connected
[2026-07-29 05:43:17] Symbol: XAUUSD
[2026-07-29 05:43:17] Timeframe: H1
[2026-07-29 05:43:17] Candles Received: 10
[2026-07-29 05:43:17] Features Generated: true
[2026-07-29 05:43:17] Research Completed: true
[2026-07-29 05:43:17] Research cycle completed successfully. Result ID: rpt-XAUUSD-d5605804
[2026-07-29 05:43:17] Starting research iteration for XAUUSD on H1...
[2026-07-29 05:43:17] MT5 Connected
[2026-07-29 05:43:17] Symbol: XAUUSD
[2026-07-29 05:43:17] Timeframe: H1
[2026-07-29 05:43:17] Candles Received: 10
[2026-07-29 05:43:17] Features Generated: true
[2026-07-29 05:43:17] Research Completed: true
[2026-07-29 05:43:17] Research cycle completed successfully. Result ID: rpt-XAUUSD-24ec2776
[2026-07-29 05:43:18] Starting research iteration for XAUUSD on H1...
[2026-07-29 05:43:18] MT5 Connected
[2026-07-29 05:43:18] Symbol: XAUUSD
[2026-07-29 05:43:18] Timeframe: H1
[2026-07-29 05:43:18] Candles Received: 10
[2026-07-29 05:43:18] Features Generated: true
[2026-07-29 05:43:18] Research Completed: true
[2026-07-29 05:43:18] Research cycle completed successfully. Result ID: rpt-XAUUSD-e6b0026f
[2026-07-29 05:43:19] Starting research iteration for XAUUSD on H1...
[2026-07-29 05:43:19] MT5 Connected
[2026-07-29 05:43:19] Symbol: XAUUSD
[2026-07-29 05:43:19] Timeframe: H1
[2026-07-29 05:43:19] Candles Received: 10
[2026-07-29 05:43:19] Features Generated: true
[2026-07-29 05:43:19] Research Completed: true
[2026-07-29 05:43:19] Research cycle completed successfully. Result ID: rpt-XAUUSD-af0a8416
[2026-07-29 05:43:19] Starting research iteration for XAUUSD on H1...
[2026-07-29 05:43:19] MT5 Connected
[2026-07-29 05:43:19] Symbol: XAUUSD
[2026-07-29 05:43:19] Timeframe: H1
[2026-07-29 05:43:19] Candles Received: 10
[2026-07-29 05:43:19] Features Generated: true
[2026-07-29 05:43:19] Research Completed: true
[2026-07-29 05:43:19] Research cycle completed successfully. Result ID: rpt-XAUUSD-388a5a38
[2026-07-29 05:43:19] Starting research iteration for XAUUSD on H1...
[2026-07-29 05:43:19] MT5 Connected
[2026-07-29 05:43:19] Symbol: XAUUSD
[2026-07-29 05:43:19] Timeframe: H1
[2026-07-29 05:43:19] Candles Received: 10
[2026-07-29 05:43:19] Features Generated: true
[2026-07-29 05:43:19] Research Completed: true
[2026-07-29 05:43:19] Research cycle completed successfully. Result ID: rpt-XAUUSD-0c8a7647
[2026-07-29 05:43:20] Starting research iteration for XAUUSD on H1...
[2026-07-29 05:43:20] MT5 Connected
[2026-07-29 05:43:20] Symbol: XAUUSD
[2026-07-29 05:43:20] Timeframe: H1
[2026-07-29 05:43:20] Candles Received: 10
[2026-07-29 05:43:20] Features Generated: true
[2026-07-29 05:43:20] Research Completed: true
[2026-07-29 05:43:20] Research cycle completed successfully. Result ID: rpt-XAUUSD-159ca1ab
[2026-07-29 05:43:21] Starting research iteration for XAUUSD on H1...
[2026-07-29 05:43:21] MT5 Connected
[2026-07-29 05:43:21] Symbol: XAUUSD
[2026-07-29 05:43:21] Timeframe: H1
[2026-07-29 05:43:21] Candles Received: 10
[2026-07-29 05:43:21] Features Generated: true
[2026-07-29 05:43:21] Research Completed: true
[2026-07-29 05:43:21] Research cycle completed successfully. Result ID: rpt-XAUUSD-ac93e5a7
[2026-07-29 05:43:22] Starting research iteration for XAUUSD on H1...
[2026-07-29 05:43:22] MT5 Connected
[2026-07-29 05:43:22] Symbol: XAUUSD
[2026-07-29 05:43:22] Timeframe: H1
[2026-07-29 05:43:22] Candles Received: 10
[2026-07-29 05:43:22] Starting research iteration for XAUUSD on H1...
[2026-07-29 05:43:22] Features Generated: true
[2026-07-29 05:43:22] Research Completed: true
[2026-07-29 05:43:22] MT5 Connected
[2026-07-29 05:43:22] Research cycle completed successfully. Result ID: rpt-XAUUSD-5a1ea8fb
[2026-07-29 05:43:22] Symbol: XAUUSD
[2026-07-29 05:43:22] Timeframe: H1
[2026-07-29 05:43:22] Candles Received: 10
[2026-07-29 05:43:22] Features Generated: true
[2026-07-29 05:43:22] Research Completed: true
[2026-07-29 05:43:22] Research cycle completed successfully. Result ID: rpt-XAUUSD-15a23f22
[2026-07-29 05:43:24] Starting research iteration for XAUUSD on H1...
[2026-07-29 05:43:24] MT5 Connected
[2026-07-29 05:43:24] Symbol: XAUUSD
[2026-07-29 05:43:24] Timeframe: H1
[2026-07-29 05:43:24] Candles Received: 10
[2026-07-29 05:43:24] Features Generated: true
[2026-07-29 05:43:24] Research Completed: true
[2026-07-29 05:43:24] Research cycle completed successfully. Result ID: rpt-XAUUSD-43089c83
[2026-07-29 05:43:24] Starting research iteration for XAUUSD on H1...
[2026-07-29 05:43:24] MT5 Connected
[2026-07-29 05:43:24] Symbol: XAUUSD
[2026-07-29 05:43:24] Timeframe: H1
[2026-07-29 05:43:24] Candles Received: 10
[2026-07-29 05:43:24] Features Generated: true
[2026-07-29 05:43:24] Research Completed: true
[2026-07-29 05:43:24] Research cycle completed successfully. Result ID: rpt-XAUUSD-3d229ae7
[2026-07-29 05:43:25] Starting research iteration for XAUUSD on H1...
[2026-07-29 05:43:25] MT5 Connected
[2026-07-29 05:43:25] Symbol: XAUUSD
[2026-07-29 05:43:25] Timeframe: H1
[2026-07-29 05:43:25] Candles Received: 10
[2026-07-29 05:43:25] Features Generated: true
[2026-07-29 05:43:25] Research Completed: true
[2026-07-29 05:43:25] Research cycle completed successfully. Result ID: rpt-XAUUSD-7bd79809
[2026-07-29 05:43:26] Starting research iteration for XAUUSD on H1...
[2026-07-29 05:43:26] MT5 Connected
[2026-07-29 05:43:26] Symbol: XAUUSD
[2026-07-29 05:43:26] Timeframe: H1
[2026-07-29 05:43:26] Candles Received: 10
[2026-07-29 05:43:26] Features Generated: true
[2026-07-29 05:43:26] Research Completed: true
[2026-07-29 05:43:26] Research cycle completed successfully. Result ID: rpt-XAUUSD-a280292d
[2026-07-29 05:43:27] Starting research iteration for XAUUSD on H1...
[2026-07-29 05:43:27] MT5 Connected
[2026-07-29 05:43:27] Symbol: XAUUSD
[2026-07-29 05:43:27] Timeframe: H1
[2026-07-29 05:43:27] Candles Received: 10
[2026-07-29 05:43:27] Features Generated: true
[2026-07-29 05:43:27] Research Completed: true
[2026-07-29 05:43:27] Research cycle completed successfully. Result ID: rpt-XAUUSD-8575bdd4
[2026-07-29 05:43:28] Starting research iteration for XAUUSD on H1...
[2026-07-29 05:43:28] MT5 Connected
[2026-07-29 05:43:28] Symbol: XAUUSD
[2026-07-29 05:43:28] Timeframe: H1
[2026-07-29 05:43:28] Candles Received: 10
[2026-07-29 05:43:28] Features Generated: true
[2026-07-29 05:43:28] Research Completed: true
[2026-07-29 05:43:28] Research cycle completed successfully. Result ID: rpt-XAUUSD-c90f5c0b
[2026-07-29 05:43:31] Starting research iteration for XAUUSD on H1...
[2026-07-29 05:43:31] MT5 Connected
[2026-07-29 05:43:31] Symbol: XAUUSD
[2026-07-29 05:43:31] Timeframe: H1
[2026-07-29 05:43:31] Candles Received: 10
[2026-07-29 05:43:31] Features Generated: true
[2026-07-29 05:43:31] Research Completed: true
[2026-07-29 05:43:31] Research cycle completed successfully. Result ID: rpt-XAUUSD-749a6bc3
[2026-07-29 05:43:31] Starting research iteration for XAUUSD on H1...
[2026-07-29 05:43:31] MT5 Connected
[2026-07-29 05:43:31] Symbol: XAUUSD
[2026-07-29 05:43:31] Timeframe: H1
[2026-07-29 05:43:31] Candles Received: 10
[2026-07-29 05:43:31] Features Generated: true
[2026-07-29 05:43:31] Research Completed: true
[2026-07-29 05:43:31] Research cycle completed successfully. Result ID: rpt-XAUUSD-b3bef026
[2026-07-29 05:43:31] Starting research iteration for XAUUSD on H1...
[2026-07-29 05:43:31] MT5 Connected
[2026-07-29 05:43:31] Symbol: XAUUSD
[2026-07-29 05:43:31] Timeframe: H1
[2026-07-29 05:43:31] Candles Received: 10
[2026-07-29 05:43:31] Features Generated: true
[2026-07-29 05:43:31] Research Completed: true
[2026-07-29 05:43:31] Research cycle completed successfully. Result ID: rpt-XAUUSD-1189479e
[2026-07-29 05:43:32] Starting research iteration for XAUUSD on H1...
[2026-07-29 05:43:32] MT5 Connected
[2026-07-29 05:43:32] Symbol: XAUUSD
[2026-07-29 05:43:32] Timeframe: H1
[2026-07-29 05:43:32] Candles Received: 10
[2026-07-29 05:43:32] Features Generated: true
[2026-07-29 05:43:32] Research Completed: true
[2026-07-29 05:43:32] Research cycle completed successfully. Result ID: rpt-XAUUSD-ebff261c
[2026-07-29 05:43:32] Starting research iteration for XAUUSD on H1...
[2026-07-29 05:43:32] MT5 Connected
[2026-07-29 05:43:32] Symbol: XAUUSD
[2026-07-29 05:43:32] Timeframe: H1
[2026-07-29 05:43:32] Candles Received: 10
[2026-07-29 05:43:32] Features Generated: true
[2026-07-29 05:43:32] Research Completed: true
[2026-07-29 05:43:32] Research cycle completed successfully. Result ID: rpt-XAUUSD-a4affe54
[2026-07-29 05:43:32] Starting research iteration for XAUUSD on H1...
[2026-07-29 05:43:32] MT5 Connected
[2026-07-29 05:43:32] Symbol: XAUUSD
[2026-07-29 05:43:32] Timeframe: H1
[2026-07-29 05:43:32] Candles Received: 10
[2026-07-29 05:43:32] Features Generated: true
[2026-07-29 05:43:32] Research Completed: true
[2026-07-29 05:43:32] Research cycle completed successfully. Result ID: rpt-XAUUSD-7b15223f
[2026-07-29 05:43:33] Starting research iteration for XAUUSD on H1...
[2026-07-29 05:43:33] MT5 Connected
[2026-07-29 05:43:33] Symbol: XAUUSD
[2026-07-29 05:43:33] Timeframe: H1
[2026-07-29 05:43:33] Candles Received: 10
[2026-07-29 05:43:33] Features Generated: true
[2026-07-29 05:43:33] Research Completed: true
[2026-07-29 05:43:33] Research cycle completed successfully. Result ID: rpt-XAUUSD-c3f99ef7
[2026-07-29 05:43:34] Starting research iteration for XAUUSD on H1...
[2026-07-29 05:43:34] MT5 Connected
[2026-07-29 05:43:34] Symbol: XAUUSD
[2026-07-29 05:43:34] Timeframe: H1
[2026-07-29 05:43:34] Candles Received: 10
[2026-07-29 05:43:34] Features Generated: true
[2026-07-29 05:43:34] Research Completed: true
[2026-07-29 05:43:34] Research cycle completed successfully. Result ID: rpt-XAUUSD-65ea4e6c
[2026-07-29 05:43:34] Starting research iteration for XAUUSD on H1...
[2026-07-29 05:43:34] MT5 Connected
[2026-07-29 05:43:34] Symbol: XAUUSD
[2026-07-29 05:43:34] Timeframe: H1
[2026-07-29 05:43:34] Candles Received: 10
[2026-07-29 05:43:34] Features Generated: true
[2026-07-29 05:43:34] Research Completed: true
[2026-07-29 05:43:34] Research cycle completed successfully. Result ID: rpt-XAUUSD-39f82c84
[2026-07-29 05:43:34] Starting research iteration for XAUUSD on H1...
[2026-07-29 05:43:34] MT5 Connected
[2026-07-29 05:43:34] Symbol: XAUUSD
[2026-07-29 05:43:34] Timeframe: H1
[2026-07-29 05:43:34] Candles Received: 10
[2026-07-29 05:43:34] Features Generated: true
[2026-07-29 05:43:34] Research Completed: true
[2026-07-29 05:43:34] Research cycle completed successfully. Result ID: rpt-XAUUSD-7f5801a1
[2026-07-29 05:43:35] Starting research iteration for XAUUSD on H1...
[2026-07-29 05:43:35] MT5 Connected
[2026-07-29 05:43:35] Symbol: XAUUSD
[2026-07-29 05:43:35] Timeframe: H1
[2026-07-29 05:43:35] Candles Received: 10
[2026-07-29 05:43:35] Features Generated: true
[2026-07-29 05:43:35] Research Completed: true
[2026-07-29 05:43:35] Research cycle completed successfully. Result ID: rpt-XAUUSD-a3c1e42f
[2026-07-29 05:43:37] Starting research iteration for XAUUSD on H1...
[2026-07-29 05:43:37] MT5 Connected
[2026-07-29 05:43:37] Symbol: XAUUSD
[2026-07-29 05:43:37] Timeframe: H1
[2026-07-29 05:43:37] Candles Received: 10
[2026-07-29 05:43:37] Starting research iteration for XAUUSD on H1...
[2026-07-29 05:43:37] Features Generated: true
[2026-07-29 05:43:37] MT5 Connected
[2026-07-29 05:43:37] Research Completed: true
[2026-07-29 05:43:37] Symbol: XAUUSD
[2026-07-29 05:43:37] Research cycle completed successfully. Result ID: rpt-XAUUSD-056a666a
[2026-07-29 05:43:37] Timeframe: H1
[2026-07-29 05:43:37] Candles Received: 10
[2026-07-29 05:43:37] Features Generated: true
[2026-07-29 05:43:37] Research Completed: true
[2026-07-29 05:43:37] Research cycle completed successfully. Result ID: rpt-XAUUSD-88848f98
[2026-07-29 05:43:39] Starting research iteration for XAUUSD on H1...
[2026-07-29 05:43:39] MT5 Connected
[2026-07-29 05:43:39] Symbol: XAUUSD
[2026-07-29 05:43:39] Timeframe: H1
[2026-07-29 05:43:39] Candles Received: 10
[2026-07-29 05:43:39] Features Generated: true
[2026-07-29 05:43:39] Research Completed: true
[2026-07-29 05:43:39] Research cycle completed successfully. Result ID: rpt-XAUUSD-be50ded3
[2026-07-29 05:43:39] Starting research iteration for XAUUSD on H1...
[2026-07-29 05:43:39] MT5 Connected
[2026-07-29 05:43:39] Symbol: XAUUSD
[2026-07-29 05:43:39] Timeframe: H1
[2026-07-29 05:43:39] Candles Received: 10
[2026-07-29 05:43:39] Features Generated: true
[2026-07-29 05:43:39] Research Completed: true
[2026-07-29 05:43:39] Research cycle completed successfully. Result ID: rpt-XAUUSD-18f33d85
[2026-07-29 05:43:40] Starting research iteration for XAUUSD on H1...
[2026-07-29 05:43:40] MT5 Connected
[2026-07-29 05:43:40] Symbol: XAUUSD
[2026-07-29 05:43:40] Timeframe: H1
[2026-07-29 05:43:40] Candles Received: 10
[2026-07-29 05:43:40] Features Generated: true
[2026-07-29 05:43:40] Research Completed: true
[2026-07-29 05:43:40] Research cycle completed successfully. Result ID: rpt-XAUUSD-7cd60b31
[2026-07-29 05:43:41] Starting research iteration for XAUUSD on H1...
[2026-07-29 05:43:41] MT5 Connected
[2026-07-29 05:43:41] Symbol: XAUUSD
[2026-07-29 05:43:41] Timeframe: H1
[2026-07-29 05:43:41] Candles Received: 10
[2026-07-29 05:43:41] Features Generated: true
[2026-07-29 05:43:41] Research Completed: true
[2026-07-29 05:43:41] Research cycle completed successfully. Result ID: rpt-XAUUSD-c3f23c68
[2026-07-29 05:43:42] Starting research iteration for XAUUSD on H1...
[2026-07-29 05:43:42] MT5 Connected
[2026-07-29 05:43:42] Symbol: XAUUSD
[2026-07-29 05:43:42] Timeframe: H1
[2026-07-29 05:43:42] Candles Received: 10
[2026-07-29 05:43:42] Features Generated: true
[2026-07-29 05:43:42] Research Completed: true
[2026-07-29 05:43:42] Research cycle completed successfully. Result ID: rpt-XAUUSD-9c714450
[2026-07-29 05:43:43] Starting research iteration for XAUUSD on H1...
[2026-07-29 05:43:43] MT5 Connected
[2026-07-29 05:43:43] Symbol: XAUUSD
[2026-07-29 05:43:43] Timeframe: H1
[2026-07-29 05:43:43] Candles Received: 10
[2026-07-29 05:43:43] Features Generated: true
[2026-07-29 05:43:43] Research Completed: true
[2026-07-29 05:43:43] Research cycle completed successfully. Result ID: rpt-XAUUSD-d250f45a
[2026-07-29 05:43:46] Starting research iteration for XAUUSD on H1...
[2026-07-29 05:43:46] MT5 Connected
[2026-07-29 05:43:46] Symbol: XAUUSD
[2026-07-29 05:43:46] Timeframe: H1
[2026-07-29 05:43:46] Candles Received: 10
[2026-07-29 05:43:46] Features Generated: true
[2026-07-29 05:43:46] Research Completed: true
[2026-07-29 05:43:46] Research cycle completed successfully. Result ID: rpt-XAUUSD-b61d7ae5
[2026-07-29 05:43:46] Starting research iteration for XAUUSD on H1...
[2026-07-29 05:43:46] MT5 Connected
[2026-07-29 05:43:46] Symbol: XAUUSD
[2026-07-29 05:43:46] Timeframe: H1
[2026-07-29 05:43:46] Candles Received: 10
[2026-07-29 05:43:46] Features Generated: true
[2026-07-29 05:43:46] Research Completed: true
[2026-07-29 05:43:46] Research cycle completed successfully. Result ID: rpt-XAUUSD-5700218a
[2026-07-29 05:43:46] Starting research iteration for XAUUSD on H1...
[2026-07-29 05:43:46] MT5 Connected
[2026-07-29 05:43:46] Symbol: XAUUSD
[2026-07-29 05:43:46] Timeframe: H1
[2026-07-29 05:43:46] Candles Received: 10
[2026-07-29 05:43:46] Features Generated: true
[2026-07-29 05:43:46] Research Completed: true
[2026-07-29 05:43:46] Research cycle completed successfully. Result ID: rpt-XAUUSD-f14eff48
[2026-07-29 05:43:47] Starting research iteration for XAUUSD on H1...
[2026-07-29 05:43:47] MT5 Connected
[2026-07-29 05:43:47] Symbol: XAUUSD
[2026-07-29 05:43:47] Timeframe: H1
[2026-07-29 05:43:47] Candles Received: 10
[2026-07-29 05:43:47] Features Generated: true
[2026-07-29 05:43:47] Research Completed: true
[2026-07-29 05:43:47] Research cycle completed successfully. Result ID: rpt-XAUUSD-ee762c9c
[2026-07-29 05:43:47] Starting research iteration for XAUUSD on H1...
[2026-07-29 05:43:47] MT5 Connected
[2026-07-29 05:43:47] Symbol: XAUUSD
[2026-07-29 05:43:47] Timeframe: H1
[2026-07-29 05:43:47] Candles Received: 10
[2026-07-29 05:43:47] Features Generated: true
[2026-07-29 05:43:47] Research Completed: true
[2026-07-29 05:43:47] Research cycle completed successfully. Result ID: rpt-XAUUSD-91498b68
[2026-07-29 05:43:47] Starting research iteration for XAUUSD on H1...
[2026-07-29 05:43:47] MT5 Connected
[2026-07-29 05:43:47] Symbol: XAUUSD
[2026-07-29 05:43:47] Timeframe: H1
[2026-07-29 05:43:47] Candles Received: 10
[2026-07-29 05:43:47] Features Generated: true
[2026-07-29 05:43:47] Research Completed: true
[2026-07-29 05:43:47] Research cycle completed successfully. Result ID: rpt-XAUUSD-4f58615a
[2026-07-29 05:43:48] Starting research iteration for XAUUSD on H1...
[2026-07-29 05:43:48] MT5 Connected
[2026-07-29 05:43:48] Symbol: XAUUSD
[2026-07-29 05:43:48] Timeframe: H1
[2026-07-29 05:43:48] Candles Received: 10
[2026-07-29 05:43:48] Features Generated: true
[2026-07-29 05:43:48] Research Completed: true
[2026-07-29 05:43:48] Research cycle completed successfully. Result ID: rpt-XAUUSD-0ebe7a44
[2026-07-29 05:43:49] Starting research iteration for XAUUSD on H1...
[2026-07-29 05:43:49] MT5 Connected
[2026-07-29 05:43:49] Symbol: XAUUSD
[2026-07-29 05:43:49] Timeframe: H1
[2026-07-29 05:43:49] Candles Received: 10
[2026-07-29 05:43:49] Features Generated: true
[2026-07-29 05:43:49] Research Completed: true
[2026-07-29 05:43:49] Research cycle completed successfully. Result ID: rpt-XAUUSD-8a3501a7
[2026-07-29 05:43:49] Starting research iteration for XAUUSD on H1...
[2026-07-29 05:43:49] MT5 Connected
[2026-07-29 05:43:49] Symbol: XAUUSD
[2026-07-29 05:43:49] Timeframe: H1
[2026-07-29 05:43:49] Candles Received: 10
[2026-07-29 05:43:49] Features Generated: true
[2026-07-29 05:43:49] Research Completed: true
[2026-07-29 05:43:49] Research cycle completed successfully. Result ID: rpt-XAUUSD-283ba14b
[2026-07-29 05:43:49] Starting research iteration for XAUUSD on H1...
[2026-07-29 05:43:49] MT5 Connected
[2026-07-29 05:43:49] Symbol: XAUUSD
[2026-07-29 05:43:49] Timeframe: H1
[2026-07-29 05:43:49] Candles Received: 10
[2026-07-29 05:43:49] Features Generated: true
[2026-07-29 05:43:49] Research Completed: true
[2026-07-29 05:43:49] Research cycle completed successfully. Result ID: rpt-XAUUSD-fe89dc3e
[2026-07-29 05:43:50] Starting research iteration for XAUUSD on H1...
[2026-07-29 05:43:50] MT5 Connected
[2026-07-29 05:43:50] Symbol: XAUUSD
[2026-07-29 05:43:50] Timeframe: H1
[2026-07-29 05:43:50] Candles Received: 10
[2026-07-29 05:43:50] Features Generated: true
[2026-07-29 05:43:50] Research Completed: true
[2026-07-29 05:43:50] Research cycle completed successfully. Result ID: rpt-XAUUSD-e3285c70
[2026-07-29 05:43:52] Starting research iteration for XAUUSD on H1...
[2026-07-29 05:43:52] Starting research iteration for XAUUSD on H1...
[2026-07-29 05:43:52] MT5 Connected
[2026-07-29 05:43:52] MT5 Connected
[2026-07-29 05:43:52] Symbol: XAUUSD
[2026-07-29 05:43:52] Timeframe: H1
[2026-07-29 05:43:52] Symbol: XAUUSD
[2026-07-29 05:43:52] Timeframe: H1
[2026-07-29 05:43:52] Candles Received: 10
[2026-07-29 05:43:52] Candles Received: 10
[2026-07-29 05:43:52] Features Generated: true
[2026-07-29 05:43:52] Research Completed: true
[2026-07-29 05:43:52] Research cycle completed successfully. Result ID: rpt-XAUUSD-e86c1b2a
[2026-07-29 05:43:52] Features Generated: true
[2026-07-29 05:43:52] Research Completed: true
[2026-07-29 05:43:52] Research cycle completed successfully. Result ID: rpt-XAUUSD-75174dd6
[2026-07-29 05:43:54] Starting research iteration for XAUUSD on H1...
[2026-07-29 05:43:54] MT5 Connected
[2026-07-29 05:43:54] Symbol: XAUUSD
[2026-07-29 05:43:54] Timeframe: H1
[2026-07-29 05:43:54] Candles Received: 10
[2026-07-29 05:43:54] Features Generated: true
[2026-07-29 05:43:54] Research Completed: true
[2026-07-29 05:43:54] Research cycle completed successfully. Result ID: rpt-XAUUSD-937dc7b7
[2026-07-29 05:43:54] Starting research iteration for XAUUSD on H1...
[2026-07-29 05:43:54] MT5 Connected
[2026-07-29 05:43:54] Symbol: XAUUSD
[2026-07-29 05:43:54] Timeframe: H1
[2026-07-29 05:43:54] Candles Received: 10
[2026-07-29 05:43:54] Features Generated: true
[2026-07-29 05:43:54] Research Completed: true
[2026-07-29 05:43:54] Research cycle completed successfully. Result ID: rpt-XAUUSD-8979ef51
[2026-07-29 05:43:55] Starting research iteration for XAUUSD on H1...
[2026-07-29 05:43:55] MT5 Connected
[2026-07-29 05:43:55] Symbol: XAUUSD
[2026-07-29 05:43:55] Timeframe: H1
[2026-07-29 05:43:55] Candles Received: 10
[2026-07-29 05:43:55] Features Generated: true
[2026-07-29 05:43:55] Research Completed: true
[2026-07-29 05:43:55] Research cycle completed successfully. Result ID: rpt-XAUUSD-5e2eb3d7
[2026-07-29 05:43:55] Starting research iteration for XAUUSD on H1...
[2026-07-29 05:43:55] MT5 Connected
[2026-07-29 05:43:55] Symbol: XAUUSD
[2026-07-29 05:43:55] Timeframe: H1
[2026-07-29 05:43:55] Candles Received: 10
[2026-07-29 05:43:55] Features Generated: true
[2026-07-29 05:43:55] Research Completed: true
[2026-07-29 05:43:55] Research cycle completed successfully. Result ID: rpt-XAUUSD-787f0550
[2026-07-29 05:43:56] Starting research iteration for XAUUSD on H1...
[2026-07-29 05:43:56] MT5 Connected
[2026-07-29 05:43:56] Symbol: XAUUSD
[2026-07-29 05:43:56] Timeframe: H1
[2026-07-29 05:43:56] Candles Received: 10
[2026-07-29 05:43:56] Features Generated: true
[2026-07-29 05:43:56] Research Completed: true
[2026-07-29 05:43:56] Research cycle completed successfully. Result ID: rpt-XAUUSD-d3090278
[2026-07-29 05:43:57] Starting research iteration for XAUUSD on H1...
[2026-07-29 05:43:57] MT5 Connected
[2026-07-29 05:43:57] Symbol: XAUUSD
[2026-07-29 05:43:57] Timeframe: H1
[2026-07-29 05:43:57] Candles Received: 10
[2026-07-29 05:43:57] Features Generated: true
[2026-07-29 05:43:57] Research Completed: true
[2026-07-29 05:43:57] Research cycle completed successfully. Result ID: rpt-XAUUSD-5758f2d3
[2026-07-29 05:43:57] Starting research iteration for XAUUSD on H1...
[2026-07-29 05:43:57] MT5 Connected
[2026-07-29 05:43:57] Symbol: XAUUSD
[2026-07-29 05:43:57] Timeframe: H1
[2026-07-29 05:43:57] Candles Received: 10
[2026-07-29 05:43:57] Features Generated: true
[2026-07-29 05:43:57] Research Completed: true
[2026-07-29 05:43:57] Research cycle completed successfully. Result ID: rpt-XAUUSD-49aa32c1
[2026-07-29 05:43:58] Starting research iteration for XAUUSD on H1...
[2026-07-29 05:43:58] MT5 Connected
[2026-07-29 05:43:58] Symbol: XAUUSD
[2026-07-29 05:43:58] Timeframe: H1
[2026-07-29 05:43:58] Candles Received: 10
[2026-07-29 05:43:58] Features Generated: true
[2026-07-29 05:43:58] Research Completed: true
[2026-07-29 05:43:58] Research cycle completed successfully. Result ID: rpt-XAUUSD-33bec1b1
[2026-07-29 05:44:01] Starting research iteration for XAUUSD on H1...
[2026-07-29 05:44:01] MT5 Connected
[2026-07-29 05:44:01] Symbol: XAUUSD
[2026-07-29 05:44:01] Timeframe: H1
[2026-07-29 05:44:01] Candles Received: 10
[2026-07-29 05:44:01] Features Generated: true
[2026-07-29 05:44:01] Research Completed: true
[2026-07-29 05:44:01] Research cycle completed successfully. Result ID: rpt-XAUUSD-f2d447b7
[2026-07-29 05:44:01] Starting research iteration for XAUUSD on H1...
[2026-07-29 05:44:01] MT5 Connected
[2026-07-29 05:44:01] Symbol: XAUUSD
[2026-07-29 05:44:01] Timeframe: H1
[2026-07-29 05:44:01] Candles Received: 10
[2026-07-29 05:44:01] Features Generated: true
[2026-07-29 05:44:01] Research Completed: true
[2026-07-29 05:44:01] Research cycle completed successfully. Result ID: rpt-XAUUSD-998a5bf1
[2026-07-29 05:44:02] Starting research iteration for XAUUSD on H1...
[2026-07-29 05:44:02] MT5 Connected
[2026-07-29 05:44:02] Symbol: XAUUSD
[2026-07-29 05:44:02] Timeframe: H1
[2026-07-29 05:44:02] Candles Received: 10
[2026-07-29 05:44:02] Features Generated: true
[2026-07-29 05:44:02] Research Completed: true
[2026-07-29 05:44:02] Research cycle completed successfully. Result ID: rpt-XAUUSD-dccff6e5
[2026-07-29 05:44:02] Starting research iteration for XAUUSD on H1...
[2026-07-29 05:44:02] MT5 Connected
[2026-07-29 05:44:02] Symbol: XAUUSD
[2026-07-29 05:44:02] Timeframe: H1
[2026-07-29 05:44:02] Candles Received: 10
[2026-07-29 05:44:02] Features Generated: true
[2026-07-29 05:44:02] Research Completed: true
[2026-07-29 05:44:02] Research cycle completed successfully. Result ID: rpt-XAUUSD-b2a5309f
[2026-07-29 05:44:02] Starting research iteration for XAUUSD on H1...
[2026-07-29 05:44:02] MT5 Connected
[2026-07-29 05:44:02] Symbol: XAUUSD
[2026-07-29 05:44:02] Timeframe: H1
[2026-07-29 05:44:02] Candles Received: 10
[2026-07-29 05:44:02] Features Generated: true
[2026-07-29 05:44:02] Research Completed: true
[2026-07-29 05:44:02] Research cycle completed successfully. Result ID: rpt-XAUUSD-90983fc5
[2026-07-29 05:44:04] Starting research iteration for XAUUSD on H1...
[2026-07-29 05:44:04] MT5 Connected
[2026-07-29 05:44:04] Symbol: XAUUSD
[2026-07-29 05:44:04] Timeframe: H1
[2026-07-29 05:44:04] Candles Received: 10
[2026-07-29 05:44:04] Features Generated: true
[2026-07-29 05:44:04] Research Completed: true
[2026-07-29 05:44:04] Research cycle completed successfully. Result ID: rpt-XAUUSD-0679ba50
[2026-07-29 05:44:04] Starting research iteration for XAUUSD on H1...
[2026-07-29 05:44:04] MT5 Connected
[2026-07-29 05:44:04] Symbol: XAUUSD
[2026-07-29 05:44:04] Timeframe: H1
[2026-07-29 05:44:04] Candles Received: 10
[2026-07-29 05:44:04] Features Generated: true
[2026-07-29 05:44:04] Research Completed: true
[2026-07-29 05:44:04] Research cycle completed successfully. Result ID: rpt-XAUUSD-516a6187
[2026-07-29 05:44:05] Starting research iteration for XAUUSD on H1...
[2026-07-29 05:44:05] MT5 Connected
[2026-07-29 05:44:05] Symbol: XAUUSD
[2026-07-29 05:44:05] Timeframe: H1
[2026-07-29 05:44:05] Candles Received: 10
[2026-07-29 05:44:05] Features Generated: true
[2026-07-29 05:44:05] Research Completed: true
[2026-07-29 05:44:05] Research cycle completed successfully. Result ID: rpt-XAUUSD-a8a44a28
[2026-07-29 05:44:07] Starting research iteration for XAUUSD on H1...
[2026-07-29 05:44:07] MT5 Connected
[2026-07-29 05:44:07] Symbol: XAUUSD
[2026-07-29 05:44:07] Timeframe: H1
[2026-07-29 05:44:07] Candles Received: 10
[2026-07-29 05:44:07] Features Generated: true
[2026-07-29 05:44:07] Research Completed: true
[2026-07-29 05:44:07] Research cycle completed successfully. Result ID: rpt-XAUUSD-7b11278f
[2026-07-29 05:44:07] Starting research iteration for XAUUSD on H1...
[2026-07-29 05:44:07] MT5 Connected
[2026-07-29 05:44:07] Symbol: XAUUSD
[2026-07-29 05:44:07] Timeframe: H1
[2026-07-29 05:44:07] Candles Received: 10
[2026-07-29 05:44:07] Features Generated: true
[2026-07-29 05:44:07] Research Completed: true
[2026-07-29 05:44:07] Research cycle completed successfully. Result ID: rpt-XAUUSD-99a484e5
[2026-07-29 05:44:09] Starting research iteration for XAUUSD on H1...
[2026-07-29 05:44:09] MT5 Connected
[2026-07-29 05:44:09] Symbol: XAUUSD
[2026-07-29 05:44:09] Timeframe: H1
[2026-07-29 05:44:09] Candles Received: 10
[2026-07-29 05:44:09] Features Generated: true
[2026-07-29 05:44:09] Research Completed: true
[2026-07-29 05:44:09] Research cycle completed successfully. Result ID: rpt-XAUUSD-f83b6976
[2026-07-29 05:44:09] Starting research iteration for XAUUSD on H1...
[2026-07-29 05:44:09] MT5 Connected
[2026-07-29 05:44:09] Symbol: XAUUSD
[2026-07-29 05:44:09] Timeframe: H1
[2026-07-29 05:44:09] Candles Received: 10
[2026-07-29 05:44:09] Features Generated: true
[2026-07-29 05:44:09] Research Completed: true
[2026-07-29 05:44:09] Research cycle completed successfully. Result ID: rpt-XAUUSD-387368ac
[2026-07-29 05:44:09] Starting research iteration for XAUUSD on H1...
[2026-07-29 05:44:09] MT5 Connected
[2026-07-29 05:44:09] Symbol: XAUUSD
[2026-07-29 05:44:09] Timeframe: H1
[2026-07-29 05:44:09] Candles Received: 10
[2026-07-29 05:44:09] Features Generated: true
[2026-07-29 05:44:09] Research Completed: true
[2026-07-29 05:44:09] Research cycle completed successfully. Result ID: rpt-XAUUSD-fc145357
[2026-07-29 05:44:10] Starting research iteration for XAUUSD on H1...
[2026-07-29 05:44:10] MT5 Connected
[2026-07-29 05:44:10] Symbol: XAUUSD
[2026-07-29 05:44:10] Timeframe: H1
[2026-07-29 05:44:10] Candles Received: 10
[2026-07-29 05:44:10] Features Generated: true
[2026-07-29 05:44:10] Research Completed: true
[2026-07-29 05:44:10] Research cycle completed successfully. Result ID: rpt-XAUUSD-0b971d46
[2026-07-29 05:44:10] Starting research iteration for XAUUSD on H1...
[2026-07-29 05:44:10] MT5 Connected
[2026-07-29 05:44:10] Symbol: XAUUSD
[2026-07-29 05:44:10] Timeframe: H1
[2026-07-29 05:44:10] Candles Received: 10
[2026-07-29 05:44:10] Features Generated: true
[2026-07-29 05:44:10] Research Completed: true
[2026-07-29 05:44:10] Research cycle completed successfully. Result ID: rpt-XAUUSD-ab33da6d
[2026-07-29 05:44:11] Starting research iteration for XAUUSD on H1...
[2026-07-29 05:44:11] MT5 Connected
[2026-07-29 05:44:11] Symbol: XAUUSD
[2026-07-29 05:44:11] Timeframe: H1
[2026-07-29 05:44:11] Candles Received: 10
[2026-07-29 05:44:11] Features Generated: true
[2026-07-29 05:44:11] Research Completed: true
[2026-07-29 05:44:11] Research cycle completed successfully. Result ID: rpt-XAUUSD-3c73cc96
[2026-07-29 05:44:12] Starting research iteration for XAUUSD on H1...
[2026-07-29 05:44:12] MT5 Connected
[2026-07-29 05:44:12] Symbol: XAUUSD
[2026-07-29 05:44:12] Timeframe: H1
[2026-07-29 05:44:12] Candles Received: 10
[2026-07-29 05:44:12] Features Generated: true
[2026-07-29 05:44:12] Research Completed: true
[2026-07-29 05:44:12] Research cycle completed successfully. Result ID: rpt-XAUUSD-6cb9168a
[2026-07-29 05:44:12] Starting research iteration for XAUUSD on H1...
[2026-07-29 05:44:12] MT5 Connected
[2026-07-29 05:44:12] Symbol: XAUUSD
[2026-07-29 05:44:12] Timeframe: H1
[2026-07-29 05:44:12] Candles Received: 10
[2026-07-29 05:44:12] Features Generated: true
[2026-07-29 05:44:12] Research Completed: true
[2026-07-29 05:44:12] Research cycle completed successfully. Result ID: rpt-XAUUSD-1a5d8c8c
[2026-07-29 05:44:13] Starting research iteration for XAUUSD on H1...
[2026-07-29 05:44:13] MT5 Connected
[2026-07-29 05:44:13] Symbol: XAUUSD
[2026-07-29 05:44:13] Timeframe: H1
[2026-07-29 05:44:13] Candles Received: 10
[2026-07-29 05:44:13] Features Generated: true
[2026-07-29 05:44:13] Research Completed: true
[2026-07-29 05:44:13] Research cycle completed successfully. Result ID: rpt-XAUUSD-f2665a0f
[2026-07-29 05:44:14] Starting research iteration for XAUUSD on H1...
[2026-07-29 05:44:14] MT5 Connected
[2026-07-29 05:44:14] Symbol: XAUUSD
[2026-07-29 05:44:14] Timeframe: H1
[2026-07-29 05:44:14] Candles Received: 10
[2026-07-29 05:44:14] Features Generated: true
[2026-07-29 05:44:14] Research Completed: true
[2026-07-29 05:44:14] Research cycle completed successfully. Result ID: rpt-XAUUSD-b971a4df
[2026-07-29 05:44:16] Starting research iteration for XAUUSD on H1...
[2026-07-29 05:44:16] MT5 Connected
[2026-07-29 05:44:16] Symbol: XAUUSD
[2026-07-29 05:44:16] Timeframe: H1
[2026-07-29 05:44:16] Candles Received: 10
[2026-07-29 05:44:16] Features Generated: true
[2026-07-29 05:44:16] Research Completed: true
[2026-07-29 05:44:16] Research cycle completed successfully. Result ID: rpt-XAUUSD-a8852568
[2026-07-29 05:44:16] Starting research iteration for XAUUSD on H1...
[2026-07-29 05:44:16] MT5 Connected
[2026-07-29 05:44:16] Symbol: XAUUSD
[2026-07-29 05:44:16] Timeframe: H1
[2026-07-29 05:44:16] Candles Received: 10
[2026-07-29 05:44:16] Features Generated: true
[2026-07-29 05:44:16] Research Completed: true
[2026-07-29 05:44:16] Research cycle completed successfully. Result ID: rpt-XAUUSD-b1daf30d
[2026-07-29 05:44:17] Starting research iteration for XAUUSD on H1...
[2026-07-29 05:44:17] MT5 Connected
[2026-07-29 05:44:17] Symbol: XAUUSD
[2026-07-29 05:44:17] Timeframe: H1
[2026-07-29 05:44:17] Candles Received: 10
[2026-07-29 05:44:17] Features Generated: true
[2026-07-29 05:44:17] Research Completed: true
[2026-07-29 05:44:17] Research cycle completed successfully. Result ID: rpt-XAUUSD-8be06875
[2026-07-29 05:44:17] Starting research iteration for XAUUSD on H1...
[2026-07-29 05:44:17] MT5 Connected
[2026-07-29 05:44:17] Symbol: XAUUSD
[2026-07-29 05:44:17] Timeframe: H1
[2026-07-29 05:44:17] Candles Received: 10
[2026-07-29 05:44:17] Features Generated: true
[2026-07-29 05:44:17] Research Completed: true
[2026-07-29 05:44:17] Research cycle completed successfully. Result ID: rpt-XAUUSD-e8966e9a
[2026-07-29 05:44:17] Starting research iteration for XAUUSD on H1...
[2026-07-29 05:44:17] MT5 Connected
[2026-07-29 05:44:17] Symbol: XAUUSD
[2026-07-29 05:44:17] Timeframe: H1
[2026-07-29 05:44:17] Candles Received: 10
[2026-07-29 05:44:17] Features Generated: true
[2026-07-29 05:44:17] Research Completed: true
[2026-07-29 05:44:17] Research cycle completed successfully. Result ID: rpt-XAUUSD-7e0f79bf
[2026-07-29 05:44:19] Starting research iteration for XAUUSD on H1...
[2026-07-29 05:44:19] MT5 Connected
[2026-07-29 05:44:19] Symbol: XAUUSD
[2026-07-29 05:44:19] Timeframe: H1
[2026-07-29 05:44:19] Candles Received: 10
[2026-07-29 05:44:19] Features Generated: true
[2026-07-29 05:44:19] Research Completed: true
[2026-07-29 05:44:19] Research cycle completed successfully. Result ID: rpt-XAUUSD-5866e023
[2026-07-29 05:44:19] Starting research iteration for XAUUSD on H1...
[2026-07-29 05:44:19] MT5 Connected
[2026-07-29 05:44:19] Symbol: XAUUSD
[2026-07-29 05:44:19] Timeframe: H1
[2026-07-29 05:44:19] Candles Received: 10
[2026-07-29 05:44:19] Features Generated: true
[2026-07-29 05:44:19] Research Completed: true
[2026-07-29 05:44:19] Research cycle completed successfully. Result ID: rpt-XAUUSD-e6a390b1
[2026-07-29 05:44:19] Starting research iteration for XAUUSD on H1...
[2026-07-29 05:44:19] MT5 Connected
[2026-07-29 05:44:19] Symbol: XAUUSD
[2026-07-29 05:44:19] Timeframe: H1
[2026-07-29 05:44:19] Candles Received: 10
[2026-07-29 05:44:19] Features Generated: true
[2026-07-29 05:44:19] Research Completed: true
[2026-07-29 05:44:19] Research cycle completed successfully. Result ID: rpt-XAUUSD-1168118e
[2026-07-29 05:44:20] Starting research iteration for XAUUSD on H1...
[2026-07-29 05:44:20] MT5 Connected
[2026-07-29 05:44:20] Symbol: XAUUSD
[2026-07-29 05:44:20] Timeframe: H1
[2026-07-29 05:44:20] Candles Received: 10
[2026-07-29 05:44:20] Features Generated: true
[2026-07-29 05:44:20] Research Completed: true
[2026-07-29 05:44:20] Research cycle completed successfully. Result ID: rpt-XAUUSD-caca6fdf
[2026-07-29 05:44:22] Starting research iteration for XAUUSD on H1...
[2026-07-29 05:44:22] Starting research iteration for XAUUSD on H1...
[2026-07-29 05:44:22] MT5 Connected
[2026-07-29 05:44:22] MT5 Connected
[2026-07-29 05:44:22] Symbol: XAUUSD
[2026-07-29 05:44:22] Symbol: XAUUSD
[2026-07-29 05:44:22] Timeframe: H1
[2026-07-29 05:44:22] Timeframe: H1
[2026-07-29 05:44:22] Candles Received: 10
[2026-07-29 05:44:22] Candles Received: 10
[2026-07-29 05:44:22] Features Generated: true
[2026-07-29 05:44:22] Features Generated: true
[2026-07-29 05:44:22] Research Completed: true
[2026-07-29 05:44:22] Research Completed: true
[2026-07-29 05:44:22] Research cycle completed successfully. Result ID: rpt-XAUUSD-baa786ee
[2026-07-29 05:44:22] Research cycle completed successfully. Result ID: rpt-XAUUSD-b7dffee8
[2026-07-29 05:44:24] Starting research iteration for XAUUSD on H1...
[2026-07-29 05:44:24] MT5 Connected
[2026-07-29 05:44:24] Symbol: XAUUSD
[2026-07-29 05:44:24] Timeframe: H1
[2026-07-29 05:44:24] Candles Received: 10
[2026-07-29 05:44:24] Features Generated: true
[2026-07-29 05:44:24] Research Completed: true
[2026-07-29 05:44:24] Research cycle completed successfully. Result ID: rpt-XAUUSD-0a055c57
[2026-07-29 05:44:24] Starting research iteration for XAUUSD on H1...
[2026-07-29 05:44:24] MT5 Connected
[2026-07-29 05:44:24] Symbol: XAUUSD
[2026-07-29 05:44:24] Timeframe: H1
[2026-07-29 05:44:24] Candles Received: 10
[2026-07-29 05:44:24] Features Generated: true
[2026-07-29 05:44:24] Research Completed: true
[2026-07-29 05:44:24] Research cycle completed successfully. Result ID: rpt-XAUUSD-ea94ea82
[2026-07-29 05:44:25] Starting research iteration for XAUUSD on H1...
[2026-07-29 05:44:25] MT5 Connected
[2026-07-29 05:44:25] Symbol: XAUUSD
[2026-07-29 05:44:25] Timeframe: H1
[2026-07-29 05:44:25] Candles Received: 10
[2026-07-29 05:44:25] Features Generated: true
[2026-07-29 05:44:25] Research Completed: true
[2026-07-29 05:44:25] Research cycle completed successfully. Result ID: rpt-XAUUSD-9971e7f6
[2026-07-29 05:44:25] Starting research iteration for XAUUSD on H1...
[2026-07-29 05:44:25] MT5 Connected
[2026-07-29 05:44:25] Symbol: XAUUSD
[2026-07-29 05:44:25] Timeframe: H1
[2026-07-29 05:44:25] Candles Received: 10
[2026-07-29 05:44:25] Features Generated: true
[2026-07-29 05:44:25] Research Completed: true
[2026-07-29 05:44:25] Research cycle completed successfully. Result ID: rpt-XAUUSD-a5e1be68
[2026-07-29 05:44:26] Starting research iteration for XAUUSD on H1...
[2026-07-29 05:44:26] MT5 Connected
[2026-07-29 05:44:26] Symbol: XAUUSD
[2026-07-29 05:44:26] Timeframe: H1
[2026-07-29 05:44:26] Candles Received: 10
[2026-07-29 05:44:26] Features Generated: true
[2026-07-29 05:44:26] Research Completed: true
[2026-07-29 05:44:26] Research cycle completed successfully. Result ID: rpt-XAUUSD-5fe07c53
[2026-07-29 05:44:27] Starting research iteration for XAUUSD on H1...
[2026-07-29 05:44:27] MT5 Connected
[2026-07-29 05:44:27] Symbol: XAUUSD
[2026-07-29 05:44:27] Timeframe: H1
[2026-07-29 05:44:27] Candles Received: 10
[2026-07-29 05:44:27] Features Generated: true
[2026-07-29 05:44:27] Research Completed: true
[2026-07-29 05:44:27] Research cycle completed successfully. Result ID: rpt-XAUUSD-8cf0ee06
[2026-07-29 05:44:27] Starting research iteration for XAUUSD on H1...
[2026-07-29 05:44:27] MT5 Connected
[2026-07-29 05:44:27] Symbol: XAUUSD
[2026-07-29 05:44:27] Timeframe: H1
[2026-07-29 05:44:27] Candles Received: 10
[2026-07-29 05:44:27] Features Generated: true
[2026-07-29 05:44:27] Research Completed: true
[2026-07-29 05:44:27] Research cycle completed successfully. Result ID: rpt-XAUUSD-d2442a4a
[2026-07-29 05:44:28] Starting research iteration for XAUUSD on H1...
[2026-07-29 05:44:28] MT5 Connected
[2026-07-29 05:44:28] Symbol: XAUUSD
[2026-07-29 05:44:28] Timeframe: H1
[2026-07-29 05:44:28] Candles Received: 10
[2026-07-29 05:44:28] Features Generated: true
[2026-07-29 05:44:28] Research Completed: true
[2026-07-29 05:44:28] Research cycle completed successfully. Result ID: rpt-XAUUSD-337b7b7a
[2026-07-29 05:44:29] Starting research iteration for XAUUSD on H1...
[2026-07-29 05:44:29] MT5 Connected
[2026-07-29 05:44:29] Symbol: XAUUSD
[2026-07-29 05:44:29] Timeframe: H1
[2026-07-29 05:44:29] Candles Received: 10
[2026-07-29 05:44:29] Features Generated: true
[2026-07-29 05:44:29] Research Completed: true
[2026-07-29 05:44:29] Research cycle completed successfully. Result ID: rpt-XAUUSD-9db0a6ed
[2026-07-29 05:44:31] Starting research iteration for XAUUSD on H1...
[2026-07-29 05:44:31] MT5 Connected
[2026-07-29 05:44:31] Symbol: XAUUSD
[2026-07-29 05:44:31] Timeframe: H1
[2026-07-29 05:44:31] Candles Received: 10
[2026-07-29 05:44:31] Features Generated: true
[2026-07-29 05:44:31] Research Completed: true
[2026-07-29 05:44:31] Research cycle completed successfully. Result ID: rpt-XAUUSD-47452650
[2026-07-29 05:44:31] Starting research iteration for XAUUSD on H1...
[2026-07-29 05:44:31] MT5 Connected
[2026-07-29 05:44:31] Symbol: XAUUSD
[2026-07-29 05:44:31] Timeframe: H1
[2026-07-29 05:44:31] Candles Received: 10
[2026-07-29 05:44:31] Features Generated: true
[2026-07-29 05:44:31] Research Completed: true
[2026-07-29 05:44:31] Research cycle completed successfully. Result ID: rpt-XAUUSD-59bea5a7
[2026-07-29 05:44:32] Starting research iteration for XAUUSD on H1...
[2026-07-29 05:44:32] MT5 Connected
[2026-07-29 05:44:32] Symbol: XAUUSD
[2026-07-29 05:44:32] Timeframe: H1
[2026-07-29 05:44:32] Candles Received: 10
[2026-07-29 05:44:32] Features Generated: true
[2026-07-29 05:44:32] Research Completed: true
[2026-07-29 05:44:32] Research cycle completed successfully. Result ID: rpt-XAUUSD-51b9f37a
[2026-07-29 05:44:32] Starting research iteration for XAUUSD on H1...
[2026-07-29 05:44:32] MT5 Connected
[2026-07-29 05:44:32] Symbol: XAUUSD
[2026-07-29 05:44:32] Timeframe: H1
[2026-07-29 05:44:32] Candles Received: 10
[2026-07-29 05:44:32] Features Generated: true
[2026-07-29 05:44:32] Research Completed: true
[2026-07-29 05:44:32] Research cycle completed successfully. Result ID: rpt-XAUUSD-56579009
[2026-07-29 05:44:32] Starting research iteration for XAUUSD on H1...
[2026-07-29 05:44:32] MT5 Connected
[2026-07-29 05:44:32] Symbol: XAUUSD
[2026-07-29 05:44:32] Timeframe: H1
[2026-07-29 05:44:32] Candles Received: 10
[2026-07-29 05:44:32] Features Generated: true
[2026-07-29 05:44:32] Research Completed: true
[2026-07-29 05:44:32] Research cycle completed successfully. Result ID: rpt-XAUUSD-b53624ed
[2026-07-29 05:44:34] Starting research iteration for XAUUSD on H1...
[2026-07-29 05:44:34] MT5 Connected
[2026-07-29 05:44:34] Symbol: XAUUSD
[2026-07-29 05:44:34] Timeframe: H1
[2026-07-29 05:44:34] Candles Received: 10
[2026-07-29 05:44:34] Features Generated: true
[2026-07-29 05:44:34] Research Completed: true
[2026-07-29 05:44:34] Research cycle completed successfully. Result ID: rpt-XAUUSD-c1e378de
[2026-07-29 05:44:34] Starting research iteration for XAUUSD on H1...
[2026-07-29 05:44:34] MT5 Connected
[2026-07-29 05:44:34] Symbol: XAUUSD
[2026-07-29 05:44:34] Timeframe: H1
[2026-07-29 05:44:34] Candles Received: 10
[2026-07-29 05:44:34] Features Generated: true
[2026-07-29 05:44:34] Research Completed: true
[2026-07-29 05:44:34] Research cycle completed successfully. Result ID: rpt-XAUUSD-4d5752bd
[2026-07-29 05:44:35] Starting research iteration for XAUUSD on H1...
[2026-07-29 05:44:35] MT5 Connected
[2026-07-29 05:44:35] Symbol: XAUUSD
[2026-07-29 05:44:35] Timeframe: H1
[2026-07-29 05:44:35] Candles Received: 10
[2026-07-29 05:44:35] Features Generated: true
[2026-07-29 05:44:35] Research Completed: true
[2026-07-29 05:44:35] Research cycle completed successfully. Result ID: rpt-XAUUSD-b5e855ec
[2026-07-29 05:44:37] Starting research iteration for XAUUSD on H1...
[2026-07-29 05:44:37] Starting research iteration for XAUUSD on H1...
[2026-07-29 05:44:37] MT5 Connected
[2026-07-29 05:44:37] MT5 Connected
[2026-07-29 05:44:37] Symbol: XAUUSD
[2026-07-29 05:44:37] Symbol: XAUUSD
[2026-07-29 05:44:37] Timeframe: H1
[2026-07-29 05:44:37] Timeframe: H1
[2026-07-29 05:44:37] Candles Received: 10
[2026-07-29 05:44:37] Candles Received: 10
[2026-07-29 05:44:37] Features Generated: true
[2026-07-29 05:44:37] Research Completed: true
[2026-07-29 05:44:37] Research cycle completed successfully. Result ID: rpt-XAUUSD-031158dd
[2026-07-29 05:44:37] Features Generated: true
[2026-07-29 05:44:37] Research Completed: true
[2026-07-29 05:44:37] Research cycle completed successfully. Result ID: rpt-XAUUSD-5d40b174
[2026-07-29 05:44:38] Starting research iteration for XAUUSD on H1...
[2026-07-29 05:44:38] MT5 Connected
[2026-07-29 05:44:38] Symbol: XAUUSD
[2026-07-29 05:44:38] Timeframe: H1
[2026-07-29 05:44:38] Candles Received: 10
[2026-07-29 05:44:38] Features Generated: true
[2026-07-29 05:44:38] Research Completed: true
[2026-07-29 05:44:38] Research cycle completed successfully. Result ID: rpt-XAUUSD-594b3f43
[2026-07-29 05:44:39] Starting research iteration for XAUUSD on H1...
[2026-07-29 05:44:39] MT5 Connected
[2026-07-29 05:44:39] Symbol: XAUUSD
[2026-07-29 05:44:39] Timeframe: H1
[2026-07-29 05:44:39] Candles Received: 10
[2026-07-29 05:44:39] Features Generated: true
[2026-07-29 05:44:39] Research Completed: true
[2026-07-29 05:44:39] Research cycle completed successfully. Result ID: rpt-XAUUSD-cfccf43f
[2026-07-29 05:44:40] Starting research iteration for XAUUSD on H1...
[2026-07-29 05:44:40] MT5 Connected
[2026-07-29 05:44:40] Symbol: XAUUSD
[2026-07-29 05:44:40] Timeframe: H1
[2026-07-29 05:44:40] Candles Received: 10
[2026-07-29 05:44:40] Features Generated: true
[2026-07-29 05:44:40] Research Completed: true
[2026-07-29 05:44:40] Research cycle completed successfully. Result ID: rpt-XAUUSD-2487f2da
[2026-07-29 05:44:40] Starting research iteration for XAUUSD on H1...
[2026-07-29 05:44:40] MT5 Connected
[2026-07-29 05:44:40] Symbol: XAUUSD
[2026-07-29 05:44:40] Timeframe: H1
[2026-07-29 05:44:40] Candles Received: 10
[2026-07-29 05:44:40] Features Generated: true
[2026-07-29 05:44:40] Research Completed: true
[2026-07-29 05:44:40] Research cycle completed successfully. Result ID: rpt-XAUUSD-fef0a18c
[2026-07-29 05:44:41] Starting research iteration for XAUUSD on H1...
[2026-07-29 05:44:41] MT5 Connected
[2026-07-29 05:44:41] Symbol: XAUUSD
[2026-07-29 05:44:41] Timeframe: H1
[2026-07-29 05:44:41] Candles Received: 10
[2026-07-29 05:44:41] Features Generated: true
[2026-07-29 05:44:41] Research Completed: true
[2026-07-29 05:44:41] Research cycle completed successfully. Result ID: rpt-XAUUSD-1ea4c56c
[2026-07-29 05:44:42] Starting research iteration for XAUUSD on H1...
[2026-07-29 05:44:42] MT5 Connected
[2026-07-29 05:44:42] Symbol: XAUUSD
[2026-07-29 05:44:42] Timeframe: H1
[2026-07-29 05:44:42] Candles Received: 10
[2026-07-29 05:44:42] Features Generated: true
[2026-07-29 05:44:42] Research Completed: true
[2026-07-29 05:44:42] Research cycle completed successfully. Result ID: rpt-XAUUSD-ceed46f8
[2026-07-29 05:44:42] Starting research iteration for XAUUSD on H1...
[2026-07-29 05:44:42] MT5 Connected
[2026-07-29 05:44:42] Symbol: XAUUSD
[2026-07-29 05:44:42] Timeframe: H1
[2026-07-29 05:44:42] Candles Received: 10
[2026-07-29 05:44:42] Features Generated: true
[2026-07-29 05:44:42] Research Completed: true
[2026-07-29 05:44:42] Research cycle completed successfully. Result ID: rpt-XAUUSD-256c7ad9
[2026-07-29 05:44:43] Starting research iteration for XAUUSD on H1...
[2026-07-29 05:44:43] MT5 Connected
[2026-07-29 05:44:43] Symbol: XAUUSD
[2026-07-29 05:44:43] Timeframe: H1
[2026-07-29 05:44:43] Candles Received: 10
[2026-07-29 05:44:43] Features Generated: true
[2026-07-29 05:44:43] Research Completed: true
[2026-07-29 05:44:43] Research cycle completed successfully. Result ID: rpt-XAUUSD-676c9a1e
[2026-07-29 05:44:44] Starting research iteration for XAUUSD on H1...
[2026-07-29 05:44:44] MT5 Connected
[2026-07-29 05:44:44] Symbol: XAUUSD
[2026-07-29 05:44:44] Timeframe: H1
[2026-07-29 05:44:44] Candles Received: 10
[2026-07-29 05:44:44] Features Generated: true
[2026-07-29 05:44:44] Research Completed: true
[2026-07-29 05:44:44] Research cycle completed successfully. Result ID: rpt-XAUUSD-fdfebc96
[2026-07-29 05:44:46] Starting research iteration for XAUUSD on H1...
[2026-07-29 05:44:46] MT5 Connected
[2026-07-29 05:44:46] Symbol: XAUUSD
[2026-07-29 05:44:46] Timeframe: H1
[2026-07-29 05:44:46] Candles Received: 10
[2026-07-29 05:44:46] Features Generated: true
[2026-07-29 05:44:46] Research Completed: true
[2026-07-29 05:44:46] Research cycle completed successfully. Result ID: rpt-XAUUSD-60d4adfc
[2026-07-29 05:44:46] Starting research iteration for XAUUSD on H1...
[2026-07-29 05:44:46] MT5 Connected
[2026-07-29 05:44:46] Symbol: XAUUSD
[2026-07-29 05:44:46] Timeframe: H1
[2026-07-29 05:44:46] Candles Received: 10
[2026-07-29 05:44:46] Features Generated: true
[2026-07-29 05:44:46] Research Completed: true
[2026-07-29 05:44:46] Research cycle completed successfully. Result ID: rpt-XAUUSD-18d1ed44
[2026-07-29 05:44:47] Starting research iteration for XAUUSD on H1...
[2026-07-29 05:44:47] MT5 Connected
[2026-07-29 05:44:47] Symbol: XAUUSD
[2026-07-29 05:44:47] Timeframe: H1
[2026-07-29 05:44:47] Candles Received: 10
[2026-07-29 05:44:47] Features Generated: true
[2026-07-29 05:44:47] Research Completed: true
[2026-07-29 05:44:47] Research cycle completed successfully. Result ID: rpt-XAUUSD-4045094c
[2026-07-29 05:44:47] Starting research iteration for XAUUSD on H1...
[2026-07-29 05:44:47] MT5 Connected
[2026-07-29 05:44:47] Symbol: XAUUSD
[2026-07-29 05:44:47] Timeframe: H1
[2026-07-29 05:44:47] Candles Received: 10
[2026-07-29 05:44:47] Features Generated: true
[2026-07-29 05:44:47] Research Completed: true
[2026-07-29 05:44:47] Research cycle completed successfully. Result ID: rpt-XAUUSD-162ae94c
[2026-07-29 05:44:47] Starting research iteration for XAUUSD on H1...
[2026-07-29 05:44:47] MT5 Connected
[2026-07-29 05:44:47] Symbol: XAUUSD
[2026-07-29 05:44:47] Timeframe: H1
[2026-07-29 05:44:47] Candles Received: 10
[2026-07-29 05:44:47] Features Generated: true
[2026-07-29 05:44:47] Research Completed: true
[2026-07-29 05:44:47] Research cycle completed successfully. Result ID: rpt-XAUUSD-5ab352d0
[2026-07-29 05:44:47] Starting research iteration for XAUUSD on H1...
[2026-07-29 05:44:47] MT5 Connected
[2026-07-29 05:44:47] Symbol: XAUUSD
[2026-07-29 05:44:47] Timeframe: H1
[2026-07-29 05:44:47] Candles Received: 10
[2026-07-29 05:44:47] Features Generated: true
[2026-07-29 05:44:47] Research Completed: true
[2026-07-29 05:44:47] Research cycle completed successfully. Result ID: rpt-XAUUSD-5b07135b
[2026-07-29 05:44:49] Starting research iteration for XAUUSD on H1...
[2026-07-29 05:44:49] MT5 Connected
[2026-07-29 05:44:49] Symbol: XAUUSD
[2026-07-29 05:44:49] Timeframe: H1
[2026-07-29 05:44:49] Candles Received: 10
[2026-07-29 05:44:49] Features Generated: true
[2026-07-29 05:44:49] Research Completed: true
[2026-07-29 05:44:49] Research cycle completed successfully. Result ID: rpt-XAUUSD-b1adb82b
[2026-07-29 05:44:49] Starting research iteration for XAUUSD on H1...
[2026-07-29 05:44:49] MT5 Connected
[2026-07-29 05:44:49] Symbol: XAUUSD
[2026-07-29 05:44:49] Timeframe: H1
[2026-07-29 05:44:49] Candles Received: 10
[2026-07-29 05:44:49] Features Generated: true
[2026-07-29 05:44:49] Research Completed: true
[2026-07-29 05:44:49] Research cycle completed successfully. Result ID: rpt-XAUUSD-9651529d
[2026-07-29 05:44:50] Starting research iteration for XAUUSD on H1...
[2026-07-29 05:44:50] MT5 Connected
[2026-07-29 05:44:50] Symbol: XAUUSD
[2026-07-29 05:44:50] Timeframe: H1
[2026-07-29 05:44:50] Candles Received: 10
[2026-07-29 05:44:50] Features Generated: true
[2026-07-29 05:44:50] Research Completed: true
[2026-07-29 05:44:50] Research cycle completed successfully. Result ID: rpt-XAUUSD-8293ffaf
[2026-07-29 05:44:50] Starting research iteration for XAUUSD on H1...
[2026-07-29 05:44:50] MT5 Connected
[2026-07-29 05:44:50] Symbol: XAUUSD
[2026-07-29 05:44:50] Timeframe: H1
[2026-07-29 05:44:50] Candles Received: 10
[2026-07-29 05:44:50] Features Generated: true
[2026-07-29 05:44:50] Research Completed: true
[2026-07-29 05:44:50] Research cycle completed successfully. Result ID: rpt-XAUUSD-59c48ded
[2026-07-29 05:44:52] Starting research iteration for XAUUSD on H1...
[2026-07-29 05:44:52] MT5 Connected
[2026-07-29 05:44:52] Symbol: XAUUSD
[2026-07-29 05:44:52] Timeframe: H1
[2026-07-29 05:44:52] Candles Received: 10
[2026-07-29 05:44:52] Features Generated: true
[2026-07-29 05:44:52] Research Completed: true
[2026-07-29 05:44:52] Research cycle completed successfully. Result ID: rpt-XAUUSD-8e45366e
[2026-07-29 05:44:52] Starting research iteration for XAUUSD on H1...
[2026-07-29 05:44:52] MT5 Connected
[2026-07-29 05:44:52] Symbol: XAUUSD
[2026-07-29 05:44:52] Timeframe: H1
[2026-07-29 05:44:52] Candles Received: 10
[2026-07-29 05:44:52] Features Generated: true
[2026-07-29 05:44:52] Research Completed: true
[2026-07-29 05:44:52] Research cycle completed successfully. Result ID: rpt-XAUUSD-add52907
[2026-07-29 05:44:53] Starting research iteration for XAUUSD on H1...
[2026-07-29 05:44:53] MT5 Connected
[2026-07-29 05:44:53] Symbol: XAUUSD
[2026-07-29 05:44:53] Timeframe: H1
[2026-07-29 05:44:53] Candles Received: 10
[2026-07-29 05:44:53] Features Generated: true
[2026-07-29 05:44:53] Research Completed: true
[2026-07-29 05:44:53] Research cycle completed successfully. Result ID: rpt-XAUUSD-5e9f2e49
[2026-07-29 05:44:54] Starting research iteration for XAUUSD on H1...
[2026-07-29 05:44:54] MT5 Connected
[2026-07-29 05:44:54] Symbol: XAUUSD
[2026-07-29 05:44:54] Timeframe: H1
[2026-07-29 05:44:54] Candles Received: 10
[2026-07-29 05:44:54] Features Generated: true
[2026-07-29 05:44:54] Research Completed: true
[2026-07-29 05:44:54] Research cycle completed successfully. Result ID: rpt-XAUUSD-bfa348b6
[2026-07-29 05:44:55] Starting research iteration for XAUUSD on H1...
[2026-07-29 05:44:55] MT5 Connected
[2026-07-29 05:44:55] Symbol: XAUUSD
[2026-07-29 05:44:55] Timeframe: H1
[2026-07-29 05:44:55] Candles Received: 10
[2026-07-29 05:44:55] Features Generated: true
[2026-07-29 05:44:55] Research Completed: true
[2026-07-29 05:44:55] Research cycle completed successfully. Result ID: rpt-XAUUSD-de992ba8
[2026-07-29 05:44:55] Starting research iteration for XAUUSD on H1...
[2026-07-29 05:44:55] MT5 Connected
[2026-07-29 05:44:55] Symbol: XAUUSD
[2026-07-29 05:44:55] Timeframe: H1
[2026-07-29 05:44:55] Candles Received: 10
[2026-07-29 05:44:55] Features Generated: true
[2026-07-29 05:44:55] Research Completed: true
[2026-07-29 05:44:55] Research cycle completed successfully. Result ID: rpt-XAUUSD-1d18b56c
[2026-07-29 05:44:56] Starting research iteration for XAUUSD on H1...
[2026-07-29 05:44:56] MT5 Connected
[2026-07-29 05:44:56] Symbol: XAUUSD
[2026-07-29 05:44:56] Timeframe: H1
[2026-07-29 05:44:56] Candles Received: 10
[2026-07-29 05:44:56] Features Generated: true
[2026-07-29 05:44:56] Research Completed: true
[2026-07-29 05:44:56] Research cycle completed successfully. Result ID: rpt-XAUUSD-d3c90169
[2026-07-29 05:44:57] Starting research iteration for XAUUSD on H1...
[2026-07-29 05:44:57] MT5 Connected
[2026-07-29 05:44:57] Symbol: XAUUSD
[2026-07-29 05:44:57] Timeframe: H1
[2026-07-29 05:44:57] Candles Received: 10
[2026-07-29 05:44:57] Features Generated: true
[2026-07-29 05:44:57] Starting research iteration for XAUUSD on H1...
[2026-07-29 05:44:57] Research Completed: true
[2026-07-29 05:44:57] Research cycle completed successfully. Result ID: rpt-XAUUSD-f74d6a18
[2026-07-29 05:44:57] MT5 Connected
[2026-07-29 05:44:57] Symbol: XAUUSD
[2026-07-29 05:44:57] Timeframe: H1
[2026-07-29 05:44:57] Candles Received: 10
[2026-07-29 05:44:57] Features Generated: true
[2026-07-29 05:44:57] Research Completed: true
[2026-07-29 05:44:57] Research cycle completed successfully. Result ID: rpt-XAUUSD-babb45ac
[2026-07-29 05:44:58] Starting research iteration for XAUUSD on H1...
[2026-07-29 05:44:58] MT5 Connected
[2026-07-29 05:44:58] Symbol: XAUUSD
[2026-07-29 05:44:58] Timeframe: H1
[2026-07-29 05:44:58] Candles Received: 10
[2026-07-29 05:44:58] Features Generated: true
[2026-07-29 05:44:58] Research Completed: true
[2026-07-29 05:44:58] Research cycle completed successfully. Result ID: rpt-XAUUSD-b7e60a5d
[2026-07-29 05:44:59] Starting research iteration for XAUUSD on H1...
[2026-07-29 05:44:59] MT5 Connected
[2026-07-29 05:44:59] Symbol: XAUUSD
[2026-07-29 05:44:59] Timeframe: H1
[2026-07-29 05:44:59] Candles Received: 10
[2026-07-29 05:44:59] Features Generated: true
[2026-07-29 05:44:59] Research Completed: true
[2026-07-29 05:44:59] Research cycle completed successfully. Result ID: rpt-XAUUSD-236cf6d0
[2026-07-29 05:45:01] Starting research iteration for XAUUSD on H1...
[2026-07-29 05:45:01] MT5 Connected
[2026-07-29 05:45:01] Symbol: XAUUSD
[2026-07-29 05:45:01] Timeframe: H1
[2026-07-29 05:45:01] Candles Received: 10
[2026-07-29 05:45:01] Features Generated: true
[2026-07-29 05:45:01] Research Completed: true
[2026-07-29 05:45:01] Research cycle completed successfully. Result ID: rpt-XAUUSD-3429de4f
[2026-07-29 05:45:01] Starting research iteration for XAUUSD on H1...
[2026-07-29 05:45:01] MT5 Connected
[2026-07-29 05:45:01] Symbol: XAUUSD
[2026-07-29 05:45:01] Timeframe: H1
[2026-07-29 05:45:01] Candles Received: 10
[2026-07-29 05:45:01] Features Generated: true
[2026-07-29 05:45:01] Research Completed: true
[2026-07-29 05:45:01] Research cycle completed successfully. Result ID: rpt-XAUUSD-839393c1
[2026-07-29 05:45:02] Starting research iteration for XAUUSD on H1...
[2026-07-29 05:45:02] MT5 Connected
[2026-07-29 05:45:02] Symbol: XAUUSD
[2026-07-29 05:45:02] Timeframe: H1
[2026-07-29 05:45:02] Candles Received: 10
[2026-07-29 05:45:02] Features Generated: true
[2026-07-29 05:45:02] Research Completed: true
[2026-07-29 05:45:02] Research cycle completed successfully. Result ID: rpt-XAUUSD-d667cbff
[2026-07-29 05:45:02] Starting research iteration for XAUUSD on H1...
[2026-07-29 05:45:02] MT5 Connected
[2026-07-29 05:45:02] Symbol: XAUUSD
[2026-07-29 05:45:02] Timeframe: H1
[2026-07-29 05:45:02] Candles Received: 10
[2026-07-29 05:45:02] Features Generated: true
[2026-07-29 05:45:02] Research Completed: true
[2026-07-29 05:45:02] Research cycle completed successfully. Result ID: rpt-XAUUSD-2a6a10da
[2026-07-29 05:45:02] Starting research iteration for XAUUSD on H1...
[2026-07-29 05:45:02] MT5 Connected
[2026-07-29 05:45:02] Symbol: XAUUSD
[2026-07-29 05:45:02] Timeframe: H1
[2026-07-29 05:45:02] Candles Received: 10
[2026-07-29 05:45:02] Features Generated: true
[2026-07-29 05:45:02] Research Completed: true
[2026-07-29 05:45:02] Research cycle completed successfully. Result ID: rpt-XAUUSD-6901899a
[2026-07-29 05:45:02] Starting research iteration for XAUUSD on H1...
[2026-07-29 05:45:02] MT5 Connected
[2026-07-29 05:45:02] Symbol: XAUUSD
[2026-07-29 05:45:02] Timeframe: H1
[2026-07-29 05:45:02] Candles Received: 10
[2026-07-29 05:45:02] Features Generated: true
[2026-07-29 05:45:02] Research Completed: true
[2026-07-29 05:45:02] Research cycle completed successfully. Result ID: rpt-XAUUSD-97b9b7b4
[2026-07-29 05:45:04] Starting research iteration for XAUUSD on H1...
[2026-07-29 05:45:04] MT5 Connected
[2026-07-29 05:45:04] Symbol: XAUUSD
[2026-07-29 05:45:04] Timeframe: H1
[2026-07-29 05:45:04] Candles Received: 10
[2026-07-29 05:45:04] Features Generated: true
[2026-07-29 05:45:04] Research Completed: true
[2026-07-29 05:45:04] Research cycle completed successfully. Result ID: rpt-XAUUSD-bbcb694c
[2026-07-29 05:45:04] Starting research iteration for XAUUSD on H1...
[2026-07-29 05:45:04] MT5 Connected
[2026-07-29 05:45:04] Symbol: XAUUSD
[2026-07-29 05:45:04] Timeframe: H1
[2026-07-29 05:45:04] Candles Received: 10
[2026-07-29 05:45:04] Features Generated: true
[2026-07-29 05:45:04] Research Completed: true
[2026-07-29 05:45:04] Research cycle completed successfully. Result ID: rpt-XAUUSD-04018f6d
[2026-07-29 05:45:05] Starting research iteration for XAUUSD on H1...
[2026-07-29 05:45:05] MT5 Connected
[2026-07-29 05:45:05] Symbol: XAUUSD
[2026-07-29 05:45:05] Timeframe: H1
[2026-07-29 05:45:05] Candles Received: 10
[2026-07-29 05:45:05] Features Generated: true
[2026-07-29 05:45:05] Research Completed: true
[2026-07-29 05:45:05] Research cycle completed successfully. Result ID: rpt-XAUUSD-5a65f7dd
[2026-07-29 05:45:07] Starting research iteration for XAUUSD on H1...
[2026-07-29 05:45:07] MT5 Connected
[2026-07-29 05:45:07] Symbol: XAUUSD
[2026-07-29 05:45:07] Timeframe: H1
[2026-07-29 05:45:07] Candles Received: 10
[2026-07-29 05:45:07] Features Generated: true
[2026-07-29 05:45:07] Research Completed: true
[2026-07-29 05:45:07] Research cycle completed successfully. Result ID: rpt-XAUUSD-f362aedb
[2026-07-29 05:45:07] Starting research iteration for XAUUSD on H1...
[2026-07-29 05:45:07] MT5 Connected
[2026-07-29 05:45:07] Symbol: XAUUSD
[2026-07-29 05:45:07] Timeframe: H1
[2026-07-29 05:45:07] Candles Received: 10
[2026-07-29 05:45:07] Features Generated: true
[2026-07-29 05:45:07] Research Completed: true
[2026-07-29 05:45:07] Research cycle completed successfully. Result ID: rpt-XAUUSD-848ea47c
[2026-07-29 05:45:07] Starting research iteration for XAUUSD on H1...
[2026-07-29 05:45:07] MT5 Connected
[2026-07-29 05:45:07] Symbol: XAUUSD
[2026-07-29 05:45:07] Timeframe: H1
[2026-07-29 05:45:07] Candles Received: 10
[2026-07-29 05:45:07] Features Generated: true
[2026-07-29 05:45:07] Research Completed: true
[2026-07-29 05:45:07] Research cycle completed successfully. Result ID: rpt-XAUUSD-f21e313c
[2026-07-29 05:45:08] Starting research iteration for XAUUSD on H1...
[2026-07-29 05:45:08] MT5 Connected
[2026-07-29 05:45:08] Symbol: XAUUSD
[2026-07-29 05:45:08] Timeframe: H1
[2026-07-29 05:45:08] Candles Received: 10
[2026-07-29 05:45:08] Features Generated: true
[2026-07-29 05:45:08] Research Completed: true
[2026-07-29 05:45:08] Research cycle completed successfully. Result ID: rpt-XAUUSD-9fb7c6fa
[2026-07-29 05:45:09] Starting research iteration for XAUUSD on H1...
[2026-07-29 05:45:09] MT5 Connected
[2026-07-29 05:45:09] Symbol: XAUUSD
[2026-07-29 05:45:09] Timeframe: H1
[2026-07-29 05:45:09] Candles Received: 10
[2026-07-29 05:45:09] Features Generated: true
[2026-07-29 05:45:09] Research Completed: true
[2026-07-29 05:45:09] Research cycle completed successfully. Result ID: rpt-XAUUSD-1eccb8ba
[2026-07-29 05:45:10] Starting research iteration for XAUUSD on H1...
[2026-07-29 05:45:10] MT5 Connected
[2026-07-29 05:45:10] Symbol: XAUUSD
[2026-07-29 05:45:10] Timeframe: H1
[2026-07-29 05:45:10] Candles Received: 10
[2026-07-29 05:45:10] Features Generated: true
[2026-07-29 05:45:10] Research Completed: true
[2026-07-29 05:45:10] Research cycle completed successfully. Result ID: rpt-XAUUSD-f36a972a
[2026-07-29 05:45:10] Starting research iteration for XAUUSD on H1...
[2026-07-29 05:45:10] MT5 Connected
[2026-07-29 05:45:10] Symbol: XAUUSD
[2026-07-29 05:45:10] Timeframe: H1
[2026-07-29 05:45:10] Candles Received: 10
[2026-07-29 05:45:10] Features Generated: true
[2026-07-29 05:45:10] Research Completed: true
[2026-07-29 05:45:10] Research cycle completed successfully. Result ID: rpt-XAUUSD-8b466f43
[2026-07-29 05:45:11] Starting research iteration for XAUUSD on H1...
[2026-07-29 05:45:11] MT5 Connected
[2026-07-29 05:45:11] Symbol: XAUUSD
[2026-07-29 05:45:11] Timeframe: H1
[2026-07-29 05:45:11] Candles Received: 10
[2026-07-29 05:45:11] Features Generated: true
[2026-07-29 05:45:11] Research Completed: true
[2026-07-29 05:45:11] Research cycle completed successfully. Result ID: rpt-XAUUSD-e1bb670b
[2026-07-29 05:45:12] Starting research iteration for XAUUSD on H1...
[2026-07-29 05:45:12] MT5 Connected
[2026-07-29 05:45:12] Symbol: XAUUSD
[2026-07-29 05:45:12] Timeframe: H1
[2026-07-29 05:45:12] Candles Received: 10
[2026-07-29 05:45:12] Features Generated: true
[2026-07-29 05:45:12] Research Completed: true
[2026-07-29 05:45:12] Research cycle completed successfully. Result ID: rpt-XAUUSD-846d287e
[2026-07-29 05:45:12] Starting research iteration for XAUUSD on H1...
[2026-07-29 05:45:12] MT5 Connected
[2026-07-29 05:45:12] Symbol: XAUUSD
[2026-07-29 05:45:12] Timeframe: H1
[2026-07-29 05:45:12] Candles Received: 10
[2026-07-29 05:45:12] Features Generated: true
[2026-07-29 05:45:12] Research Completed: true
[2026-07-29 05:45:12] Research cycle completed successfully. Result ID: rpt-XAUUSD-8c3f3319
[2026-07-29 05:45:13] Starting research iteration for XAUUSD on H1...
[2026-07-29 05:45:13] MT5 Connected
[2026-07-29 05:45:13] Symbol: XAUUSD
[2026-07-29 05:45:13] Timeframe: H1
[2026-07-29 05:45:13] Candles Received: 10
[2026-07-29 05:45:13] Features Generated: true
[2026-07-29 05:45:13] Research Completed: true
[2026-07-29 05:45:13] Research cycle completed successfully. Result ID: rpt-XAUUSD-52be9201
[2026-07-29 05:45:14] Starting research iteration for XAUUSD on H1...
[2026-07-29 05:45:14] MT5 Connected
[2026-07-29 05:45:14] Symbol: XAUUSD
[2026-07-29 05:45:14] Timeframe: H1
[2026-07-29 05:45:14] Candles Received: 10
[2026-07-29 05:45:14] Features Generated: true
[2026-07-29 05:45:14] Research Completed: true
[2026-07-29 05:45:14] Research cycle completed successfully. Result ID: rpt-XAUUSD-ea54c48c
[2026-07-29 05:45:16] Starting research iteration for XAUUSD on H1...
[2026-07-29 05:45:16] MT5 Connected
[2026-07-29 05:45:16] Symbol: XAUUSD
[2026-07-29 05:45:16] Timeframe: H1
[2026-07-29 05:45:16] Candles Received: 10
[2026-07-29 05:45:16] Features Generated: true
[2026-07-29 05:45:16] Research Completed: true
[2026-07-29 05:45:16] Research cycle completed successfully. Result ID: rpt-XAUUSD-3c67ea05
[2026-07-29 05:45:17] Starting research iteration for XAUUSD on H1...
[2026-07-29 05:45:17] MT5 Connected
[2026-07-29 05:45:17] Symbol: XAUUSD
[2026-07-29 05:45:17] Timeframe: H1
[2026-07-29 05:45:17] Candles Received: 10
[2026-07-29 05:45:17] Features Generated: true
[2026-07-29 05:45:17] Research Completed: true
[2026-07-29 05:45:17] Research cycle completed successfully. Result ID: rpt-XAUUSD-61783103
[2026-07-29 05:45:17] Starting research iteration for XAUUSD on H1...
[2026-07-29 05:45:17] MT5 Connected
[2026-07-29 05:45:17] Symbol: XAUUSD
[2026-07-29 05:45:17] Timeframe: H1
[2026-07-29 05:45:17] Candles Received: 10
[2026-07-29 05:45:17] Features Generated: true
[2026-07-29 05:45:17] Research Completed: true
[2026-07-29 05:45:17] Research cycle completed successfully. Result ID: rpt-XAUUSD-76cbbd29
[2026-07-29 05:45:17] Starting research iteration for XAUUSD on H1...
[2026-07-29 05:45:17] MT5 Connected
[2026-07-29 05:45:17] Symbol: XAUUSD
[2026-07-29 05:45:17] Timeframe: H1
[2026-07-29 05:45:17] Candles Received: 10
[2026-07-29 05:45:17] Features Generated: true
[2026-07-29 05:45:17] Research Completed: true
[2026-07-29 05:45:17] Research cycle completed successfully. Result ID: rpt-XAUUSD-45fb080e
[2026-07-29 05:45:17] Starting research iteration for XAUUSD on H1...
[2026-07-29 05:45:17] MT5 Connected
[2026-07-29 05:45:17] Symbol: XAUUSD
[2026-07-29 05:45:17] Timeframe: H1
[2026-07-29 05:45:17] Candles Received: 10
[2026-07-29 05:45:17] Features Generated: true
[2026-07-29 05:45:17] Research Completed: true
[2026-07-29 05:45:17] Research cycle completed successfully. Result ID: rpt-XAUUSD-0d5ccd88
[2026-07-29 05:45:19] Starting research iteration for XAUUSD on H1...
[2026-07-29 05:45:19] MT5 Connected
[2026-07-29 05:45:19] Symbol: XAUUSD
[2026-07-29 05:45:19] Timeframe: H1
[2026-07-29 05:45:19] Candles Received: 10
[2026-07-29 05:45:19] Features Generated: true
[2026-07-29 05:45:19] Research Completed: true
[2026-07-29 05:45:19] Research cycle completed successfully. Result ID: rpt-XAUUSD-dde0ddb0
[2026-07-29 05:45:20] Starting research iteration for XAUUSD on H1...
[2026-07-29 05:45:20] MT5 Connected
[2026-07-29 05:45:20] Symbol: XAUUSD
[2026-07-29 05:45:20] Timeframe: H1
[2026-07-29 05:45:20] Candles Received: 10
[2026-07-29 05:45:20] Features Generated: true
[2026-07-29 05:45:20] Research Completed: true
[2026-07-29 05:45:20] Research cycle completed successfully. Result ID: rpt-XAUUSD-0d09370c
[2026-07-29 05:45:22] Starting research iteration for XAUUSD on H1...
[2026-07-29 05:45:22] MT5 Connected
[2026-07-29 05:45:22] Symbol: XAUUSD
[2026-07-29 05:45:22] Timeframe: H1
[2026-07-29 05:45:22] Candles Received: 10
[2026-07-29 05:45:22] Features Generated: true
[2026-07-29 05:45:22] Research Completed: true
[2026-07-29 05:45:22] Research cycle completed successfully. Result ID: rpt-XAUUSD-302d44f3
[2026-07-29 05:45:22] Starting research iteration for XAUUSD on H1...
[2026-07-29 05:45:22] MT5 Connected
[2026-07-29 05:45:22] Symbol: XAUUSD
[2026-07-29 05:45:22] Timeframe: H1
[2026-07-29 05:45:22] Candles Received: 10
[2026-07-29 05:45:22] Features Generated: true
[2026-07-29 05:45:22] Research Completed: true
[2026-07-29 05:45:22] Research cycle completed successfully. Result ID: rpt-XAUUSD-b00cb7af
[2026-07-29 05:45:22] Starting research iteration for XAUUSD on H1...
[2026-07-29 05:45:22] MT5 Connected
[2026-07-29 05:45:22] Symbol: XAUUSD
[2026-07-29 05:45:22] Timeframe: H1
[2026-07-29 05:45:22] Candles Received: 10
[2026-07-29 05:45:22] Features Generated: true
[2026-07-29 05:45:22] Research Completed: true
[2026-07-29 05:45:22] Research cycle completed successfully. Result ID: rpt-XAUUSD-403cbe7d
[2026-07-29 05:45:23] Starting research iteration for XAUUSD on H1...
[2026-07-29 05:45:23] MT5 Connected
[2026-07-29 05:45:23] Symbol: XAUUSD
[2026-07-29 05:45:23] Timeframe: H1
[2026-07-29 05:45:23] Candles Received: 10
[2026-07-29 05:45:23] Features Generated: true
[2026-07-29 05:45:23] Research Completed: true
[2026-07-29 05:45:23] Research cycle completed successfully. Result ID: rpt-XAUUSD-8319451d
[2026-07-29 05:45:24] Starting research iteration for XAUUSD on H1...
[2026-07-29 05:45:24] MT5 Connected
[2026-07-29 05:45:24] Symbol: XAUUSD
[2026-07-29 05:45:24] Timeframe: H1
[2026-07-29 05:45:24] Candles Received: 10
[2026-07-29 05:45:24] Features Generated: true
[2026-07-29 05:45:24] Research Completed: true
[2026-07-29 05:45:24] Research cycle completed successfully. Result ID: rpt-XAUUSD-8562d615
[2026-07-29 05:45:25] Starting research iteration for XAUUSD on H1...
[2026-07-29 05:45:25] MT5 Connected
[2026-07-29 05:45:25] Symbol: XAUUSD
[2026-07-29 05:45:25] Timeframe: H1
[2026-07-29 05:45:25] Candles Received: 10
[2026-07-29 05:45:25] Features Generated: true
[2026-07-29 05:45:25] Research Completed: true
[2026-07-29 05:45:25] Research cycle completed successfully. Result ID: rpt-XAUUSD-fcc23f75
[2026-07-29 05:45:25] Starting research iteration for XAUUSD on H1...
[2026-07-29 05:45:25] MT5 Connected
[2026-07-29 05:45:25] Symbol: XAUUSD
[2026-07-29 05:45:25] Timeframe: H1
[2026-07-29 05:45:25] Candles Received: 10
[2026-07-29 05:45:25] Features Generated: true
[2026-07-29 05:45:25] Research Completed: true
[2026-07-29 05:45:25] Research cycle completed successfully. Result ID: rpt-XAUUSD-6ad72b14
